chunk_id,register,year,canon_url,heading,text,label
4dfb47372c74bbe9,worker,2024,,Response to WP Engine’s Lawsuit,"Automattic invested in WP Engine ~13 years ago. I don&#x27;t know if they still own the shares though.<p><a href=""https:&#x2F;&#x2F;techcrunch.com&#x2F;2011&#x2F;11&#x2F;15&#x2F;silverton-automattic-put-1-2m-into-wordpress-hosting-and-security-service-wp-engine&#x2F;"" rel=""nofollow"">https:&#x2F;&#x2F;techcrunch.com&#x2F;2011&#x2F;11&#x2F;15&#x2F;silverton-automattic-put-1...</a>",on_topic
73551ef182925291,firm,2010,wordpressfoundation.org/trademark-policy,WordPress Trademark Usage Policy,"Similarly, it’s OK to use the WordPress logo as part of a page that describes your products or services, but it is not OK to use it as part of your company or product logo or branding itself. Under no circumstances is it permitted to use WordPress as part of a top-level domain name. Please note that it is not the goal of this policy to limit commercial activity around WordPress. We encourage WordPress-based businesses, and hundreds of them are thriving while in compliance with this policy (Automattic, CrowdFavorite, and StudioPress are a few examples). The abbreviation “WP” is not covered by the WordPress trademarks and you are free to use it in any way you see fit. When in doubt about your use of the WordPress name or logo, please contact the Foundation for clarification.",on_topic
9563c8344c3b3606,firm,2014,automattic.com/about,About Us,"Nick Momrik Technical Assistant 43.419470 -83.950807 Blogs: Nick Momrik Nick grew up in northern lower Michigan and currently lives in Saginaw. He worked at the Help Desk and Microlabs at Saginaw Valley State University for 8 years before joining Automattic. Nick has been using WordPress since version 0.72 and vaguely remembers life before plugins and themes. When he’s not doing CrossFit and there isn’t snow on the ground, he can usually be found on a golf course trying to get his first hole-in-one. 43.419470 -83.950807 Caroline Moore Theme Mama 45.941723 -67.830293 Blog: carolinemoore.net A northern Maine native, Caroline has been geeking around with websites since she was 14 and posting moody teenage poetry at Geocities. Not much has changed fifteen years later (except the Geocities and moody poetry parts, thankfully). She graduated in 2005 from the University of Maine, where she continued to work as a web designer and developer before joining Automattic in 2012. When not wrangling themes, she enjoys illustration, photography, writing, and hanging out with her husband, Tim, and their two daughters. 45.941723 -67.830293 Blog: Aschynde Tim is a Maine born and bred writer. At Automattic, he writes code for WordPress.com and Jetpack. At home, he writes fiction, memoirs, and blog posts that sometimes get published. He lives in Northern Maine with his wife and fellow Automattician, Caroline Moore, his two daughters, Ellie and Gwen, and assorted cats and dogs 45.908869 -67.845304 Henrique Mouta VIP Wrangler 38.722252 -9.139337",on_topic
123b587027e595c5,firm,2023,automattic.com/work-with-us,Benefits,"Professional growth, open vacation policy, generous parental leaves, wellness support, sabbaticals , and more.",on_topic
7f208b9748cc9ec7,worker,2018,,How America lost its love for the stick shift,"While technically true, there is not much practical difference.<p>Like on a motorbike I tend to tweak slow speeds with the clutch only and leave the throttle in one position most of the time.<p>With an automatic car since the brakes are not binary and automatic gearboxes have often forward creeping I only tweak the brakes. Helps to force the gearbox into 2nd gear as well for even slower creeping.<p>In fact, I think automatic gearboxes reduces traffic jams as fewer parts to think of so less likely to accidentally make a mistake and cause congestion.<p>Wonder how many jams are due to accidental stalling a manual gearbox.<p>Traffic jams without an automatic gearbox is no fun. (or even less fun)",junk
a2a0108cb1f4d641,firm,2026,automattic.com/work-with-us,automattic.com/work-with-us,"This is our standard process; however, the hiring steps may differ by role to ensure we choose candidates who will thrive as Automatticians.",on_topic
ef321c7f2dd3c7f2,worker,2014,,New Funding for Automattic,"<i>It was also only a year ago I said “Automattic is healthy, generating cash, and already growing as fast as it can so there’s no need for the company to raise money directly — we’re not capital constrained.”</i><p><i>I was wrong, but I didn’t realize it until I took on the CEO role in January.</i><p>Find this to be really odd.<p>And it leads into this, which is at odds with the previous statement that they were growing as fast as they can. Did they discover any new avenues for growth that required a whole new raft of capital?<p><i>..and we realized we could invest more into WordPress and our products to grow faster</i><p>I love the company and Matt. Met him briefly in India many moons ago when he was attending a Wordcamp here.",on_topic
4be90cf20c7be573,firm,2012,automattic.com/about,About Us,"Demitrious Kelly Code Ninja 38.027976 -121.884681 Blog: Apokalyptik Demitrious is a self portrayed jester (certainly not jack) of all trades and master of none. Leaving the heat of central California behind him he set out to make a difference in this new age of instant information. And what better place to make a difference than here with us at Automattic, where instant information isn’t just a goal but a way of life? 38.027976 -121.884681 Isaac Keyet Mobile Lead/Designer 57.267408 12.334587 Blog: Isaac Keyet At Automattic, Isaac is determined to make the mobile blogging experience for WordPress better. In the past he co-founded IntenseDebate, a comment plugin that became a part of the Automattic family in October 2008. Isaac derives from Sweden, and participated in the TechStars program class ’07. Spends large portions of his day drinking tea and hanging out in cafés. Likes intelligent people. Has a very diverse music taste. 57.267408 12.334587 Michael Koenig Schmooze Engineer 41.878114 -87.629798 Blog: Inside The Debate , MK Michael has seen “Big Trouble In Little China” more times than anyone ever should. While he wanted to be a kung fu master, he went a less violent route and picked up a bass guitar and set of skis. Originally from Michigan, Michael now lives in Chicago, Illinois by way of Boulder, Colorado where he earned his BA in Philosophy from the University of Colorado. He joined the IntenseDebate crew (a distributed comment system now a part of the Automattic family) in March of 2008, and has since perfected the art of schmoozing kung fu. 41.878114 -87.629798 Daryl Koopersmith Code Wrangler 37.774929 -122.419415",on_topic
e109e291ba011ad6,worker,2018,,Our Approach to Employee Security Training,"In the research this is called &quot;capabilities&quot;, limiting your account, not giving everyone root. Also, there is fraud detection, stuff like automatic alerts when the same credential is used in two places at once, or with unusual access patterns.<p>Obviously it&#x27;s impossible for compromising credentials to have no consequences -- if case, why do you have credentials?",junk
6c883defafb45185,firm,2012,automattic.com/about,About Us,"Blog: Sunsets & Pancakes Widely known for his support of Microsoft products, Anthony doesn’t fit into many social circles anymore. But what he lacks in popularity, we like to think he makes up for in apparent Halo skills, wiffle ball prowess, and undying love for WordPress. A graduate of Temple University, Anthony currently resides in King of Prussia, PA. He hopes someday to move to San Francisco to be with all the other cool people and never deal with seasons again. 40.184269 -75.537964 Jon Burke Ads Lead 37.876329 -122.542771 Blog: alarm:clock Jon manages the advertising programs for Automattic and WordPress.com. He lives just North of the Golden Gate Bridge with his wife and 2 kids. 37.876329 -122.542771 Terry Chay Planet Taker 37.774929 -122.419415 Blog: The Woodwork Terry was born in Pittsburgh. He rants a lot about PHP, but other than that, he’s mostly harmless. 37.774929 -122.419415 Brian Colinger Code Wrangler 36.188136 -94.540496 Blog: Colinger.com Brian lived in San Jose, CA for 3.5 years then hightailed it back home to Arkansas after joining Automattic. He works on various WordPress importers and is a VaultPress Safekeeper among other things. 36.188136 -94.540496 Robert Collins Mobile Wrangler 47.820930 -122.315131 Born and raised in the rainy town of Seattle, Washington. Like many Seattleites he drinks too much coffee. When not hacking around on HTML/CSS/JavaScript he may be found exploring the Cascade Mountains or sipping Maker’s Mark. He is a known lover of JavaScript (please don’t judge him). 47.820930 -122.315131 Kevin Conboy Design and UI Engineer 39.580745 -104.877173",on_topic
bdc9b8ac2d7d3235,firm,2014,automattic.com/about,About Us,"Blog: Lantean Jorge lives in the world capital of Tango. After graduating from University in 2006, he’s been developing software products for new technologies, and enjoys playing his guitar once in a while. -34.532950 -58.490906 Matt Perry Code Wrangler 47.606209 -122.332071 Blog: Stkywll Matt is a web developer based in Seattle, Washington. He particularly loves working with WordPress, PHP, JavaScript, and is interested in how WordPress is used in the newsroom and within organizations of all types. Over the past few years he’s been lucky to be able to work with WordPress and other technologies alongside teams of great journalists and political organizers. This work has deepened his love for the web, open source software, and making change with technology. Avocationally, he’s an amateur soccer player, professional soccer fan, dog lover, occasional gardener, fair-weather cyclist and wannabe polymath. 47.606209 -122.332071 Iliya Polihronov Systems Developer 42.697839 23.321670 Iliya is a developer, systems administrator, and systems architect currently living in Sofia, Bulgaria. He strives to understand how things work and to find the best possible solutions. When not reading about the latest and coolest technical solutions, he likes to stay active by lifting weights, running, and playing sports like gymnastics, boxing, and swimming. 42.697839 23.321670 Kathryn Presner Happiness Engineer 45.508670 -73.553992 Blog: kpresner.com Kathryn spends her Montreal summers savoring a daily Vietnamese iced coffee and pondering new ways to prevent a squirrel feeding frenzy in the garden. During the wintertime she mostly hibernates and cuddles with her three demanding felines. She organizes a monthly dinner club that so far has sampled cuisines including Salvadoran, Venezuelan, Argentinian, Indonesian, British-gastropub, Thai-vegetarian, Persian, Egyptian-seafood, Egyptian-brunch, Ethiopian, and Turkish. Her biggest pet peeve on the web is bad restaurant websites. 45.508670 -73.553992 Stephen Quirk Content Engineer 43.677025 -70.371162",on_topic
7a8f27d1d021b36b,worker,2024,,WP Engine sent “cease and desist” letter to Automattic,"I love it! WP Engine showed its true colors. I also agree with Automattic, and I know customers who got tricked into using WP Engine and were later sorry for doing so! Sending C&amp;D over this stuff is something that bans them for life in my book!",on_topic
f7c3805918776f80,worker,2024,,WordPress.org's latest move involves taking control of a WP Engine plugin,It really is strange Automattic&#x27;s lawyers haven&#x27;t clamped down on any public comment. Have any of WP Engine&#x27;s people been as free with commentary as Automattic employees have been?<p>If I were an employee at a company being sued I wouldn&#x27;t say <i>anything</i> related to it even without an order from legal because I wouldn&#x27;t want to have to risk answering for it in the trial. Why dangle yourself out there as a target for the opposition&#x27;s lawyers?,on_topic
320a2854ae74d47d,worker,2010,,Ready for Zero (YC S10) wants to help Americans get out of debt.,"There is almost nothing there, in an industry absolutely <i>saturated</i> with loads of people with a lot of something. The business plan right now appears to be ""a simple Google Spreadsheet with a lot of annoying maintenance and superficial value-add surrounding it"".<p>The pie-in-the-sky fantasy land of future low interest credit card leads [which is the exact <i>opposite</i> of the sort of offers such a site would get. The best would be predatory, secured credit-card type offers] and automatic...something...it just has the aroma of failure. It could as easily be a ""lose weight today"" website where you enter your desired weight and it tells you to eat less daily. Which...if such a site existed...I think we would all laugh at.",junk
51069e505a4e23db,firm,2012,wordpressfoundation.org/trademark-policy,Leave a Reply Cancel reply,Meta Log in Entries RSS Comments RSS WordPress.org The header was generated with Wordle !,junk
751193b7a22bf5a8,worker,2023,,Automattic Donates €20k to Fund Next Phase of Drupal Gutenberg Development,Automattic Donates €20k to Fund Next Phase of Drupal Gutenberg Development,junk
beb00b9d01e7768d,worker,2024,,[dead],"Feels an awful lot like Matt&#x27;s just angry that he didn&#x27;t move on to the final stage of enshittification soon enough. WPEngine is making &quot;too much money&quot; that he want&#x27;s in his own pocket.<p>Fuck website owners. Fuck agencies using WordPress for their clients. Fuck hosting companies who offer WordPress hosting. Fuck theme and plugin developers. Even fuck non Automattic WP core developers.<p>It&#x27;s all about funnelling all the money to Matt now.<p>We had a big discussion at work yesterday. We are now actively researching WordPress alternatives for the two dozen or so client sites we run on WordPress and WPEngine.<p>In the short term, we&#x27;re planning to rely on WPEngine to keep some form of WordPress and plugin&#x2F;theme repo available and provide at least security updates for core and the largest plugins (either via the plugin authors, or by patching their local repo with security bug fixes if needed).<p>In the medium term we are planning to increase our use of static site gen to publish WP sites to S3&#x2F;CloudFront wherever possible, as a stopgap before we migrate sites off WP.<p>In the long term we are going to completely remove Automattic&#x2F;wordpress.org&#x2F;Matt from our business. This might be by staying with WPEngine using whatever they end up pivoting their platform to. This may end ups with ClassicPress or some other WP fork. We feel we have a reasonable amount of time to let everything play out and make the best future decision, but we are also developing a disaster plan to ensure we can keep out existing client sites functional and secured very quickly - even if some loss of functionality is the result.<p>Matt&#x27;s WordPress is dead to us. I feel sorry for all the plugin and theme developers we buy paid WP themes&#x2F;plugins from. None of them deserve this. None of out clients deserve this. I suspect none of the wordpress.com and Tumblr customers deserve what&#x27;s about to happen to them either.<p>Matt though? You totally deserve to have your life&#x27;s work and what _could_ have been an ongoing legacy completely destroyed.",on_topic
ec94dcb1b87db6b8,worker,2017,,WhatsApp told to stop sharing user data with Facebook by French authorities,"You can get them with debit cards as well, depending on your bank account contract.<p>On some banks there are bank accounts with automatic credit, up to a certain limit of expenses.",junk
1d11c1cfb587622f,worker,2024,,WordPress.org bans WP Engine,"WordPress has been around for a long time, and there is no change to how open it is. It is GPL code, Automattic is not forking it and selling access to the fork.<p>We are just asking WP Engine to contribute back to the project that they are basing their entire business on.<p>This is primarily a trademark infringement issue, we asked them to give back to be able to use the trademark we have the license for.",on_topic
56331e05cbe3f414,worker,2024,,WP Engine sent “cease and desist” letter to Automattic,"Sorry could you expand on this, how can they &quot;put a banner in [...] WordPress instances hosted by WPE&quot;?<p>I was under the assumption that WordPress is OSS, and WPEngine is running this software on their platform, so there was an update to this software, contributed by Automattic developers which included a banner denouncing WPE, and the WPE people decided to just deploy that update to their platform?<p>I don&#x27;t think that means they &quot;put the banner on their instance&quot; does it? If they are unhappy with the management of the open source software they are using on their platform they presumably could fork it, or decide to not deploy the version that includes this banner, no?",on_topic
de88b5f950159eda,worker,2011,,AWS Service Disruption Post Mortem,"An automatic 100% credit for 10 days usage, thats pretty good IMO",junk
eb6ef31a3806289d,firm,2020,wordpress.org/about,Our Mission,"WordPress is software designed for everyone, emphasizing accessibility, performance, security, and ease of use. We believe great software should work with minimum set up, so you can focus on sharing your story, product, or services freely. The basic WordPress software is simple and predictable so you can easily get started. It also offers powerful features for growth and success. We believe in democratizing publishing and the freedoms that come with open source . Supporting this idea is a large community of people collaborating on and contributing to this project. The WordPress community is welcoming and inclusive. Our contributors’ passion drives the success of WordPress which, in turn, helps you reach your goals. The Technology Learn about the software The Community Learn about the people WordPress contributors work around the globe, and have dedicated countless hours to build a tool that democratizes publishing. WordPress is open source software that is both free and priceless.",canon
9ff568563164bdfa,firm,2021,wordpress.org/about,Our Story,"WordPress started in 2003 when Mike Little and Matt Mullenweg created a fork of b2/cafelog . The need for an elegant, well-architected personal publishing system was clear even then. Today, WordPress is built on PHP and MySQL, and licensed under the GPLv2. It is also the platform of choice for over 39% of all sites across the web. The WordPress open source project has evolved in progressive ways over time — supported by skilled, enthusiastic developers, designers, scientists, bloggers, and more. WordPress provides the opportunity for anyone to create and share, from handcrafted personal anecdotes to world-changing movements. People with a limited tech experience can use it “out of the box”, and more tech-savvy folks can customize it in remarkable ways.",on_topic
afd35e88f74b8f3e,firm,2019,ma.tt/2011/09/automattic-creed/,Why Your Company Should Have a Creed,"Does your company have a creed? Twice a year, True Ventures (one of Automattic’s investors) organizes an event called Founders’ Camp, a one-day conference for the founders and CEOs of companies in their portfolio. The latest was held in the Automattic Lounge at Pier 38 in San Francisco ( it could be the last ). There was an interesting conversation led by Ethan Diamond , Alex Bard , Howard Lindzon , and Narendra Rocherolle on the importance of culture in an organization and how it gets formed. Despite its importance, “culture” is one of those fuzzy things that’s difficult for many founders, especially men, to discuss earnestly. Even though I have extremely strong opinions about company culture, I find it feels “corny” to talk about it directly. Nevertheless, as part of the discussion, I shared the following practical example from Automattic about something we did to codify and share our values. It started innocently enough — someone copied me when they emailed their paperwork to accept a job offer. For the first time in a while I looked at the offer letter and realized that it read like a bad generic legal template: no branding; terrible typography; the most important information (start date, salary, stock options) buried under a sea of text; and, worst of all, it was being sent out in .docx format (especially embarrassing for a company whose foundation is Open Source). The offer didn’t reflect who we were, how we worked, and certainly not how we thought about design and user experience.",on_topic
af8e426f1acd2ed0,firm,2023,automattic.com/work-with-us,Jobs,"We are always open to hearing from technical and non-technical talent in countries worldwide. If you are interested in working at Automattic, fill out our interest forms below.",on_topic
6ac44ab181c0477d,firm,2014,automattic.com/about,About Us,"Blog: blog of greg Greg was born in upstate New York and transplanted to southeastern Virginia, where he still lives, along with his wife and daughter. An avid writer, but prolific procrastinator when it comes to publishing, he’s been working with WordPress for years, with more drafts than posts. 37.029869 -76.345222 Ian Stewart Design Democratizer 49.899754 -97.137494 Blog: This is Ian Stewart When he’s not wrangling WordPress themes for Automattic, Ian is more than likely browsing for books, thinking about books, thinking about where to store books, and—when time permits—sometimes reading books. He hails from the infamously cold and windy Winnipeg, Canada, where he lives with his beautiful wife and children. 49.899754 -97.137494 Damian Suarez Code Wrangler -38.829811 -68.122002 Blog: www.retrofox.me Damian is really a true programmer / developer by vocation. Despite being born in a distant province of Argentina with no-connection to informatics tech always he found the way to be near of his first loves: computers. He can remember even today some video games such as jet set willy, camelot warriors, etc, and punctually programming basic language in his TK-90. Fittingly defined as “The Grinder” Damian continues writing code from his distant place by the river, accompanied by his daughters, wife, dog and cat. -38.829811 -68.122002 Hew Sutton Digital Pathfinder 30.093395 -81.718981 Blog: Hew.vc Hew lives with his wife and children in his adopted home state of North Carolina. He is an avid music fan and has dreams of being part of a band when he grows up. After being cut in a corporate layoff, Hew doggedly searched to synthesize the work part of his life with his passions and personal beliefs. Enter Automattic: WordPress, technology, music, and engineering happiness. A perfect fit. 30.093395 -81.718981 Payton Swick Code Wrangler 44.475882 -73.212072",on_topic
c80096c37cb5fc98,worker,2024,,Did Automattic commit open source theft?,"&gt; They got acquired by a private equity firm, which makes them like a FAANG.<p>I’ve read this sentence 5 times over and still have no idea what you mean by this? How does a company being acquired by a private equity firm make them like a multinational public company? What does being “like a FAANG” mean to you?<p>As an aside, Automattic was an investor in WP Engine and sold their shares to that same private equity firm.",on_topic
246f0e487973e8d0,firm,2020,automattic.com/work-with-us,Pressable,"Born in San Antonio, Texas, in 2010, Pressable offers managed WordPress hosting as part of the Automattic family of WordPress solutions. Like Automattic, positions with Pressable offer the flexibility to work remotely from (almost) anywhere in the world. Note : Protect yourself from job scams ! Don’t respond to fake employment offers for Automattic from third-parties.",on_topic
4a0f163f5f4478ca,firm,2012,automattic.com/about,Like this:,"Blogs: Michael on WordPress Michael wrangles words and pictures in the form of videos, illustrations, visual design fandangos, and occasional voiceovers. As a “lightbulb engineer” his job at Automattic is making those lightbulb-over-head moments of epiphany, understanding and inspiration ping over our users’ heads. When he isn’t hardwired into the interwebs, you’ll find him in Sapporo, Japan drinking too much espresso, writing tales of dread-wonder, animating anything he can get his hands on, or reading geeky genre fiction by gaslight. 43.062096 141.354376 Iliya Polihronov Systems Wrangler 42.697839 23.321670 Iliya is a developer, systems administrator, and systems architect currently living in Sofia, Bulgaria. He strives to understand how things work and to find the best possible solutions. When not reading about the latest and coolest technical solutions, he likes to stay active by lifting weights, running, and playing sports like gymnastics, boxing, and swimming. 42.697839 23.321670 Kathryn Presner Happiness Engineer 45.508670 -73.553993 Kathryn spends her Montreal summers savoring a daily Vietnamese iced coffee and pondering new ways to prevent a squirrel feeding frenzy in the garden. During the wintertime she mostly hibernates and cuddles with her three demanding felines. She organizes a monthly dinner club that so far has sampled cuisines including Salvadoran, Venezuelan, Argentinian, Indonesian, British-gastropub, Thai-vegetarian, Persian, Egyptian-seafood, Egyptian-brunch, Ethiopian, and Turkish. Her biggest pet peeve on the web is bad restaurant websites. 45.508670 -73.553993",on_topic
e989c411eca4cc8d,worker,2023,,Texts Joins Automattic,Texts Joins Automattic,junk
fe1a8a4a077b56f1,worker,2009,,Nathan Myhrvold’s Evil Genius,"&#62; Arbitrage traders automatically eliminate the market inefficiencies which they exploit.<p>True enough, although, having worked in a stat arb hedge fund for four years, let me assure you that the process is far from automatic ;)<p>&#62; In theory, all purely financial operations, such as hedge funds, do the same<p>Aren't banks ""financial operations""? Is franchise business not a ""financial operation""? There are many other reasons, but I disagree, even in theory, with the idea that all financial operations eliminate market inefficiencies, aside from the en-passant contribution to overall liquidity.<p>&#62; This is not true for patents, because patents are a government granted monopoly.<p>This strikes me as a non sequitur. Just because patents are a government-mandated monopoly doesn't mean there can't be an arbitrageable market in them. After all, all property is in some sense government-mandated. And the fact that patents are limited period presents no major difficulties -- I need only point out that a large segment of the London property market is for leasehold, which is in effect a owner-given (ultimately backed up by the force of the state, of course!), time-limited monopoly on the use of the house.<p>Of course, there's not going to be an arbitrageable market in the sense you're speaking of anyway, for an entirely different reason: bonds and, and to a <i>much</i> lesser extent, stocks, are easily comparable, whereas this is not the case in patents. If you think that Greece is a lot more credit-worthy than the rest of the market thinks it is, you can go long Greek 10 years, go short the bund, and with virtually zero outlay you have the ability to profit from any mispricing of ""country risk"". There's simply no analogue the ""go long A, short B"" in the domain of patents.<p>I think the comment you replied to erred in characterizing the activity of of a patent fund as ""exploiting ineffciencies"". It really is more akin to Warren Buffett-style long-term investing. While it's certainly true that  Berkshires' activities reduce market inefficiencies, it's safe to say that that's not what's at the forefront of Buffett's mind when he invests.<p>There are valid reasons to be opposed to the patent system in its current form. I don't think the absence of Gordon Geko-style arbitrageurs from patent market is one of them, though ;)",junk
e2d8dcdb8716321a,firm,2014,automattic.com/about,About Us,"Blogs: King of States! , Pictures of Things Michelle wrangles words from Jersey City, New Jersey with editorial assistant Felix , to whom she delegates critical nap- and fart-related tasks. After accumulating a number fancy-pantsed yet impractical degrees, she started blogging and that was that. When not helping WordPress users blog more and better, she’s reading about medieval popes, writing instrumental doom metal, snorgling her assistant, and sneaking more semicolons into WordPress.com support documents. NB; Michelle totally heard that crack you made about New Jersey, and is having none of it. 40.728157 -74.077642 Min moved to San Francisco from New York City. Although she started off comparing everything to NY, she’s come to love the sunny/foggy weather and is developing a taste for amazing ice cream and delicious coffee. Prior to Automattic, Min dabbled a little bit in coding and software but ended up doing business development for media/internet companies such as Dow Jones and AOL. As part of the VIP team, Min works on partnerships. Min loves to travel, but with a baby girl at home, she’s focused her extra curricular activities on cooking – she hopes to get through Mark Bittman’s book, sans the baking part, some day. 37.871593 -122.272747 Stu West Chief Festivities Officer (CFO) 37.453827 -122.182187 Blog: stuwest.org Stu spends his time measuring the awesomeness of operations and finance at WordPress. When not working to ensure every chart goes up and to the right, he globetrots to visit the Automattic team, customers, and the WordPress community. See Stu’s bio or his LinkedIn profile . 37.453827 -122.182187 Peter Westwood The Happiness Blacksmith 51.062883 -0.325858",on_topic
3b54b8aedbd5c1d8,firm,2020,automattic.com/work-with-us,Benefits,"Professional growth, open vacation policy, generous parental leaves, wellness support, sabbaticals, more.",on_topic
f10b42a04ccbe952,firm,2019,ma.tt/2011/09/automattic-creed/,Why Your Company Should Have a Creed,"I will never stop learning. I won’t just work on things that are assigned to me. I know there’s no such thing as a status quo. I will build our business sustainably through passionate and loyal customers. I will never pass up an opportunity to help out a colleague, and I’ll remember the days before I knew everything. I am more motivated by impact than money, and I know that Open Source is one of the most powerful ideas of our generation. I will communicate as much as possible, because it’s the oxygen of a distributed company. I am in a marathon, not a sprint, and no matter how far away the goal is, the only way to get there is by putting one foot in front of another every day. Given time, there is no problem that’s insurmountable. I’m sure that it will evolve in the future, just as Automattic and WordPress will. If you’re building a startup or any sort of organization, take a few moments to reflect on the qualities that the people you most enjoy working with embody and the user experience of new people joining your organization, from the offer letter to their first day. Of course if you’d like to see the above in an offer letter, consider applying for Automattic . If you write a creed for your company or non-profit after reading this, please leave it in the comments!",canon
42e5a48fba7dc840,firm,2011,ma.tt/2011/09/automattic-creed/,34 Comments,"Neil Gilmour — September 21, 2011 @ 2:39 pm I really like this idea. We’re about to start taking on some staff, and I’ve been trying to work out how to convey the philosophy and ethos of how we present ourselves to clients. It’s so important to us. A creed is exactly what I’ve been trying to formulate! Thanks again Matt. Reply Bronson Quick — September 21, 2011 @ 3:58 pm Thanks so much for sharing this with the world Matt. I love that you’re being so open with information like this as well as it’s so beneficial to people around the world! We’ve reached the stage where our startup ( a dev shop based on WordPress ) needs to put on our first full time staff member and we’ve been trying to work out how to communicate to staff that part of their job will mean that they will be expected to always keep learning, attending Meetups and WordCamps whenever possible to share the knowledge they gain back to the wider community, and that we’ll be throwing some sideball projects just for fun and to put them out of their comfort zones and keep them on top of emerging trends and technologies. The hardest part about this is a) trying to find staff that will fit in with this methodology as most people are 9 to 5 types who aren’t WordPress obsessed like we are and b) trying to communicate this to them without sound over demanding as an employer. I think the creed you’ve come up with is amazing and it has definitely inspired me to start trying to create our own creed. Thanks again for this wonderful post! Reply",on_topic
2334e3013f96bf43,firm,2025,ma.tt/2011/09/automattic-creed/,54 thoughts on “ Why Your Company Should Have a Creed ”,"Thank you for sharing. As a person on a job hunt (and I should say a “not just any ol’ job” hunt), it is refreshing to see a company convey the feeling, or the passion of how the company is and how they want it to continue to strive to be. I especially value the “I will communicate as much as possible, it is the oxygen of a distributed company.” Hoping to find opportunities in my field with the same sentiment. An important heartfelt message indeed… one that I am sure is embraced by newbies and seasoned employees alike! Reply Floyd on “Creeds” While we’re all familiar with Mission Statements, employee manuals, and cheesy team-building meetings; Offer Letter Creeds with a forced signature take it too far… (this turned into a blog post..the rest is on copystratic.com/blog ) Reply The signature isn’t forced — if someone doesn’t like the creed they shouldn’t take the job! It’ll just cause more problems down the line if they fundamentally disagree with the things the company believes in. Pretty much everyone we offer a job at Automattic is at the top of their field and has their choice of dozens of companies — I want them to choose the one that they’re going to be happiest and most fulfilled at, even if it’s not Automattic. Reply",on_topic
2a4a1877d3701360,worker,2024,,My experiences with Automattic: Part 3,My experiences with Automattic: Part 3,on_topic
480fdc74724c180f,worker,2024,,Incident: Wordpress.org has blocked WP Engine customers from registry,Has WP Engine actually done anything wrong? Wordpress is released under GPLv2 which allows modification and commercial use. I don&#x27;t see the justification for Automattic demanding royalties.,on_topic
2052043981d1ea85,worker,2025,,Legal win,"&gt; But by kumbaya ethics or community spirit or whatever you want to call it, they&#x27;re scummy vultures.<p>ACF was so important to the ecosystem that Automattic felt the need to grab it after they kicked out the maintainers. Doesn&#x27;t that go against the story that WPEngine was contributing nothing?",on_topic
bd2e6955a089ff58,firm,2015,ma.tt/2011/09/automattic-creed/,54 thoughts on “ Why Your Company Should Have a Creed ”,"I like that the first line is “I will never stop learning” it’s one of my own personal creeds. That’s great – I love that rather than signing an offer letter, you’re actually signing that you agree with the creed. You have no idea how important an offer letter is. At a company I worked for, I once got a big promotion, and the offer letter was insulting – it read like I was being punished and demoted and I almost quit because it offended me so badly! Brilliant! This technique of reading and signing the Automattic Creed is a weapon of influence, as described in “Influence – The psychology of persuasion” by Robert B. Cialdini (in the chapter titled “Commitment and Consistency”). In this case, it is a weapon capable of generating positive actions. The creed leads the Automattician to commit him/herself to the company, and in the near and not-so-near future, the Automattician will take decisions, consciously and unconsciously, in line with the creed. A great step in aligning the individual’s actions with the company’s vision. I like the creed. The part that says “I’m in a marathon, not a sprint and no matter how far away the goal is, the only way to get there is by putting one foot in front of the other. Given time, there is no problem that’s insurmountable”. If there’s a will, there’s a way. Keep trying until you succeed. That’s what comes to mind on that.",on_topic
cef9c96e2eb80b00,firm,2017,automattic.com/work-with-us,Work With Us,Want to make the web a better place for more than a billion people each month? We’re hiring.,on_topic
655b27a57e39bb9b,firm,2020,automattic.com/work-with-us,Design,"Designers at Automattic are responsible for shepherding the experiences of our products. They listen, research, hypothesize, and deliver both product experiences as well as the stories they share about them.",on_topic
b11d1f71d059aa6e,worker,2014,,Working remotely for extroverts,At Automattic we do. It shows that a company isn’t remote just to offset office costs.,on_topic
e090621c57297401,worker,2024,,WordPress Drama: From the Sidelines,"&gt; The homepage of Wordpress.org SCREAMS open-source. But, is it really though? It is an ecosystem around a centralised (plugin) repository controlled by one person&#x2F;entity. That&#x27;s not truly open source.<p>According to whom? It is open source in the measure that you&#x27;re allowed to fork and redistribute your modified version. That satisfies the open source definition. If those plugins are open source themselves WPE can set up their own repository and point to it. If it&#x27;s not, well, they decided to bet on something that could be taken off their hands at any moment.<p>You may say that this goes against the open source <i>spirit</i>, but that&#x27;s a different thing. Wordpress is, by any reasonable measure, Open Source.<p>&gt; WP Engine customising the admin panels, branding and other components to change the experience of Wordpress as they see fit. Isn&#x27;t that the point of open source?<p>Sure, but...<p>&gt; In the same spirit, I can also argue that Automattic doesn&#x27;t really provide 100% open source Wordpress&#x27; experience either - It has many walled features across different price points.<p>No. The difference is Automattic owns Worpdpress&#x27; copyright, WP Engine doesn&#x27;t. Also, does Automattic claim they provide a 100% open source Wordpress experience?<p>Let&#x27;s be clear: I&#x27;m not defending WP&#x27;s actions here (I think what they did is just plain dumb), and I don&#x27;t have a horse in this race, but here we&#x27;re conflating what would be ideal (everything is FOSS, Automattic releases everything they do and they compete only on service) with the reality that Automattic is a business and it pursues its own interest. Maybe they&#x27;re pursuing it in a way that in the end will do them and the ecosystem more harm than good, but what they&#x27;re doing is just business, and has nothing to do with the definition of open source.",on_topic
34e29bfed82dee6b,worker,2018,,Rental car companies have been waging a quiet legislative war against start-ups,"The &quot;waivers&quot; for coverage that one needs to get not to get sodomized in an event of an accident require one to be someone <i>very</i> familiar with all kinds of statues or spending nearly $70-$100 a day to be able to cover a premium sedan or above ( did you know that Impala is a premium sedan? )<p>No, credit card automatic policies do not cover even top 10 issues that you would have in event of an accident - they at <i>most</i> cover loss of revenue provision and <i>some</i> of the damage to the vehicle you are renting.<p>The only reasonable insurance that you can get is Amex premium insurance which is $25&#x2F;trip (not a day) and covers everything.<p>Edit: Over years I tried Citi, HSBC, BOA, Chase and even CapOne &quot;premium insurances&quot; - they all were garbage with a list of exclusions longer than most of TOS policies on shady websites.",junk
2b1ae55315006ded,firm,2013,wordpress.org/about,Also…,"Movable Type , Drupal , and TextPattern for ideas and inspiration",junk
c9f5a727cd1bfe44,firm,2025,automattic.com/work-with-us,Why you’ll love working here,"Making the web a better place is rewarding in its own right, but we also provide professional growth, an open vacation policy, generous parental leaves, wellness support, sabbaticals , and more. Our main benefits are listed here . Additional benefits vary by location .",on_topic
21eae497a8e8984b,worker,2023,,Automattic's Tumblr/ActivityPub integration reportedly shelved,Automattic's Tumblr/ActivityPub integration reportedly shelved,on_topic
54bb7dfc081e7ce4,firm,2010,automattic.com/about,About Us,"Blog: Kar.im Karim is from Dutch-Egyptian-Chinese descent living in the Netherlands but dreams from a cottage in Sweden. He loves entrepreneurship, traveling, technology, photography and practices the art of Breakdance. This Happiness Engineer is always ready to dive into new adventures and is geekier than you might think. 52.209834 5.962948 Thorsten Ott Bug Zapper 42.697626 23.322284 Blog: WebZappr Thorsten has been in the IT business for 10 years, including work as the head of the development department at one of Europe’s biggest dedicated server hosts. Most recently, he ran his own web development agency. He’s an internet maniac who is proud to say he has a geeky family: He met his wife via ICQ and bought his son his first notebook when he was seven months old (broken, of course). The three of them live together in Sofia, Bulgaria. 42.697626 23.322284 Blogs: Andrew on WordPress , Laptop Tips In the mid-eighties Andrew graduated in Electronics from Sofia Polytechnics and started working in the only computer company at the time in Bulgaria — Software Products and Systems. After trips through London, DEC, freelancing he finally ended up in Vancouver, where he now resides. In 2007 something possessed him to start contributing to WordPress’ TinyMCE integration, and somehow we convinced him to continue taming that beast and other WPness full-time. 49.248523 -123.108800 Andy Peatling Social Engineer 52.663857 -8.626773",on_topic
0263d0263f62f98f,worker,2017,,Ask HN: How to do a private beta right?,"Ask HN: How to do a private beta right? So I&#x27;ve built a SaaS MVP (B2B enterprise). I guess the next step is private beta, because we&#x27;re not ready to open the floodgates to the public. How are private betas usually managed? Would really appreciate anyone&#x27;s experience with this matter. What does the funnel usually look like? Is it ok if we don&#x27;t have automatic credit card subscriptions yet, and I manually invoice our private beta customers? What are the expectations at this stage in terms of customer experience?",junk
d190e0c95044f32a,firm,2014,automattic.com/about,About Us,"Blog: Joseph Scott Joseph is a California native, living in Utah with his wife, three daughters and one son. He got hooked on email when it meant dialing into a BBS with a 2400 baud modem and ended up memorizing way too much of the AT command set. Access to the Internet changed all that and going to work for an ISP cemented that shift. It also exposed to him to the world of open source, starting with FreeBSD in 1996. From there he spent a number of years in IT doing a little bit of everything. 40.572500 -111.859722 Wendy Scott Happiness Engineer 28.039465 -81.949804 Wendy is a self-described Renaissance soul with diverse interests, a voracious appetite for reading, and a passion for learning just about anything. It was just that sorta thing that led her to WordPress. After deciding to learn to build websites several years ago, she tried a few rather limited and clunky platforms that sadly resulted in limited and clunky websites. Then she found WordPress and never left. She currently engineers happiness from sunny central Florida where sweater weather is defined as any day below 70°F. 28.039465 -81.949804 Steve Seear Code Wrangler 53.959965 -1.087298 After working in a salad factory, a herb factory, and a pie factory, Steve decided that playing with computers all day was a better bet. Lives in Yorkshire with lovely wife and three boys and loves running, reading, and all the music. 53.959965 -1.087298 Andrew dela Serna Happiness Engineer 7.190708 125.455341",on_topic
90abce1868a394be,worker,2024,,Why World War WordPress Will End with a Zombie Fork,"Yeah. One of those clients is hosted on GCE. She is quite technical and plugged into general IT news, and they are in the middle of due diligence with potential investors though.<p>&gt; In terms of going nuclear, anything regarding trademark will have zero impact on our clients.<p>Is that true if Matt&#x2F;Automattic win against WPEngine, and he starts using that as precident and starts demanding 8% of revenue as his standard shakedown on anybody who&#x27;s used the &quot;WordPress&quot; trademark to generate revenue?",on_topic
57b080f372120512,firm,2026,wordpressfoundation.org/trademark-policy,wordpressfoundation.org/trademark-policy,"Similarly, it’s OK to use the WordPress or WordCamp logo as part of a page that describes your products or services, but it is not OK to use it as part of your company or product logo or branding itself. Under no circumstances is it permitted to use WordPress or WordCamp as part of a domain name or top-level domain name.",on_topic
a3cd432807d02eac,worker,2020,,Beau Lebens of Automattic about working on a global team,Beau Lebens of Automattic about working on a global team,on_topic
e3c5557395453f7f,firm,2012,automattic.com/about,Like this:,"Blog: MartinRemy.com Martin is German, but ever since he got his hands on his first computer (while living in Saudi Arabia and attending 7th grade), he knew he’d move to Silicon Valley one day. After ten years in said valley, he discovered that Colorado is even nicer and moved his family and his computer collection there. Martin was a co-founder of Sphere and likes to work on things that connect people with content. 39.544444 -104.968056 Mark Riley Support Maven 52.636878 -1.139759 Blog: Romantic Robot Mark is a doer of various things. 52.636878 -1.139759 Zandy Ring Happiness Engineer 40.714353 -74.005973 Revelry Reverie Zandy loves travel, art, other fancy things, teen movies (favorite: Empire Records), children’s movies (favorite: Finding Nemo), bad movies (favorite: Clue the Movie), her twin toddlers, and her husband. This is not the official order of loves. 40.714353 -74.005973 Hanni Ross Happiness Lead 44.837227 -0.571787 Blog: hanni.me Tinkering with WordPress since before it was WordPress, Hanni hails from both Warwick, UK and Bordeaux, France. When not engineering happiness, she spends her time studying law. The hilarity of trying to fit everything in means she often feels the need to, in the words of Monty Python, run away. 44.837227 -0.571787 Sara Rosso VIP Global Services Manager 45.465454 9.186516 Blog: Ms. Adventures in Italy , When I have Time , Food Blogger on a Diet A WordPress user and enthusiast since 2006, California-bred Sara is currently in Milan, Italy craving the BBQ her colleagues enjoy daily (and Mexican food, too – please FedEx some). She works with the VIP Services team, trading stories about the Hoff, forgetting her current time zone and dreaming up new usages for WordPress – she hasn’t run out of ideas yet! 45.465454 9.186516 Dan Roundhill Mobile Engineer 47.538989 -122.155677",on_topic
9abc9f9bbc976382,worker,2015,,Ten Years of Automattic,Ten Years of Automattic,on_topic
12a58d4c7bccad6d,firm,2012,automattic.com/about,About Us,"Blog: What did she just say? A born and raised New Yorker, Noriyko found a new love in California. After moving out West, she was bitten by the startup bug and left the Dean’s office at Stanford University. Without the coding gene, she found her groove in Operations. Anything to be a part of the action! When Noriyko is not fighting chaos at Automattic, you will find her writing comedy bits, plays, and her perpetual novel. She is destined to be among the stars, both tech and silver screen. 37.441883 -122.143019 Matt Thomas Creative Director 30.882963 -87.773047 Blog: mattnt.com MT has been a designer since before he knew what that meant. When he was a child, his parents would frequently return home to find their furniture and artwork re-arranged. Ever since, he’s been interested in making things simpler, more beautiful, and more fun to use. After adventuring in Savannah, Baltimore, and New Orleans, he now lives in lovely L.A. (lower Alabama) with his trusty sidekick, Maggie . And most importantly, he doesn’t mind being the “other Matt” at Automattic. 30.882963 -87.773047 Erica Varlese Happiness Engineer 40.806755 -74.185421 Blog: Erica Varlese , A Bronx Tail New Jersey born and bred, Erica engineers happiness from the Garden State with her canine companion, Francis. She graduated from Drew University with a degree in Anthropology and French, which means she often references obscure societies, à la Bones, in casual conversation. In her spare time, Erica is likely reading far too many books at once or defending her home state from yet another reality TV show. 40.806755 -74.185421 Matías Ventura Theme Wrangler -34.883611 -56.181944",on_topic
32cbfd71f89659b3,firm,2013,wordpress.org/about,Connect with the Community,"In addition to online resources like the forums and mailing lists a great way to get involved with WordPress is to attend or volunteer at a WordCamp , which are free or low-cost events that happen all around the world to gather and educate WordPress users, organized by WordPress users. Check out the website , there might be a WordCamp near you.",on_topic
604d4a45a31aa2fa,worker,2014,,"Automattic, Steward of Wordpress.com, Snaps Up Longreads","Automattic, Steward of Wordpress.com, Snaps Up Longreads",on_topic
f572d7ed4661dd9b,firm,2014,automattic.com/about,About Us,"From the beautiful city of Lisbon, Henrique is a web developer that worked on one of major engineering schools of Portugal. When not doing some code, Henrique can be found doing some hiking, cycling or simply enjoying a movie at the cinema. Started programming really young, and now he is a supporter that the code should be poetry. 38.722252 -9.139337 Blogs: Photo Matt , Matt on WordPress As the Chief BBQ Taste Tester of Automattic, Matt travels the world sampling cuisine and comparing it to the gold standard of Texas BBQ. Although he originally aspired to be a jazz saxophonist, Matt somehow wound up studying economics which took him to Washington D.C. where he began taking pictures and blogging. The rest, as they say, is mystery. He lives in San Francisco and has a crush on Audrey Hepburn in Breakfast at Tiffany’s. 29.760193 -95.369390 Jason Munro Code Wrangler 38.971669 -95.235250 Blog: jasonmunro.wordpress.com Jason grew up in rural Massachusetts, but has spent the last 20 years living outside of Kansas City, Kansas. A love of tinkering led him to a career in software development. For the five years prior to joining Automattic Jason wrote software to manage stock and option trading platforms for BATS Global markets. Jason loves to spend time with his wonderful wife and two fantastic daughters, playing darts or ping pong with his wife, biking or hiking around town, or tipping back his favorite beer at the local brewery. 38.971669 -95.235250 David Murphy Code Wrangler 54.825544 -3.161231 Blog: blog.schwuk.com David and his wife, four(!) children, dog, and cats live in Cumbria, UK. New to Automattic, but has been wrangling code for many, many years now. 54.825544 -3.161231 Richard Muscat Growth Engineer 35.829167 14.475833",on_topic
4cd6e77a4bd7f494,worker,2024,,Internal blog post reveals Automattic's plan,Internal blog post reveals Automattic's plan,on_topic
0bc113566f26a07a,worker,2015,,"Why Many Smart, Low-Income Students Don't Apply to Elite Schools","The article mostly takes as a given that attending the &#x27;elite&#x27; school would be better for these students. There&#x27;s one quote late in the article, from the article&#x27;s main source Stanford econ professor Hoxby, suggesting there&#x27;s a big lifetime earnings-boost after graduating from top schools.<p>But, the actual story is a bit more complicated. Some research suggests that admitted students <i>capable</i> of attending top schools, who then choose to go to &#x27;lesser&#x27; schools, do just about as well. Here&#x27;s coverage of one such study:<p><a href=""http://economix.blogs.nytimes.com/2011/02/21/revisiting-the-value-of-elite-colleges/"" rel=""nofollow"">http:&#x2F;&#x2F;economix.blogs.nytimes.com&#x2F;2011&#x2F;02&#x2F;21&#x2F;revisiting-the-...</a><p>Also note that the studies supporting big lifetime earnings boosts for either &#x27;college&#x27; or &#x27;elite colleges&#x27; tend to be based on <i>graduating</i>, not just <i>enrolling</i>. Graduation is not automatic, especially among low-income&#x2F;first-generation admits. A student who chooses a nearer, cheaper, less-prestigous school may be increasing their chances of graduating enough to offset the premiums-conditional-on-graduation elsewhere.<p>There are some very-credentialist fields where school-prestige is of paramount importance – especially college education itself (graduate degrees&#x2F;professorships) and some high-dollar finance&#x2F;consulting&#x2F;law careers. But there are many other careers, just as attractive to students and society, where college-prestige is far less important. For these, if a student plans to settle back near their hometown, the education and contacts from a locally-respected institution may be as good or better than a far-away prestigious degree.<p>So one answer to &quot;why many smart low-income students don&#x27;t apply to elite schools&quot; may be that these students are really quite smart, and do actually know better what&#x27;s right for them.",junk
4c3d080ab149aeae,firm,2014,automattic.com/about,About Us,"Jennifer is an East Coast transplant from Baton Rouge, Louisiana. She started out doing custom themes and gradually moved to writing plugins and contributing to bbPress . When she isn’t wrangling code, she can be found hanging out with her husband and four children in Fredericksburg, Virginia. She loves cooking, gardening, and drinking tea. 38.303184 -77.460540 Aaron Douglas Muse & Maker 43.038902 -87.906474 Blog: The Dangling Pointer Photo Blog: Astral Imagery Aaron was that kid taking apart the mechanical and electrical appliances at five years of age to see how they worked. He never grew out of that core interest – to know how things work. He took an early interest in computer programming, figuring out how to get past security to be able to play games on his dad’s computer. He’s still that feisty nerd, but at least now he gets paid to do it. Aaron was Java enterprise engineer and was able to switch focus to mobile (iOS and some Android) development and design. Aaron’s interest in mobile development has been ever increasing since he got his first iOS app in Apple’s App Store in 2009, Migraine Diary. Other than software development, Aaron enjoys camping during the summer, taking his dogs for a walk around the neighborhood, and pretending to be a storm chaser while sitting at home. 43.038902 -87.906474 Mark Drovdahl Technical Account Engineer 47.606209 -122.332071",on_topic
dc86bf4a938b1096,worker,2024,,Is Matt Mullenweg defending WordPress or sabotaging it?,"The article update links to a Google Doc in which Matt takes issue with the following remark from the article:
&gt; he&#x27;s a wealthy CEO of a for-profit corporation that is attacking a competitor<p>Matt responds:
&gt; WP Engine is a “competitor”, but so is every other web host in the world. Automattic and WordPress.org have had good relations with all the others for 21 years. WordPress.org recommends a number of hosts.<p>It seems Matt is forgetting his &quot;friendly&quot; spat with GoDaddy a few years ago.<p>Matt continues:
&gt; His criticism of certain practices focuses on maintaining the platform’s integrity and open-source commitment to ensure the community can grow further with sustainable investments.<p>Let&#x27;s assume this is all true. It doesn&#x27;t change the fact that he&#x27;s attacking a direct competitor.<p>Matt continues:
&gt; Silver Lake is far wealthier than Matt or Automattic.<p>This is how you know that Matt wrote the response. It&#x27;s the same ego defending behavior that he used when responding to DHH.<p>Matt is very, very bad at PR. It&#x27;s really time he learns that and lets others take over those roles. And it&#x27;s time he learns to shut up. He hurts more than he helps.",on_topic
2c60106529bd0c56,firm,2019,wordpressfoundation.org/trademark-policy,WordPress Foundation Trademark Usage Policy,"All other WordPress-related businesses or projects can use the WordPress name and logo to refer to and explain their services, but they cannot use them as part of a product, project, service, domain name, or company name and they cannot use them in any way that suggests an affiliation with or endorsement by the WordPress Foundation or the WordPress open source project. For example, a consulting company can describe its business as “123 Web Services, offering WordPress consulting for small businesses,” but cannot call its business “The WordPress Consulting Company.” Similarly, a business related to WordPress themes can describe itself as “XYZ Themes, the world’s best WordPress themes,” but cannot call itself “The WordPress Theme Portal.” Similarly, it’s OK to use the WordPress or WordCamp logo as part of a page that describes your products or services, but it is not OK to use it as part of your company or product logo or branding itself. Under no circumstances is it permitted to use WordPress or WordCamp as part of a domain name or top-level domain name. We do not allow the use of the trademark in advertising, including AdSense/AdWords. Please note that it is not the goal of this policy to limit commercial activity around WordPress. We encourage WordPress-based businesses, and hundreds of them are thriving while in compliance with this policy (Automattic, CrowdFavorite, and StudioPress are a few examples). The abbreviation “WP” is not covered by the WordPress trademarks and you are free to use it in any way you see fit. When in doubt about your use of the WordPress or WordCamp name or logo, please contact the Foundation for clarification.",on_topic
034d0f5ad689f816,firm,2014,automattic.com/about,About Us,"Blog: Danilo Ercoli Danilo was born and raised in the beautiful countryside of Ciociaria, central Italy. He was adopted from Bologna and start working as GIS developer when he was very young. He currently lives in Bologna, but travels all around Italy hoping to find the right place to live. Now he’s joined the mobile crew working on our mobile apps and on other open source projects. When not coding Danilo enjoys indie music, soccer and politics. His lucky number is 8, and his favourite quote is from a Keane song: “Oh, simple thing, where have you gone?”. 41.639601 13.342634 Egill R. Erlendsson Wizard of Ads 64.111111 -21.905556 Blog: egill.re Although born and bred in Iceland, he whose name can not be spoken , bares no responsibility for ash spewing, holiday wrecking, flight grounding volcanoes with unpronounceable names. At Automattic he serves up a refreshing cocktail of ads and more ads. While not working he can be found enjoying life in Iceland with his better half, watching his three upcoming Automatticians growing up. 64.111111 -21.905556 Sérgio Estêvão Mobile Wrangler 51.507351 -0.127758 Blog: Sergio Estevao A MAD engineer that tries to make anything work better on mobile systems. Sérgio was born in Luanda Angola, move to Portugal when he was 6 and stay there until finish is studies in Computer Science. He nows lives in London with his family. When is not coding he loves to travel by train, eat all kinds of food, ride his bike and surf the ocean. MAD – mobile application developer 51.507351 -0.127758 Scott Evans Pixel Coordinator 51.188253 -0.878100",on_topic
1d6b7f35eb5772ea,worker,2024,,WP Engine Sues Automattic and Matt Mullenweg over WordPress Dispute,WP Engine Sues Automattic and Matt Mullenweg over WordPress Dispute,on_topic
79330014bc24fa96,firm,2016,wordpress.org/about,A Little History,"WordPress was born out of a desire for an elegant, well-architectured personal publishing system built on PHP and MySQL and licensed under the GPLv2 (or later). It is the official successor of b2/cafelog. WordPress is fresh software, but its roots and development go back to 2001. It is a mature and stable product. We hope by focusing on user experience and web standards we can create a tool different from anything else out there. For a bit more about WordPress' history check out the WordPress Wikipedia page or this page on our own Codex .",on_topic
e100f584c0130a77,worker,2024,,Automattic turns to weaponizing responsible disclosure against WP Engine,"Automattic and WP Engine are in litigation. The Story roughly goes like this:<p>Matt (CEO of Automattic) tries to get WP Engine to contribute more to WordPress development, including stuff close to blackmail<p>WP Engine sends a cease and desist<p>Automattic sends cease and desist to WP Engine claiming Trademark infringement<p>Automattic bans Access of WP Engine customers to WordPress servers, breaking plugin updates (which was temporarily reinstated and then banned after a deadline of a few days)<p>WP Engine sues Automattic<p>Automattic has a program where employees can leave until a deadline and get a severance payout if they are unhappy with the management.<p>Here&#x27;s an article about it: <a href=""https:&#x2F;&#x2F;techcrunch.com&#x2F;2024&#x2F;10&#x2F;04&#x2F;wordpress-vs-wp-engine-drama-explained&#x2F;"" rel=""nofollow"">https:&#x2F;&#x2F;techcrunch.com&#x2F;2024&#x2F;10&#x2F;04&#x2F;wordpress-vs-wp-engine-dra...</a>",on_topic
63fa66de935d7b1f,worker,2016,,Why Don't People Manage Debt Better?,"I imagine the credit card payment processor pays at the end of the month? So when one accepts payment using credit card, is that an automatic 30 day credit the seller has extended to me?<p>I didn&#x27;t think about that. So essentially, the credit card issuer didn&#x27;t really spend &quot;their money&quot; at all. Wow. The more I learn the more I realize how little I know.",junk
f2dfff393332a9de,firm,2010,automattic.com/about,About Us,"Blogs: Аз, света и сметачите Younger than even Matt, Nikolay is blogging from small but beautiful Bulgaria. He makes sure the eskimo teens can blog in their native language. When not in front of the computer, Nikolay is either in Sofia University, torturing freshmen, or wandering around Bulgaria. Being like House, M.D. is his secret dream, although quite unattainable, having in mind his lovable nature. Blog: Raanan.com After using Gopher to impress the ladies in the 80s, and starting a web agency specializing in serving publishers and musicians in the 90s, Raanan decided to go to the dark side. Between Time Inc. and Dow Jones, Raanan worked on social media initiatives including RSS, search, podcasts, and the launch of AllThingsD.com . Now that we’ve nabbed him Raanan works on media services, partnerships, and oversees QA for the secret company BBQ sauce. (No Kool‑Aid here.) Blog: Design Simply Sheri is a designer, developer, and photographer currently living in Northern New York near Montreal. She earned a Bachelor’s in Business and a Chemistry minor from the University of Utah before spending eight years managing websites for Myriad Genetics in Salt Lake City. She has always considered herself a WordPress evangelist, and now her endlessly positive nature makes her a perfect fit as a Happiness Engineer at Automattic. Blog: Boren.nu Ryan writes code, fixes bugs, and wrangles his toddlers.",on_topic
d9e6e9aafcd19a68,worker,2014,,Show HN: Crowsnest – API for the Real World,"Not meant as anything but constructive observation - but not open sourcing the core means it could be seen as another closed platform play, with open source plugins being used as a way of getting free features. My guess is that if this idea is compelling enough to get traction, a FOSS version would emerge in any case - for reasons of privacy, price, technical roadmap ownership etc. and the real money would be in offering services and products around that (I&#x27;m thinking Wordpress&#x2F;Automattic). It&#x27;s an obvious pov and I could be completely wrong of course :p (I guess IFTTT is the counterexample)",junk
b238fb38f7efbe5e,firm,2012,automattic.com/about,About Us,"Blog: Two Ells Upon earning a degree in English literature and writing from UNC-Chapel Hill, Daryl realized he had no job prospects and decided to try his hand at computers. After short stints with a couple of small local companies, he did a long stint with a browser company and is now tickled pink to be working with WordPress on a day-to-day basis. He lives in Knoxville with his wife, two kids, dog, and fish, and he passes his time reading literary fiction. He will never give up on the Oxford comma but will happily split infinitives and end sentences prepositions with. 35.960638 -83.920739 James Huff Happiness Engineer 34.106400 -117.370323 Blog: MacManX.com James began using WordPress in 2004. Being new to WordPress (and blogging in general), he quickly found the WordPress Support Forums and basically never left. Today, many scholars debate whether he enjoyed volunteering his help to WordPress users, or if he simply couldn’t figure out how to close the browser window. James currently resides in sunny Southern California, where he enjoys bringing happiness to millions of WordPress.com and IntenseDebate users. 34.106400 -117.370323 Dion Hulse Renewable Engineering Specialist -28.621539 153.003946 Blog: blog://dd32.id.au/ Dion was born and raised in the country side of Australia. He started his journey with WordPress in early 2005 and has never left, some debate if WordPress was simply his out from University life, but others know it as a calling. During the day he can be found making WordPress.com more awesome , and during the night, making WordPress.org even awesome-er . -28.621539 153.003946 Takashi Irie Theme Wrangler 50.842941 -0.131312",on_topic
1fa094a13208d929,worker,2024,,The ACF plugin on the WordPress directory has been taken over by WordPress.org,"<i>&gt; Am I sitting on some regulatory board? What this got to do with me</i><p>Well, I asked a simple question: <i>Should</i> matt have such a veto power over what the community wants? What do <i>you</i> think? <i>Should</i> he?<p><i>&gt; if I had to propose anything it&#x27;d be form a board from all major contributors to solve this conflict</i><p>Ignoring for a moment that matt is banning contributors, rather than caring what they want: What about what the wordpress community wants? They are the most important and most numerous stakeholders here.<p><i>&gt; No, Matt not only embraced them, he supported and invested in them for years, before you and &quot;the community&quot; even heard about them. He was the one there from the very beginning.</i><p>No, the community has embraced WPEngine and their contributions to the community and to Automattic&#x27;s success. So <i>who specifically are you speaking of</i>, who merely &quot;tolerated&quot; WPEngine?",on_topic
7b0bad3e4df01a61,worker,2013,,Ask HN: Best mathematics courses for programming and intrigue?,"Ask HN: Best mathematics courses for programming and intrigue? What college courses did you take that you found to apply to programming (e.g. algorithms, logic) or found to be genuinely interesting?<p>FWIW: I&#x27;m a philosophy major with many courses in medicine, but it turns out RIT doesn&#x27;t have a medically-related minor. So I&#x27;m turning to math. I start my math minor in a month. I&#x27;ve taken calculus and biostats previously. I know Perl, PHP, JavaScript, R, SQL, shell scripting and CSS&#x2F;HTML. I do computational biology research with a professor and I hope to translate coding skills into an intro level job at a startup like Comprehend.com or Automattic.com.",junk
a7290dd9ce5aec37,firm,2010,automattic.com/about,About Us,"Blogs: simpledream , Travel Adventures Lance splits time between a home in the Tucson Mountains and wandering the byways of America in a 34′ motorhome with his intrepid wife and two naughty cats. Prior to Automattic he ran his own web development business, working with such companies as a high-end outdoor retailer, a digital photography studio, and a world-class birding tour company. When unplugged Lance can be found mountain biking, disc golfing, studying foreign languages and geography, drinking craft beer, and exploring the great outdoors. Born and raised in México, he can roll a fresh corn tortilla like a pro. 32.221743 -110.926479",on_topic
48a553a7806ea4a4,worker,2020,,Welcoming Automattic to Matrix,Welcoming Automattic to Matrix,junk
55ddd48c6a8c396c,worker,2015,,Simplenote by Automattic: the simplest way to keep notes,Simplenote by Automattic: the simplest way to keep notes,junk
4f851ac6ac862bf8,firm,2026,wordpressfoundation.org/trademark-policy,wordpressfoundation.org/trademark-policy,- You are using the logo on the official site for a WordCamp that has been approved by WordCamp Central.,on_topic
0d84df47210f0e4c,firm,2012,automattic.com/about,Like this:,"Blog: tekArtist Stephane currently lives in Montreal, Canada, where he shares his time between a family he adores and a career he is more than ecstatic about. He started working in the digital/web industry in 1994, and admits he is lucky enough to have done it all at some point or another. His favorite quote is Albert Einstein’s “I have no special talent. I am only passionately curious.” 45.508670 -73.553993 Pete Davies Growth Team Lead 37.906037 -122.544976 Blog: Pete Davies After nearly 30 years of fabulous British weather, Pete moved to the San Francisco Bay Area, where he was surprised to find it still rained. Unperturbed, he fell in love with the California outdoors and, among other things, learned to sail. In-between sailing trips and bike rides, he managed to get a fancy business degree from Stanford University. As a Business Engineer he builds partnerships between Automattic products and other awesome companies. 37.906037 -122.544976 Danilo Ercoli Mobile Wrangler 41.639601 13.342634 Blog: Danilo Ercoli Danilo was born and raised in the beautiful countryside of Ciociaria, central Italy. He was adopted from Bologna and start working as GIS developer when he was very young. He currently lives in Bologna, but travels all around Italy hoping to find the right place to live. Now he’s joined the mobile crew working on our mobile apps and on other open source projects. When not coding Danilo enjoys indie music, soccer and politics. His lucky number is 8, and his favourite quote is from a Keane song: “Oh, simple thing, where have you gone?”. 41.639601 13.342634 Egill R. Erlendsson DatAD Wrangler 64.111111 -21.905556",on_topic
672e58e177a1f847,firm,2012,automattic.com/about,Like this:,"In his move from Sydney, Australia back to the states, Dave decided to retire from his life as a nomad (52 homes in 30 years). He has lots of passions, most of them related to the web. He loves clean, usable, bloat-less interfaces. He’s a fan of iterative design, polishing everything until it’s right, and testing changes to see what kind of impact they’ve made. 35.732652 -78.850286 Lori McLeese HR Lead 37.774929 -122.419415 Blog: LoriLoo Originally from North Carolina, Lori makes her home in San Francisco, where she hikes amongst the Redwoods, reads all things paper and electronic, goes on slow runs, and makes gingerbread houses. At Automattic she loves working with the people, figuring out all things related to HR. 37.774929 -122.419415 Andrea Middleton Dot Organizer 45.523452 -122.676207 Blog: Wine Scamp Andrea will talk your ear off about wine, food, literature of all sorts, parenting, and anything else she thinks she knows a lot about. She’s lived in 5 states in the US and spent 5 years in Mexico City and the US Virgin Islands, respectively. When not engaging in WordPress community organizing high-jinks, she can be found juggling her two kids – almost never literally – and wondering what to make for dinner. 45.523452 -122.676207 Alex Mills VIP Support / Code Wrangler 45.523452 -122.676207 Blog: Viper007Bond.com After a previous life as a spy with the British Secret Intelligence Service, Alex joined Automattic to provide support for our awesome WordPress.com VIPs . When not being weird enjoying rain instead sun in Portland, Oregon, he enjoys driving his sports cars, playing video games with his friends, writing WordPress plugins , or riding his mountain bike. 45.523452 -122.676207 Nick Momrik Technical Assistant 43.419470 -83.950807",on_topic
0c04dc66ea278a7b,firm,2017,automattic.com/work-with-us,HOW WE WORK,"Diversity and Inclusion · In 2014 we started to work, as a company, on facilitating spaces for discussions about diversity at Automattic. And at the 2016 Grand Meetup with all of our employees across 50 countries, we decided to share with the rest of the world what we are doing about diversity and inclusion . What do we look for? · Automatticians are curious, driven, compassionate, tenacious, autonomous, friendly, independent, collaborative, communicative, supportive, self-motivated, and amazing with .gifs. We want to work with people interested in making the web and the world a better place. Think you’ve got what it takes? Apply today. Getting to know us · Would you like to know a bit more about what it’s like to be part of Automattic? Check out this Business Insider interview with Matt on how our company runs without offices or email. Meet a few colleagues (aka Automatticians) and hear about their experiences in their own words. Eric did a Q&A on what it’s like to work at Automattic. Still on the fence? Karen says you should really just apply. Take a look at all of the things we accomplished in 2016 .",on_topic
a3897f429ce6220a,worker,2024,,Filed: WP Engine Inc. v Automattic Inc. and Matthew Charles Mullenweg [pdf],"Source for the Mullenweg statement <a href=""https:&#x2F;&#x2F;ma.tt&#x2F;2010&#x2F;09&#x2F;wordpress-trademark"" rel=""nofollow"">https:&#x2F;&#x2F;ma.tt&#x2F;2010&#x2F;09&#x2F;wordpress-trademark</a>",on_topic
29d44f3897fddfe8,firm,2016,automattic.com/work-with-us,Our Development Process,"Data-informed, user-driven · For every feature we launch, we gather metrics about its usage, interaction, and growth in addition to listening to the masses of feedback we get on our blog and through support. This helps us inform decisions about where things need to go. It’s not uncommon to launch a feature and then revise it several times over the next week. We have a one-button deploy system for WordPress.com, and we push code to the site 60–80 times a day. WordPress.com is synced with the WordPress.org trunk pretty much every weekday. We’re strong believers in Open Source , and we try to open source everything we can. The company was structured to align the economic incentives as such.",on_topic
e743f53c7c2ca662,worker,2018,,Show HN: Transity – Plain Text Accounting,I&#x27;ve written a tool that can import data from my various bank accounts and credit cards. It&#x27;s semi-automatic. Uses machine learning to guess the correct account but I can quickly change it. I then put the finishing touches on by hand.,junk
8ecca24d2118c067,firm,2020,automattic.com/creed,Share this:,Click to email this to a friend (Opens in new window) Click to share on LinkedIn (Opens in new window) Click to share on Twitter (Opens in new window) Click to share on Facebook (Opens in new window) Click to share on Tumblr (Opens in new window),junk
c929a9bc01072ee8,worker,2015,,Automattic has released an open source WordPress.com Mac app,Automattic has released an open source WordPress.com Mac app,junk
0b6af3dac43a7ba5,worker,2024,,"WPEngine, Inc. vs. Automattic– Order on Motion for Preliminary Injunction","&gt; Defendants’ arguments in opposition do not persuade otherwise. They assert that “[t]he public is not, and will not, be subject to any harm in the absence of a preliminary injunction” noting that WPEngine implemented a workaround for Mullenweg’s interference with its access to WordPress. Opp. at 33. Not so. In his reply declaration, Prabhakar explains that the temporary solution “is impractical for many reasons.” Prabhakar Reply Decl. ¶ 4. Without access to wordpress.org, those who use WPEngine’s plugins “would not know that their plugins require
update[.]” Id. Many do not know how to update plugins manually. Id. For those that do, if they manage several websites, and those websites run multiple plugins, the process of performing manual updates would be too onerous and time consuming to be workable. Id. Moreover, even if WPEngine’s workaround did not present the difficulties Prabhakar describes, the costs associated with its implementation, as necessitated by Mullenweg’s conduct, supports the issuance of injunctive relief.<p>Ouch. The court is basically saying that they need to implement the preliminary injunction for the wider public good. Rather puts the lie to several assertions by Mullenweg.<p>In fact, it&#x27;s not at all looking good for Mullenweg or Automattic.",on_topic
e69fbc30a4c4ef7f,worker,2025,,Matt Mullenweg deactivates WordPress accounts of contributors planning a fork,Matt hasn&#x27;t done a code commit since 2009.<p>Matt himself has claimed that Automattic and WPEngine have similar revenue levels.<p>Edit: &quot;has&quot; -&gt; &quot;hasn&#x27;t&quot; lol,on_topic
1184226c85bda73a,worker,2012,,Automattic's Coed Poet – Because You Make Things With WordPress,Automattic's Coed Poet – Because You Make Things With WordPress,junk
cbca971c691ca460,worker,2013,,Ask HN: Virtualized credit card numbers (a la Google Voice for Visa),"Ask HN: Virtualized credit card numbers (a la Google Voice for Visa) I'm getting really frustrated with the number of times my credit card number seemingly gets compromised (not usually of my own doing, as best I can tell, but it's easily twice a year or more).  Not so much for the hassle of getting a new card, but for the hassle of all the places online (and elsewhere) that have my card on file for automatic payments and subscriptions and so on.<p>What I'd /like/ is to have some sort of abstraction layer for credit card numbers for specific purposes.<p>I know there are cards I can get where I can get a ""one-time use"" credit card number for online purchases that limit the OTU account number to a certain dollar amount, so that it can't be used again if compromised. But what I'm looking for is something a little more flexible.<p>What I'd like is to be able to do is something like this:<p>- generate a virtual credit card number on demand that ties to my ""real"" credit card account<p>- tie the virtual card to a specific merchant, or ideally have it auto-tie to the first merchant that charges against it<p>- have that virtual card reject charge attempts from anyone other than that original merchant<p>- allow me to re-direct that virtual card number to a different ""real"" credit card if it changes<p>- allow me to cancel that virtual account on demand<p>- (optional) set a monthly limit that can be charged on that virtual card<p>Basically, I want the rough equivalent of something like Google Voice (give out one phone number, but be able to forward that number to another one as needed) but for credit cards.<p>So I ask of you kind folks here, does such a beast exist? Do you use any service that even comes close to this?<p>I'd think this could be a useful service if it didn't exist, especially as more and more purchasing happens online and not places where a physical card would be needed.",junk
76738341410c3a58,firm,2012,automattic.com/about,Like this:,"Blog: Map & Menu A misplaced North Carolinian in the original Portland (Maine, that is), Michael moved to New England after graduating from the University of North Carolina. Taking his girlfriend and dog with him, they ventured north to chase some adventure, eat some good food, and drink some great beer. When he’s not pushing pixels for the Theme Team, he’s doing just that, with maybe some kayaking and hiking thrown in. 43.641472 -70.240881 Velda Christensen Happiness Engineer 40.391617 -111.850766 Blog: Legend of Velda An artist raised by geeks in the beautiful Utah mountains, Velda has been using computers as a canvas for digital expression for as long as she can remember. She loves to help others do the same. With her ridiculously long list of interests and activities, it’s best to simply say that Velda is a huge fan of the universe and the people in it. She especially loves being the mom of her two awesome kids. 40.391617 -111.850766 Brian Colinger Code Wrangler 36.335911 -94.460771 Blog: Colinger.com Brian lived in San Jose, CA for 3.5 years then hightailed it back home to Arkansas after joining Automattic. He works on various WordPress importers and is a VaultPress Safekeeper among other things. 36.335911 -94.460771 Rebecca Collins Happiness Bartender -34.912170 138.613524 Blog: howdiyblog.com A lover of all things craft and music, Rebecca is an American expat living in the land down under. She now calls the lovely Adelaide, South Australia home, despite its void of a couple of life’s essential luxuries – Mexican food and late night shopping. A combined passion for the web, technology and marketing led her to join the Premium Services team at Automattic. -34.912170 138.613524 Robert Collins Mobile Wrangler 47.820930 -122.315131",on_topic
49a4aeeb9c0476bc,firm,2014,automattic.com/about,About Us,"Kevin grew up in North Carolina and currently resides in Washington, D.C. but is probably traveling right now. He has always enjoyed fiddling on computers, since the halcyon days of the IIc. Somehow this became a career. After working with journalists and open government advocates, today Kevin tries to make the web a better place by fighting trolls in legal clothing and incorrigible spambots. Cowboys. Tentacles. Werewolves. Oh my. 38.907231 -77.036464 Tony Kovanen JavaScript Wrangler 60.173324 24.941025 Tony is a developer who was born, raised and lives in Helsinki, Finland. He loves code of any kind, especially everything web related. Most of his time he spends wrangling code as a JavaScript engineer in Jetpack and as a core team member of the Socket.IO project. He is currently working towards a degree in Computer Science at the University of Helsinki. He loves to travel, so don’t be surprised to see him away from his cold and distant home. 60.173324 24.941025 Konstantin Kovshenin Code Wrangler 55.751242 37.618422 Blog: kovshenin.com Born in Nizhniy Novgorod, raised in Malta, then Magnitogorsk. Enjoying life in Moscow. Speaks English, Russian, Italian and of course WordPress. Working with the Dot Org team at Automattic, bringing joy to the WordPress Community and the Open Source world. During his free time Konstantin plays the piano, walks the dog, drinks a lot of coffee and contributes to Core. 55.751242 37.618422 Brandon Kraft Cheesiness Engineer 30.267153 -97.743061",on_topic
1e6a2d4342a75419,firm,2013,ma.tt/2011/09/automattic-creed/,50 Comments,"Elisa — September 22, 2011 @ 8:40 am You get to the heart of what makes a great company, that you encourage, almost demand that your employees always keep growing, something I’ve tried to share with other company owners as a sure way to ensure longevity! Reply Rich Ashby — September 23, 2011 @ 2:58 am Found this really inspiring, and felt compelled to blog about it – http://richtacular.com/wp/wonder/ I’ve been developing websites and producing content for years, but have never encountered a friendlier and more inclusive user community than that of WordPress. Feels great to be a small part of something important. Reply",on_topic
ad95d5393b7a2151,worker,2024,,Mullenweg threatens corporate takeover of WP Engine,"Again you&#x27;re claiming it was &quot;sudden&quot;, but it does not appear to have been sudden.
Meanwhile: nobody seems to deny that WPE could simply use WordPress&#x27;s OSS software assets to stand up their own services, including Mullenweg. But that&#x27;s all open source gets you. It doesn&#x27;t entitle you to trademarks or online services!",on_topic
daea6d386056d77b,worker,2014,,Bitcoin adoption in 2015,"&gt; Fewer transactions and lower volume than last year.<p>Again, for the 4th(!) time, you have no data proving this.<p>&gt; Multiple vendors on &#x2F;r&#x2F;bitcoin claiming little to no volume either compared to last year.<p>A few anecdotes != reliable statistics<p>&gt; Right so reports from multiple vendors about lackluster sales are anecdotes.<p>Yes. Your &quot;multiple vendors&quot; probably means &quot;less than a dozen vendors&quot;, which is insignificant given there are tens of thousands of vendors in the world accepting Bitcoin.<p>&gt; How about the fact that bitpay has been claiming the 1m a day in transactions now for over half a year? How about that for no growth?<p>Ha! Now you change your claim. You talked earlier about a significant reduction, a &quot;huge flop&quot;. Now you claim stagnation, no growth. That&#x27;s very different.<p>&gt; Here are the figures from their releases so far
&gt; Jan 10 - 130K Jan 11-29 - $26K&#x2F;day average Next 36 days to March 4th they do $400K - $11K&#x2F;day average Next 83 days to May 27th they do $600K - $7200&#x2F;day average
&gt; Now they are claiming $7000 a day. Given that the $7200 * the number of days left in the year = $3m I&#x27;m guessing we&#x27;ll see that $3m number change again when they actually release their financials.<p>Sales were declining, but not anymore, not since September, not since the last 3 months. That is exactly what I claimed, and nothing more. I said: &quot;They have reached a steady state of $7000-8000 a day FOR THE LAST 3 MONTHS&quot; (emphasis mine).<p>&gt; Cash works like this because you are physically present with the merchant when you use it so you can validate immediately if you are getting ripped off or not.<p>Exactly, and I am glad to see you acknowledge that Bitcoin&#x27;s lack of CC-like consumer protections is a total non-problem in such scenarios. You made it sound like such protections were absolutely necessary, at all time, or else Bitcoin can never work!!!!!1!one<p>&gt; Right but it has to satisfy enough common ones to convince users to make the additional effort to acquire it. It&#x27;s not doing that.<p>Yes, and I think you will agree that &quot;reducing fraud to zero for merchants&quot; is a pretty major use case given that fraud is a huge problem for merchants online. As well as &quot;being able to pay a trusted merchant online while guaranteeing not having a CC number that can be stolen&quot; since financial theft is becoming more and more frequent.<p>&gt; Yes that explains why there are no scams in bitcoin at all. And there were no complaints about Tigerdirect fulfillment related to bitcoin orders.<p>Technological problems from one merchant&#x27;s deployment of Bitcoin is hardly a sign that &quot;OMG Bitcoin totally doesn&#x27;t work and will never be adopted&quot; as you make it seem to be. For every customer who experiences one issue paying&#x2F;getting a refund in Bitcoin, there are many more customers who do so without any problem.<p>&gt; But it&#x27;s not a tremendous hassle. You call the bank tell them the card was stolen(or they detect it) list any transactions you didn&#x27;t make and the money is refunded and a new card is posted. There are a handful of cases where it is more difficult than that. Do you have examples of it affecting credit scores?<p>Obviously, whether it is a tremendous or a minor hassle is a matter of personal experience, and a matter of how much of your life depends on credit cards. But my point is: it can be a tremendous hassle, and credit cards do not automatically make a theft a non-issue. Some examples of major hassles: having you card stolen and having to cancel it during a vacation away from home. After a theft you have to re-configure all automatic periodic payments that were due to be processed on the CC. You forgot to give the new CC number to your cloud service provider? Oops they can suddenly shut down your instances at 3am with little to no notice. Your wife had set up some other random online service paid through the CC, but you were not aware of it? Oops her online account will be closed as fraudulent and it will take multiple phone calls and emails to the support department to get it re-opened. The CC thief&#x27;s actions lead to some negative events added to you credit history? Oops good luck spending multiple WEEKS contacting the credit scoring agencies indepedentently to get your records cleaned up, and submit the proper documentation to prove it was all due to a theft.<p>Bottom line: you know how some Bitcoin fanboys blatantly ignore its kinks? Well you are guilty of the same thing when you blatantly and childishly ignore the kinks of credit cards when they are stolen and have to be replaced.<p>&gt; Walk me through the steps to buying and putting bitcoin on your hardware wallet that wouldn&#x27;t be compromised by the user having a virus on their computer that targeted bitcoin.<p>You mean the same computer where the virus will also steal the CC number that the user enters on a website when making a payement? Hmm? How does this virus scenario demonstrates that credit cards are safer? If the user cancels the first CC, gets a second one, what prevents the virus from stealing the second CC number at the next purchase? CCs don&#x27;t solve this virus problem at all.<p>However I can envision scenarios where Bitcoin hardware wallets actually solve this virus problem. The simplest one is: you could buy a pre-loaded cheap disposable wallet (maybe in the form factor of a credit card) hence completely skipping the virus-ladden PC.<p>&gt; Which one have you used and I&#x27;ll tell you how to abuse it.<p>I used casascius&#x27;s Bitcoin Address Utility. It has a self-escrow (two-party escrow) functionality which is not user-friendly, but the it is cryptographically well implemented and very secure.<p>&gt; That is a physical presence. The fact that they are using someone elses physical presence doesn&#x27;t mean they don&#x27;t need one. It means they are using someone elses locations to subsidize their own. Companies tend to not like that which is why I would put money on sendbitcoin.mx being shut down within the next 6 months.<p>We shall see.",junk
91a472a606dd8205,worker,2024,,Some Automattic employees accept severance package offer,"So whoever is good enough to land a job in this crappy market got a sweet payday and the moat will stay in the company. What a brilliant move!<p>I think these people really overestimate how much people give a shit about their company and what they are doing. Automattic is a sweet remote first shop which pays well - albeit I&#x27;ve heard you have to drink plenty of BS in day to day job.<p>Attacking WP Engine and preventing them to access OSS (which is not even OSS if you can ban people you don&#x27;t like) was moronic enough, but this tops that.<p>I wonder who the hell advises these people - or maybe they&#x27;re rich enough they just don&#x27;t listen to anyone.",on_topic
6d6edb1bb8f5a67b,firm,2021,automattic.com/creed,The Automattic Creed,"I will never stop learning. I won’t just work on things that are assigned to me. I know there’s no such thing as a status quo. I will build our business sustainably through passionate and loyal customers. I will never pass up an opportunity to help out a colleague , and I’ll remember the days before I knew everything. I am more motivated by impact than money , and I know that Open Source is one of the most powerful ideas of our generation. I will communicate as much as possible, because it’s the oxygen of a distributed company. I am in a marathon, not a sprint , and no matter how far away the goal is, the only way to get there is by putting one foot in front of another every day. Given time, there is no problem that’s insurmountable. For some context, check out Matt’s post “Why Your Company Should Have A Creed.” Another manifesto or creed we like is Acumen’s . We love Gitlab’s values . If there are others we should have on our radar please let us know. Automattician Greg Brown compares it to the Bill Walsh Standard . These principles are great for a printed poster or digital wallpaper: Check out this cool visualization of the creed by Patrick Rauland and Clark Wolter, and this colorful art poster made by the Automattic Design team. Automattic Customize Sign up Log in Copy shortlink Report this content Manage subscriptions",canon
25da0e781ef4a98c,worker,2025,,"Show HN: Llmswap v3.0 – CLI and SDK for OpenAI, Claude, Gemini, Watsonx","Show HN: Llmswap v3.0 – CLI and SDK for OpenAI, Claude, Gemini, Watsonx LLMSwap is a CLI and Python SDK for switching between AI providers (OpenAI, Claude, Gemini, IBM watsonx, Ollama) with automatic fallbacks and response caching.<p>Started this during a hackathon when constantly switching between Claude for code review and GPT-4 for debugging. Got tired of managing different API clients and keys.<p>After the hackathon, kept building on it. Added CLI when I wanted to pipe error logs directly to AI for analysis. Added caching when I realized I was testing the same prompts repeatedly during development and burning API credits. Added code review features when our team started using it in CI&#x2F;CD.<p>New in v3.0 - Professional CLI:
1. llmswap ask &quot;Debug this SQL query performance issue&quot;
2. llmswap review app.py --focus security  
3. llmswap chat  # Interactive AI sessions
4. llmswap debug --error &quot;ConnectionTimeout in production&quot;<p>Python SDK features:
1. Multi-provider support (OpenAI, Claude, Gemini, IBM watsonx, Ollama)
2. Response caching for cost reduction (great for development&#x2F;testing)
3. Auto-fallback when providers fail
4. Async support with streaming
5. Thread-safe for production apps<p>Real-world use cases:
1. Developers: Code review, debugging, documentation
2. Content teams: Writing, analysis, research
3. Startups: Prototype quickly, switch providers based on cost&#x2F;features
4. Students: Free local models (Ollama) + cloud when needed
5. Enterprise: IBM watsonx integration for regulated environments<p>Three versions later, it&#x27;s become our go-to tool for anything AI-related in development workflows. The CLI works great in automation - we use it for automated code review and log analysis in CI&#x2F;CD.<p>Technical notes:
1. Zero dependencies for basic CLI usage
2. Works offline with local models (Ollama)
3. Production-ready with error handling and retries
4. Full backward compatibility from v1.0<p>Real-world adoption: 5k+ PyPI downloads<p>Install: pip install llmswap",junk
715471a6ef5d5af2,firm,2014,automattic.com/about,About Us,"Blog: blog.michaelarestad.com Michael was born in Texas and raised in Colorado. He lives in sunny downtown Denver. When he’s not moving pixels around on an array of screens, Michael is either making CSS do backflips , skiing, enjoying scifi, or playing pinball in one of the arcades. Say hello on twitter ! 39.737567 -104.984718 Mark Armstrong Editorial Team 37.824371 -122.231635 Blog: Markarms.com Mark joined the Automattic family by way of Longreads , a service he founded in 2009. He’s now on the WordPress.com Editorial team, helping work on new ways to find, share and create outstanding content. Mark spent 11 years in New York before returning to his California roots in 2012. 37.824371 -122.231635 Karen Arnold Happiness Organizer 35.110703 -106.609991 Blog: Karen’s Blog Karen Arnold (pronounced Car-en) and her husband, 4 children, 4 cats, and approximately 10 chickens, live in sunny Albuquerque, New Mexico. When she isn’t engineering happiness at WordPress.com, she helps her husband homeschool their energetic kiddos, tries to blog regularly, and brainstorms ways to meet every WordPress user in New Mexico. 35.110703 -106.609991 Joen Asmussen Design Wrangler 55.990970 12.541668 Blog: Noscope Working out of Denmark, Joen loves good design and good usability, and strives for both. When he’s not wrangling design, he’s really into Sweden, science fiction books and Sonic Youth. He also does posters once in a while, just for fun. 55.990970 12.541668 Marjorie Asturias Happiness Engineer 32.814018 -96.948894",on_topic
f5caad9d21e6ac3c,worker,2015,,What Microsoft is this the Altair Basic of?,"I think that the lesson you&#x27;d draw from many of these successes is something like this:<p><pre><code>    1. Find a specialty or niche that you care about.
    2. Excel in it.
    3. ????
    4. Profit!
</code></pre>
First, look at #1. For Microsoft, this was putting a modern (by the standard of the time) language on microcomputers as the PC era began. For Facebook, it was improving the way people manage and form weak ties. For Google, it was improving search.<p>These ideas seemed &quot;lame&quot; for businesses because they were hobbyist projects, but done to excellence because of the passion that was behind them. Still, hobby + excellence doesn&#x27;t always make a business. You need a lot of help, and that help can be hard to summon.<p>Of course, there are also counterexamples. If Evan Spiegel excels at anything, it&#x27;s writing creepy emails to his frat brethren. He&#x27;s clearly not a technologist, and that applies to most of the VC darlings in this round, which is why it&#x27;s going to be horrible for a lot of people when the chickens come home to roost and these P&amp;D fake-tech companies have no buyers. But enough about that...<p>Where there&#x27;s confusion, I&#x27;d say, is at step #3. To what extent is excellence (even in something that seems &quot;lame&quot;, insofar as being impossible to build a business on, like fixing web search) going to get noticed and draw enough backing to overcome the extreme &quot;pointiness&quot; (as opposed to well-roundedness) that comes with narrowly-focused excellence (which seems, to most, to be a hobby project at best and obsessive at worst). And what are the odds? I don&#x27;t know what the answers are.<p>I did #1 and #2 when I optimized hand-luck out of a trick-taking game, Ambition. ( <a href=""https://docs.google.com/document/d/1S7lsZKzHuuhoTb2Wj_L3zrhHZh5IEKBDf56ExgErv4o/edit"" rel=""nofollow"">https:&#x2F;&#x2F;docs.google.com&#x2F;document&#x2F;d&#x2F;1S7lsZKzHuuhoTb2Wj_L3zrhH...</a>
) It&#x27;s been published in a few gaming magazines (mostly abroad, as in Hungary and Japan) but generally hasn&#x27;t caught on, and I doubt it&#x27;ll ever make me rich. I guess you can say that step #3 isn&#x27;t automatic. But I&#x27;m not sure that that&#x27;s a bad thing. Excellence doesn&#x27;t need to produce wealth to be valuable, and doing something to make money makes excellence almost impossible in practice, anyhow. (Excellent products can make money, but products that are optimized for money-making are rarely excellent, because value-creation and value-capture are separate disciplines and antagonistic toward one another at the highest levels of performance.)<p>One thing I admire about Paul Graham (despite differences) is that he does place a value on excellence, as you can see in his work on Lisp. He understands excellence as a virtue (which is admirable) and believes that the market will reward it (which is debatable; we agree that there is correlation but would disagree on its strength). For his part, he tried to make an excellent Lisp (Arc) and showed a strong aesthetic sense. It didn&#x27;t catch on. Rich Hickey made a Lisp that was, at the time, uglier but because it ran on the butt-ugly JVM, and you had a lot of S-expressions that looked more like 
    (.addEventListener thingy other-thingy) 
than 
    (map (comp f g) list).<p>Eight years later, most of Clojure is beautiful (unless you peer into the innards) because of the work it has attracted. All I&#x27;m saying  is that it&#x27;s hard to predict who&#x27;ll win. If it was 2006 and someone told you that in half a decade, the best Lisp would be on the JVM, you&#x27;d laugh in that person&#x27;s face. And yet... that&#x27;s what happened.<p>I think we can agree that excellence, because of the narrowness of focus it often (and not always, but often) requires, will lead a person to be thought &quot;lame&quot;. (There is also the extremely slow process through which true excellence is recognized.) In 2006, many would&#x27;ve written Rich Hickey off as a barely-employed ex-musician trying to do the impossible (write a beautiful Lisp on top of the JVM) and unsellable (who&#x27;d buy it)? And yet Cognitect has shown that Clojure&#x27;s excellence <i>is</i> sellable. From the statically typed world we seem similar slow uptake: Haskell&#x27;s over 25 years old and just starting to be recognized as a practical language for &quot;real programming&quot;. Full agreement exists on #1 and #2.<p>What about #3: the &quot;????&quot; term that leads from focused, diligent excellence to freely flowing money? Before Silicon Valley, I feel like Americans were more honest about the <i>lack of</i> a strong relationship between excellence and financial success. People understood the &quot;starving artist&quot; concept, and that writers of trash novels (e.g. <i>Fifty Shades of Gray</i>) would economically outperform people writing genuine literature. (That said, don&#x27;t write off Tolkien, King, or Rowling just &#x27;cause they do &quot;genre lit&quot;; they&#x27;re fantastically skilled.) The problem with Silicon Valley exceptionalism is that these people believe that they&#x27;ve transcended the nonexistence of a causal arrow between excellence and financial success. That leads to a naive optimism at first, and later to a self-serving sense of &quot;meritocracy&quot; that&#x27;s divorced from reality. The <i>truth</i> about item #3 in the above is that it&#x27;s <i>very</i> random and we have almost no insight into how it actually works, and that&#x27;s upsetting but I don&#x27;t know what to do about it.",junk
59858d3978ea17f9,firm,2010,automattic.com/about,About Us,"Blog: A Fool’s Wisdom Lloyd is Canadian. We forgive him for this. We’re trying to guilt him into sending in a bio. Let’s see how long it takes him to notice. It’s been a few years so we’re not optimistic. 48.428611 -123.365556 Brian Colinger Code Wrangler 36.188136 -94.540496 Blog: Colinger.com Brian lived in San Jose, CA for 3.5 years then hightailed it back home to Arkansas after joining Automattic. He works on various WordPress importers and is a VaultPress Safekeeper among other things. 36.188136 -94.540496 Kevin Conboy Design and UI Engineer 39.596389 -104.843889 Blog: Alternate.org Kevin lives in Boulder, Colorado, where the sun shines more than 300 days out of the year, which is good because he’s originally from San Diego. After attending art school for graphic design in the late 90s, Kevin found himself caught up in the whirlwind of the web agency world during the dot-com boom. More recently, however, Kevin spent quite a while doing interface work for the financial industry and knows more about earnings per share than he’d care to admit. Happily married with three kids, Kevin plays in a band and has been blogging for more than 10 years. 39.596389 -104.843889 Stephane Daury Code Wrangler 45.508889 -73.554167 Blog: tekArtist Stephane currently lives in Montreal, Canada, where he shares his time between a family he adores and a career he is more than ecstatic about. He started working in the digital/web industry in 1994, and admits he is lucky enough to have done it all at some point or another. His favorite quote is Albert Einstein’s “I have no special talent. I am only passionately curious.” 45.508889 -73.554167 Pete Davies Business Engineer 37.906037 -122.544976",on_topic
1b38cee796c21eca,worker,2014,,"Automattic Raises $160 Million, Valued at $1.16 Billion","I don&#x27;t know, Automattic seems much more obscure than a lot of the companies we usually talk about.",on_topic
94fe2cf5f5fd69a8,worker,2025,,Automattic counterclaims against WP Engine in WP lawsuit for trademark misuse,Automattic counterclaims against WP Engine in WP lawsuit for trademark misuse,on_topic
8f1f06e779f242ce,firm,2016,ma.tt/2011/09/automattic-creed/,Why Your Company Should Have a Creed,"Does your company have a creed? Twice a year, True Ventures (one of Automattic’s investors) organizes an event called Founders’ Camp, a one-day conference for the founders and CEOs of companies in their portfolio. The latest was held in the Automattic Lounge at Pier 38 in San Francisco ( it could be the last ). There was an interesting conversation led by Ethan Diamond , Alex Bard , Howard Lindzon , and Narendra Rocherolle on the importance of culture in an organization and how it gets formed. Despite its importance, “culture” is one of those fuzzy things that’s difficult for many founders, especially men, to discuss earnestly. Even though I have extremely strong opinions about company culture, I find it feels “corny” to talk about it directly. Nevertheless, as part of the discussion, I shared the following practical example from Automattic about something we did to codify and share our values. It started innocently enough — someone copied me when they emailed their paperwork to accept a job offer. For the first time in a while I looked at the offer letter and realized that it read like a bad generic legal template: no branding; terrible typography; the most important information (start date, salary, stock options) buried under a sea of text; and, worst of all, it was being sent out in .docx format (especially embarrassing for a company whose foundation is Open Source). The offer didn’t reflect who we were, how we worked, and certainly not how we thought about design and user experience.",on_topic
569c83b6660f89fc,worker,2025,,What services or apps did you see abroad and wonder: why don't we have them?,"In London contactless payment via credit&#x2F;debit&#x2F;Apple&#x2F;Android has automatic daily and weekly caps<p><a href=""https:&#x2F;&#x2F;tfl.gov.uk&#x2F;fares&#x2F;find-fares&#x2F;capping"" rel=""nofollow"">https:&#x2F;&#x2F;tfl.gov.uk&#x2F;fares&#x2F;find-fares&#x2F;capping</a><p>Depending on the frequency of travel, it can be cheaper to get season tickets though",junk
04017f7a0d4677b6,worker,2024,,Helping wikis move away from Fandom,To be fair I think you could argue we&#x27;re actively witnessing a cautionary tale about one founder having large interests in both a nonprofit and a related for-profit company with the ongoing Wordpress.org&#x2F;Automattic&#x2F;WPEngine drama.,on_topic
a9e936997a955ec3,firm,2012,ma.tt/2011/09/automattic-creed/,45 Comments,"Kitta — September 19, 2011 @ 11:43 pm I like that the first line is “I will never stop learning” it’s one of my own personal creeds. Reply Dave — September 20, 2011 @ 8:17 am That’s great – I love that rather than signing an offer letter, you’re actually signing that you agree with the creed. You have no idea how important an offer letter is. At a company I worked for, I once got a big promotion, and the offer letter was insulting – it read like I was being punished and demoted and I almost quit because it offended me so badly! Reply Alex Tabone — September 20, 2011 @ 8:39 am Brilliant! This technique of reading and signing the Automattic Creed is a weapon of influence, as described in “Influence – The psychology of persuasion” by Robert B. Cialdini (in the chapter titled “Commitment and Consistency”). In this case, it is a weapon capable of generating positive actions. The creed leads the Automattician to commit him/herself to the company, and in the near and not-so-near future, the Automattician will take decisions, consciously and unconsciously, in line with the creed. A great step in aligning the individual’s actions with the company’s vision. Reply Dolorina — September 20, 2011 @ 8:53 am I like the creed. The part that says “I’m in a marathon, not a sprint and no matter how far away the goal is, the only way to get there is by putting one foot in front of the other. Given time, there is no problem that’s insurmountable”. If there’s a will, there’s a way. Keep trying until you succeed. That’s what comes to mind on that. Reply",on_topic
30bb81e3e55091e1,firm,2026,wordpressfoundation.org/trademark-policy,wordpressfoundation.org/trademark-policy,"- You are using a graphic provided by a WordCamp to promote the event or the fact that you are attending, speaking, volunteering, or sponsoring the event.",on_topic
c688d54fa271f75e,firm,2025,ma.tt/2011/09/automattic-creed/,Why Your Company Should Have a Creed,"Does your company have a creed? Twice a year, True Ventures (one of Automattic’s investors) organizes an event called Founders’ Camp, a one-day conference for the founders and CEOs of companies in their portfolio. The latest was held in the Automattic Lounge at Pier 38 in San Francisco ( it could be the last ). There was an interesting conversation led by Ethan Diamond , Alex Bard , Howard Lindzon , and Narendra Rocherolle on the importance of culture in an organization and how it gets formed. Despite its importance, “culture” is one of those fuzzy things that’s difficult for many founders, especially men, to discuss earnestly. Even though I have extremely strong opinions about company culture, I find it feels “corny” to talk about it directly. Nevertheless, as part of the discussion, I shared the following practical example from Automattic about something we did to codify and share our values. It started innocently enough — someone copied me when they emailed their paperwork to accept a job offer. For the first time in a while I looked at the offer letter and realized that it read like a bad generic legal template: no branding; terrible typography; the most important information (start date, salary, stock options) buried under a sea of text; and, worst of all, it was being sent out in .docx format (especially embarrassing for a company whose foundation is Open Source). The offer didn’t reflect who we were, how we worked, and certainly not how we thought about design and user experience.",on_topic
55411e42b6b4376e,firm,2016,ma.tt/2011/09/automattic-creed/,54 thoughts on “ Why Your Company Should Have a Creed ”,"About the ‘I never stop learning’… it reminds me a favorite ‘dogma’ of one of the members of the community I lived in in the late 80’s of last century (wow, stating it this way, it sounds Iike I’m part of history already). “The Teacher is there, when the Pupil is ready.” Since I knew it all, I’m the best, I’m the expert in no matter what, it took me years to discover so many people are there, willing and ready to teach me… And since I discovered that, I’m teaching while learning… and learning while teaching… Pingback: Un credo para tu empresa | MundoCaco // Diseñismo for Life I absolutely love this post, and while I know it is an old one, I wanted to post my organization’s creed, which we just developed at a recent board meeting: I believe that nonprofits exist to make our world a better place. I am motivated by the good in people and their desire to help others less fortunate. Being confident in my abilities while being open to new ideas is the surest way to continuous improvement. I choose communication over assumption, listening before giving advice, and lending a hand to any organization in need. I know that we are limited only by our imaginations, and it is with that spirit I choose to meet each and every day. Pingback: Travel info alert: could WordPress be the next Tumblr? - itraveltree | itraveltree Pingback: Five Years | i want to go to there.",on_topic
aac234fcbb5ce243,firm,2012,automattic.com/about,About Us,"Blog: Where am I… Shaun never knew what he wanted to do. Like George Costanza, he always wanted to pretend to be an Architect. Somewhere along the way, he managed to score a B.S. in Engineering, minoring in math and physics. That degree quickly fell by the wayside, as his heart pushed him toward design. That was nearly 10 years ago. These days, Shaun can be found obsessing over details while tilting his head like a confused dog. He dribbbles way to much, and tweets continuously. 42.085000 -76.054167 Brad Angelcyk Mobile Wrangler 42.129224 -80.085059 Joen Asmussen Design Wrangler 55.676097 12.568337 Blog: Noscope Working out of Denmark, Joen loves good design and good usability, and strives for both. When he’s not wrangling design, he’s really into Sweden, science fiction books and Sonic Youth. He also does posters once in a while, just for fun. 55.676097 12.568337 Daniel Bachhuber Code Wrangler 45.523452 -122.676207 Blog: Daniel Bachhuber’s weblog Like a fair number of Automatticians, Daniel is a dude with a particular selection of habits. He likes to run in the countryside, ski inbounds and off-piste, travel, cook with friends and family, and use WordPress to solve the future of journalism. After a year in NYC, Daniel is back living in Portland, Oregon, the best city in the world. His mother says there’s a lot of funny things that can be said about Daniel, but we try to keep those offline. 45.523452 -122.676207",on_topic
ac1e093c8ed11578,firm,2014,automattic.com/work-with-us,Our Development Process,"Data-informed, user-driven · For every feature we launch, we gather metrics about its usage, interaction, and growth in addition to listening to the masses of feedback we get on our blog and through support. This helps us inform decisions about where things need to go. It’s not uncommon to launch a feature and then revise it several times over the next week. We have a one-button deploy system for WordPress.com, and we push code to the site 60-80 times a day. WordPress.com is synced with the WordPress.org trunk pretty much every weekday. We’re strong believers in Open Source , and we try to open source everything we can. The company was structured to align the economic incentives as such.",on_topic
9244748eabda5b70,firm,2012,automattic.com/about,Like this:,"Blog: mattnt.com MT has been a designer since before he knew what that meant. When he was a child, his parents would often return home to find their furniture and artwork rearranged. Ever since, he’s been interested in making things simpler, more beautiful, and more fun to use. After adventuring in Savannah, Baltimore, and New Orleans, he now lives in lovely LA (Lower Alabama) with his trusty sidekick, Maggie . 30.882963 -87.773047 Elizabeth Urello Happiness Engineer 35.960638 -83.920739 Blog: Accismus After living in Chicago and Brooklyn, Elizabeth now resides once more in her hometown of Knoxville, Tennessee. She’s not sure where she’ll move next, but she’s determined it will not be anywhere cold. Elizabeth is thrilled to spend her days engineering happiness for WordPress.com. She spends most of her nights reading novels and telling herself that she really ought to go for a run or something. 35.960638 -83.920739 Filipe Varela Design Engineer 38.725299 -9.150036 Blog: mute life * Born and raised in a small town in Portugal, Filipe wanted to be a crazy scientist when he grew up. He then realized being a designer is that and so much more. Crazily obsessed about typography, user experience and tiny details, he loves to travel around and take photos. Also enjoys the occasional donut and cheesecake. 38.725299 -9.150036 Erica Varlese Happiness Engineer 40.728158 -74.077642 Blog: Greetings From , A Bronx Tail New Jersey born and bred, Erica engineers happiness from the Garden State with her canine companion, Francis. She graduated from Drew University with a degree in Anthropology and French, which means she often references obscure societies, à la Bones, in casual conversation. In her spare time, Erica is likely reading far too many books at once or defending her home state from yet another reality TV show. 40.728158 -74.077642",on_topic
23b91cec7a60db98,worker,2024,,WordPress CEO quits community Slack after court injunction,"For those who might be wondering what comes next - IANAL, but, this is what seems to usually happen:<p>Automattic has 72 hours to comply with the order. They probably will, plus or minus Matt being a whiny child about it. They have competent attorneys who are surely telling them to do so. They can also appeal the order, and they could even ask for the appeal to be granted on an emergency basis, but there&#x27;s no promise that&#x27;d work, and usually it doesn&#x27;t. The whole point of injunctions is that they stop things from changing until they&#x27;re overturned by appeal or trial.<p>If they do comply, the status quo resumes until this goes to trial. There&#x27;s no guarantee that WP Engine prevails at trial, but the fact that the injunction was granted means it&#x27;s pretty likely they will, unless facts or law materially changes in the meantime. The statement Automattic released suggests to me that this is the path they&#x27;ll take.<p>If they do not comply, things become... interesting. Of course, the case still eventually goes to trial. In the meantime, though, WP Engine can ask the court to force Automattic to comply. That probably looks like a motion to show cause why they have <i>not</i> complied, followed by further orders to comply and possible contempt findings. Contempt findings often come with monetary fines that escalate (e. g. $1,000 per day the first week, $2,000 per day the next, and so on). It can also come with jail time, though I am not sure how that works in cases where the entity being sued is a company.<p>It probably won&#x27;t get to that, though. Refusing to comply with a preliminary injunction is an extremely bad idea, which is why almost nobody does it. Even states and government actors with strong political desires for things and a lot of power nearly always comply. While Matt Mullenweg is clearly not a rational actor, and clearly is willing to do extremely dumb things despite the advice of council, the other people who work for Automattic (and certainly its investors) are unlikely to be so willing to ignore the order of a federal court. If they do, their lives are going to get worse, not better, and possibly rapidly.<p>As of this writing, the Automattic WP Engine tracker site is still up.<p>(Hopefully some actual attorneys who read HN can correct anything I got wrong. I just haven&#x27;t seen anyone write this out yet.)",on_topic
cbb224c11526a95b,worker,2024,,ACF has been hijacked,"Users of the plugin already have a trust and consumption relationship with Automattic for the core.<p>It&#x27;s more like mcdonalds replacing Coke with McCola with your mcdonalds meal - you were already trusting mcdonalds for the food.  But even that is a stretch since both are GPL2 and there&#x27;s no current sign the plugin Automattic provide differs from the WP Engine one.<p>GPL is on both sides, nothing stops WP Engine doing the same and providing their own flavour of core with their plugin, if that&#x27;s what people want.  Of course that costs more than private equity just using Automattic&#x27;s core for free.",on_topic
9c7e3a51ab3f1d21,firm,2011,ma.tt/2011/09/automattic-creed/,34 Comments,"Kitta — September 19, 2011 @ 11:43 pm I like that the first line is “I will never stop learning” it’s one of my own personal creeds. Reply Dave — September 20, 2011 @ 8:17 am That’s great – I love that rather than signing an offer letter, you’re actually signing that you agree with the creed. You have no idea how important an offer letter is. At a company I worked for, I once got a big promotion, and the offer letter was insulting – it read like I was being punished and demoted and I almost quit because it offended me so badly! Reply Alex Tabone — September 20, 2011 @ 8:39 am Brilliant! This technique of reading and signing the Automattic Creed is a weapon of influence, as described in “Influence – The psychology of persuasion” by Robert B. Cialdini (in the chapter titled “Commitment and Consistency”). In this case, it is a weapon capable of generating positive actions. The creed leads the Automattician to commit him/herself to the company, and in the near and not-so-near future, the Automattician will take decisions, consciously and unconsciously, in line with the creed. A great step in aligning the individual’s actions with the company’s vision. Reply Dolorina — September 20, 2011 @ 8:53 am I like the creed. The part that says “I’m in a marathon, not a sprint and no matter how far away the goal is, the only way to get there is by putting one foot in front of the other. Given time, there is no problem that’s insurmountable”. If there’s a will, there’s a way. Keep trying until you succeed. That’s what comes to mind on that. Reply",on_topic
2f873c704d153b00,worker,2023,,Time zones: engineering headaches I ran into,"Time zones: engineering headaches I ran into Time zones are a headache, but they are a necessary evil. I recently built a feature for managing billing in multiple time zones, and here are some things I learned:<p>1. To manage time zones, we should not handle data in the “date” format because a date only makes sense in a particular time zone. This impacts usage limits for coupons and the start and end of a subscription.
2. Certain objects, like invoices, need a blocked “accounting date” because it is displayed in a document. We have decided to always define it in the timezone applicable to the customer. Automatic tasks should be processed on an hourly basis, never on a daily basis, because some elements might have “switched” day depending on the time zone, and that impacts billing. Instead of wondering “who should I bill now?” the real question is “what are the subscriptions for which we are currently on YYYY-MM-DD?” Safeguards need to be added to avoid billing the same subscription multiple times.
3. Postgres was very helpful for managing time zones, particularly thanks to the AT TIME ZONE operator.
4. There are many different time zones, depending on the offset from the GMT reference, daylight saving time, and other subtleties. We use a simplified list of 134 zones (https:&#x2F;&#x2F;api.rubyonrails.org&#x2F;classes&#x2F;ActiveSupport&#x2F;TimeZone.html)
5. Time zones often have a “friendly name” in the format Continent&#x2F;Location except for UTC and... GMT+12, which only covers two uninhabited islands.<p>By default, at Lago (https:&#x2F;&#x2F;www.getlago.com), we ingest usage and invoice customers based on the system-wide UTC. However, our users can decide to change the value at their organization level to make sure that their end-users are billed based on their organization’s timezone. In addition to this, they can decide to overwrite this value per end-user. The entire billing engine will then follow the exact time they chose for the end-user. Usage ingestion, expiry dates, and invoicing will be triggered based on the timezone set for their end-user: organization&#x27;s or customer&#x27;s one.
My work was to abstract this complexity and make it a feature.<p>—PS: Why do time zones matter?
Two examples:
1. Expiry dates can be set for contracts, coupons, or wallets that hold prepaid credits to cover future usage. If you’re a company based in Paris, France, and have a customer in San Francisco, USA, with a coupon expiring on 2023-02-01T00:00UTC (February 1st, 2023 at midnight), your customer might expect to be able to use their prepaid credits until the end January 31st, 2023, their time: Pacific Standard Time. With this day finishing nine hours earlier in the French time zone, that might trigger a “bad surprise” for the user. That kind of discrepancies can also impact subscriptions (when they start or end) and gaps in your customers’ financial records.
2. Managing the boundaries of a billing period when a customer or an organization changes their timezone can have considerable impact on billing and the end user’s experience. For example, let’s say a customer had an active subscription, whose timezone is UTC, and for which the billing frequency is “monthly”. In February, we must take into account all the events that can impact their billing (e.g., additional consumption) that occurred between February 1, 2023, at 00:00:00 UTC and February 28, 2023, at 23:59:59 UTC. If on February 15, this customer changes their time zone to Tokyo time (UTC+9) within our product, the “new billing period” that will be calculated will run from January 31, 2023, at 14:00:00 UTC to February 28, 2023, at 13:59:59 UTC. The risk is that events received between January 31, 2023, at 14:00:00 UTC and February 1, 2023, at 00:00:00 UTC will be charged twice, once for January UTC and again for February UTC+9.<p>This post aims to provide a quick recap of what I learned while building a timezone feature. If you have any recent learnings or issues, feel free to share them. We’re continuously learning and would love to hear from you.",junk
028a42ef350a8f61,worker,2021,,Funds for Open Source,"See my response to &#x2F;u&#x2F;temac below. I think the entire problem with your argument is that you&#x27;re trying to decide what someone should do with their work.<p>If I decide to spend thousands of hours writing software (or building a boat for that matter) and give it away for someone to make a profit with, that should be entirely <i>my decision.</i> The entire discussion is so patronizing I&#x27;m having trouble believing that I&#x27;m reading this. People aren&#x27;t stupid: don&#x27;t assume you know what&#x27;s good for them better than they do. We all have our various motivations whether or not they make sense to someone else on the outside.<p>&gt; &quot;wouldn&#x27;t it be great if we had some sort of automatic distribution of credit that would somehow flow directly back to the source&quot;<p>You mean like GPL2?",on_topic
21642873cad0d55a,worker,2024,,Majority of sites and apps use dark patterns in the marketing of subscriptions,"I too always hated paying bills manually but finally stopped and went to automatic online payments after my mortgage payment twice arrived late — incurring a late fee of $55 each time — even though I&#x27;d mailed my checks two weeks in advance of the due dates.<p>Charlottesville, Virginia, where I live, has been plagued by undelivered&#x2F;late mail for many years, to the extent U.S. Senator John Warner personally intervened on several occasions to try to fix it — without success.<p>After I switched my mortgage payment to automatic withdrawal from my bank account I was so pleased at how frictionless it was that I changed ALL my monthly check payments — Comcast Internet+XfinityTV&#x2F;AT&amp;T&#x2F;electricity&#x2F;water&#x2F;trash pickup — to automatic credit card payments.<p>So much better now, plus I no longer need to buy stamps on a regular basis.",junk
