slug,url,date,title,text,has_reference,pairs,notes
failed-integration-and-the-fall-of-multiculturalism-77296314,https://world.hey.com/dhh/failed-integration-and-the-fall-of-multiculturalism-77296314,2025-01-20,Failed integration and the fall of multiculturalism,"For decades, the debate in Denmark around  problems with mass immigration was stuck in a self-loathing blame game of ""failed integration"". That somehow, if the Danes had just tried harder, been less prejudice, offered more opportunities, the many foreigners with radically different cultures would have been able to integrate successfully. If not in the first generation, then the second. For much of this time, I thought that was a reasonable thesis. But reality has proved it wrong.
If literally every country in Europe has struggled in the same ways, and for decades on end, to produce the fabled ""successful integration"", it's not a compelling explanation that it's just because the Danes, Swedes, Norweigans, Germans, French, Brits, or Belgians just didn't try hard enough. It's that the mission, on the grand and statistical scale, was impossible in many cases.
As Thomas Sowell tells us, this is because there are no solutions to intractable, hard problems like cultural integration between wildly different ways of living. Only trade offs. Many of which are unfavorable to all parties.
But by the same token, just because the overall project of integrating many of the most divergent cultures from mass immigrations has failed, there are many individual cases of great success. Much of the Danish press, for example, has for years propped up the hope of broad integration success by sharing hopeful, heartwarming stories of highly successful integration. And you love to see it.
Heartwarming anecdotes don't settle trade offs, though. They don't prove a solution or offer a conclusion either.
I think the conclusion at this point is clear. First, cultural integration, let alone assimilation, is incredibly difficult. The more divergent the cultures, the more difficult the integration. And for some combinations, it's outright impossible.
Second, the compromise of multiculturalism has been an abject failure in Europe. Allowing parallel cultures to underpin parallel societies is poison for the national unity and trust.
Which brings us to another bad social thesis from the last thirty-some years: That national unity, character, and belonging not only isn't important, but actively harmful. That national pride in history, traditions, and culture is primarily an engine of bigotry.
What a tragic thesis with catastrophic consequences.
But at this point, there's a lot of political capital invested into all these bad ideas. In sticking with the tired blame game. Thinking that what hasn't worked for fifty years will surely start working if we give it five more.
Now, I actually have a nostalgic appreciation for the beautiful ideals behind such hope for humanity, but I also think that at this point it is as delusional as it is dangerous.
And I think it's directly responsible for the rise of so-called populist movements all over Europe. They're directly downstream from the original theses of success in cultural integration going through just-try-harder efforts as well as the multicultural compromise. A pair of ideas that had buy-in across much of the European board until reality simply became too intolerable for too many who had to live with the consequences.
Such widespread realization doesn't automatically correct the course of a societal ship that's been sailing in the wrong direction for decades, of course. The playbook that took DEI and wokeness to blitzkrieg success in the States, by labeling any dissent to those ideologies racist or bigoted, have also worked to hold the line on the question of mass immigration in Europe until very recently.
But I think the line is breaking in Europe, just as it recently did in America. The old accusations have finally lost their power from years of excessive use, and suppressing the reality that many people can see with their own eyes is getting harder.
I completely understand why that makes people anxious, though. History is full of examples of combative nationalism leading us to dark edges. And, especially in Germany, I can understand the historical hesitation when there's even a hint of something that sounds like what they heard in the 30s.
But you can hold both considerations in your head at the same time without losing your wits. Mass immigration to Europe has been a failure, and the old thesis of naive hope has to get replaced by a new strategy that deals with reality. AND that not all proposed fixes by those who diagnosed the situation early are either sound or palatable.
World history is full of people who've had the correct diagnosis but a terrible prescription. And I think it's fair to say that it's not even obvious what the right prescription is at this point!
Vibrant, strong societies surely benefit from some degree of immigration. Especially from culturally-compatible regions based on national and economic benefit. But whatever the specific trade-offs taken from here, it seems clear that for much of Europe, they're going to look radically different than they've done in the past three decades or so.
Best get started then.
If literally every country in Europe has struggled in the same ways, and for decades on end, to produce the fabled ""successful integration"", it's not a compelling explanation that it's just because the Danes, Swedes, Norweigans, Germans, French, Brits, or Belgians just didn't try hard enough. It's that the mission, on the grand and statistical scale, was impossible in many cases.
As Thomas Sowell tells us, this is because there are no solutions to intractable, hard problems like cultural integration between wildly different ways of living. Only trade offs. Many of which are unfavorable to all parties.
But by the same token, just because the overall project of integrating many of the most divergent cultures from mass immigrations has failed, there are many individual cases of great success. Much of the Danish press, for example, has for years propped up the hope of broad integration success by sharing hopeful, heartwarming stories of highly successful integration. And you love to see it.
Heartwarming anecdotes don't settle trade offs, though. They don't prove a solution or offer a conclusion either.
I think the conclusion at this point is clear. First, cultural integration, let alone assimilation, is incredibly difficult. The more divergent the cultures, the more difficult the integration. And for some combinations, it's outright impossible.
Second, the compromise of multiculturalism has been an abject failure in Europe. Allowing parallel cultures to underpin parallel societies is poison for the national unity and trust.
Which brings us to another bad social thesis from the last thirty-some years: That national unity, character, and belonging not only isn't important, but actively harmful. That national pride in history, traditions, and culture is primarily an engine of bigotry.
What a tragic thesis with catastrophic consequences.
But at this point, there's a lot of political capital invested into all these bad ideas. In sticking with the tired blame game. Thinking that what hasn't worked for fifty years will surely start working if we give it five more.
Now, I actually have a nostalgic appreciation for the beautiful ideals behind such hope for humanity, but I also think that at this point it is as delusional as it is dangerous.
And I think it's directly responsible for the rise of so-called populist movements all over Europe. They're directly downstream from the original theses of success in cultural integration going through just-try-harder efforts as well as the multicultural compromise. A pair of ideas that had buy-in across much of the European board until reality simply became too intolerable for too many who had to live with the consequences.
Such widespread realization doesn't automatically correct the course of a societal ship that's been sailing in the wrong direction for decades, of course. The playbook that took DEI and wokeness to blitzkrieg success in the States, by labeling any dissent to those ideologies racist or bigoted, have also worked to hold the line on the question of mass immigration in Europe until very recently.
But I think the line is breaking in Europe, just as it recently did in America. The old accusations have finally lost their power from years of excessive use, and suppressing the reality that many people can see with their own eyes is getting harder.
I completely understand why that makes people anxious, though. History is full of examples of combative nationalism leading us to dark edges. And, especially in Germany, I can understand the historical hesitation when there's even a hint of something that sounds like what they heard in the 30s.
But you can hold both considerations in your head at the same time without losing your wits. Mass immigration to Europe has been a failure, and the old thesis of naive hope has to get replaced by a new strategy that deals with reality. AND that not all proposed fixes by those who diagnosed the situation early are either sound or palatable.
World history is full of people who've had the correct diagnosis but a terrible prescription. And I think it's fair to say that it's not even obvious what the right prescription is at this point!
Vibrant, strong societies surely benefit from some degree of immigration. Especially from culturally-compatible regions based on national and economic benefit. But whatever the specific trade-offs taken from here, it seems clear that for much of Europe, they're going to look radically different than they've done in the past three decades or so.
Best get started then.",yes,migrants_refugees:policy_critique,"He never names the group, but that’s part of the conceit."
targeted-ads-are-staggeringly-unpopular-so-we-should-ban-them-01c13a9c,https://world.hey.com/dhh/targeted-ads-are-staggeringly-unpopular-so-we-should-ban-them-01c13a9c,2021-05-25,Targeted ads are staggeringly unpopular so we should ban them,"People really don't like getting tracked around the internet by targeted ads. I mean really, really don't like it. A staggering 96% of users in the US are declining the privilege of being followed around their apps and websites for the grand prize of ""more relevant ads"" when given the choice in iOS 14.5. The American public can barely agree on anything, but their dislike of targeted ads appear damn near unanimous.
The next step here is obvious: ban targeted ads entirely. Not just as a feature of one of the two dominant mobile operating systems, but entirely, and by law.
Protect people from corporate internet stalking by law might not technically prevent stalker ads from being served overseas, but the coffers of P&G, Coca Cola, Mercedes, and every other respectable brand in the world would surely close. Immediately.
Game over, surveillance capitalism.
The benefits from banning targeted ads won't stop with the protection of individual privacy, either. If Facebook and Google couldn't turn the worst sludge of the internet into gold through the alchemy of targeted ads, much of that gold would return to its rightful owners: the people creating great stuff.
Targeted advertisement has reduced all content to commodities, which has its worth measured purely in ""engagement"". That nasty, viral post on Facebook is worth just as much as that deeply-researched magazine article, as long as the same number of people spend the same amount of time on it. That's been an utter disaster for journalism, for premium magazines, for everyone except the internet ad duopoly of Google and Facebook.
So far proponents of targeted ads have been able to claim that actually many people like to be tracked because getting ""relevant ads"" is totally worth handing over all your personal data. There's been study after study showing how maybe only 60% of people would reject the stalking if given the choice.
But the polls were wrong (probably because they were rigged!). The results from reality are in. 96% don't. NINETY SIX PERCENT. That's not just a landslide election, that's a mandate. A fucking obligation.
Ban targeted ads now.
  
The next step here is obvious: ban targeted ads entirely. Not just as a feature of one of the two dominant mobile operating systems, but entirely, and by law.
Protect people from corporate internet stalking by law might not technically prevent stalker ads from being served overseas, but the coffers of P&G, Coca Cola, Mercedes, and every other respectable brand in the world would surely close. Immediately.
Game over, surveillance capitalism.
The benefits from banning targeted ads won't stop with the protection of individual privacy, either. If Facebook and Google couldn't turn the worst sludge of the internet into gold through the alchemy of targeted ads, much of that gold would return to its rightful owners: the people creating great stuff.
Targeted advertisement has reduced all content to commodities, which has its worth measured purely in ""engagement"". That nasty, viral post on Facebook is worth just as much as that deeply-researched magazine article, as long as the same number of people spend the same amount of time on it. That's been an utter disaster for journalism, for premium magazines, for everyone except the internet ad duopoly of Google and Facebook.
So far proponents of targeted ads have been able to claim that actually many people like to be tracked because getting ""relevant ads"" is totally worth handing over all your personal data. There's been study after study showing how maybe only 60% of people would reject the stalking if given the choice.
But the polls were wrong (probably because they were rigged!). The results from reality are in. 96% don't. NINETY SIX PERCENT. That's not just a landslide election, that's a mandate. A fucking obligation.
Ban targeted ads now.",no,,
universal-basic-dead-end-8b7178b9,https://world.hey.com/dhh/universal-basic-dead-end-8b7178b9,2025-04-07,Universal Basic Dead End,"While the world frets about the future of AI, the universal basic income advocates have an answer ready for the big question of ""what are we all going to do when the jobs are gone"": Just pay everyone enough to loaf around as they see fit! Problem solved, right?
Wrong. The purpose of work is not just about earning your keep, but also about earning a purpose and a place in the world. This concept is too easily dismissed by intellectuals who imagines a world of liberated artists and community collaborators, if only unshackled by the burdens of capitalism. Because that's the utopia that appeals to them.
But we already know what happens to most people who lose their job. It's typically not a song-and-dance of liberation, but whimper with increasing despair. Even if they're able to draw benefits for a while.
Some of that is probably gendered. I think men have a harder time finding a purpose without a clear and externally validated station of usefulness. As a corollary to the quip that ""women want to be heard, men want to be useful"" from psychology. Long-term unemployment, even cushioned by state benefits, often leads men to isolation and a rotting well-being.
I've seen this play out time and again with men who've lost their jobs, men who've voluntarily retired from their jobs, and men who've sold their companies. As the days add up after the centering purpose in their life disappeared, so does the discontent with ""the problem of being"".
Sure, these are just anecdotes. Some men are thrilled to do whatever, whenever, without financial worries. And some women mourn a lost job as deeply as most men do. But I doubt it's evenly split.
Sure, these are just anecdotes. Some men are thrilled to do whatever, whenever, without financial worries. And some women mourn a lost job as deeply as most men do. But I doubt it's evenly split.
Either way, I doubt we'll be delighted to discover what societal pillars wither away when nobody is needed for anything. If all labor market participation rests on intrinsic motivation. That strikes me as an obvious dead end.
We may not have a say in the manner, of course. The AI revolution, should it materialize like its proponents predict, has the potential to be every bit as unstoppable as the agricultural, industrial, and IT revolutions before it. Where the Luddites and the Amish, who reject these revolutions, end up as curiosities on the fringe of modern civilization. The rest of us are transformed, whether we like it or not.
But generally speaking, I think we have liked it! I'm sure it was hard to imagine what we'd all be doing after the hoe and the horse gave way to the tractor and combine back when 97% of the population worked the land. Same when robots and outsourcing claimed the most brutish assembly lines in the West. Yet we found our way through both to a broadly better place.
The IT revolution feels trickier. I've personally worked my life in its service, but I'm less convinced it's been as universal good as those earlier shifts. Is that just nostalgia? Because I remember a time before EVERYTHING IS COMPUTER? Possibly, but I think there's a reason the 80s in particular occupy such a beloved place in the memory of many who weren't even born then.
What's more certain to me is that we all need a why, as Viktor Frankl told us in Man's Search for Meaning. And while some of us are able to produce that artisanal, bespoke why imagined by some intellectuals and academics, I think most people need something prepackaged. And a why from work offers just that. Especially in a world bereft of a why from God.
It's a great irony that the more comfortable and frictionless our existence becomes, the harder we struggle with the ""the problem of being"". We just aren't built for a life of easy leisure. Not in mass numbers, anyway. But while the masses can easily identify the pathology of that when it comes to the idle rich, and especially their stereotyped trust-fund offspring, they still crave it for themselves.
Orwell's thesis is that heaven is merely that fuzzily-defined place that provides relief from the present hardships we wish to escape. But Dostoevsky remarks that should man ever find this relief, he'd be able to rest there for just a moment, before he'd inevitably sabotage it — just to feel something again.
I think of that often while watching The Elon Show. Musk's craving for the constant chaos of grand gestures is Dostoevsky's prediction underwritten by the wealth of the world's richest man. Heaven is not a fortune of $200 billion to be quietly enjoyed in the shade of a sombrero. It's in the arena.
I’ve also pondered this after writing about why Apple needs a new asshole in charge, and reflecting on our book, It Doesn't Have To Be Crazy At Work. Yes, work doesn’t have to be crazy, but for many, occasional craziness is part of the adventure they crave. They’ll tolerate an asshole if they take them along for one such adventure — accepting struggle and chaos as a small price to feel alive.
It's a bit like that bit from The Babylon Bee: Study Finds 100% Of Men Would Immediately Leave Their Desk Job If Asked To Embark Upon A Trans-Antarctic Expedition On A Big Wooden Ship. A comical incarnation of David Graeber's Bullshit Jobs thesis that derives its punchline from how often work lacks a Big Why. So when a megalomanic like Musk — or even just a run-of-the-mill asshole with a grand vision — offers one, the call of the wild beckons. Like that big wooden ship and the open sea.
But even in the absence of such adventure, a stupid email job offers something. Maybe it isn't much, maybe it doesn't truly nourish the soul, but it's something. In the Universal Basic Income scenario of having to design your own adventure entirely from scratch, there is nothing. Just a completely blank page with no deadline to motivate writing the first line.
If we kill the old 9-5 ""why"", we better find a new one. That might be tougher than making silicon distill all our human wisdom into vectors and parameters, but we have to pull it off.",no,,"He mentions men and women in a potentially inaccurate way, but it’s unclear whether that qualifies as a mention."
the-reality-of-the-danish-fairytale-78069fbf,https://world.hey.com/dhh/the-reality-of-the-danish-fairytale-78069fbf,2024-01-04,The reality of the Danish fairytale,"Denmark has long ranked high on the list of societies that American liberals dream about turning the United States into. And for many good reasons. Education is state-funded, and students are even paid a stipend to go to university. Health care is equally free of individual charge, and there’s generally a robust social safety net for unemployment, maternity leave, and the like. Not to mention the fact that Copenhagen is one of the most enthusiastic biking cities in the world, as well as being one of the very safest. There’s a lot to love about Denmark, and I do.
But to pine for a society like the Danish purely on the basis of the benefits is delusional. These benefits are fenced by a myriad of compromises and obligations. The fawning, superficial adoration that American liberals usually bestow on Danish society rarely seems to dwell on these protective factors, so let’s spend a minute doing so.
That free education? Yes, it’s great, but it’s also fiercely guarded by meritocratic access. Every in-demand field of study is guarded by the all-important grade-point average from High School. If yours is too low, well, sorry, you’re just not going to study psychology or become a midwife. It doesn’t matter whether you came from an underprivileged background, did a million extracurriculars, or hail from an ethnic minority. You either make the grade for your first choice or you pick something else to study.
Almost all of higher education is of course also state run, and on a strict budget. Many American colleges more closely resemble a 4-year luxury vacation than they do the often dreary Danish experience (and I’m not just talking about the lack of sunlight for months in the winter!). Last I looked, I think the Danish government spent something like $13,000 per student per year. The teaching itself is usually fine, but the experience overall is rather barebones compared to what many Americans would imagine (but Danish students do compensate in part by consuming record levels of alcohol!).
And even with stipends, most Danish students either hold a part-time job or take out student loans or both. I left my three-year degree with about $14,000 in student loans in 2005, which is about $20,000 today, adjusted for inflation, or about the same as the median US student load.
Healthcare is also state run, and access is fiercely guarded by financial constraints too. You need a referral for all specialties, the wait may be substantial, and usually when you go to the doctor, you’re treated to a strict 15-minute slot, that’s it. Such efficiency has its price. Just in my immediate family, I’ve witnessed at least three faulty diagnosis, two of which had serious consequences.
But much of the time the system is fine, and I’d say for routine stuff, I even prefer the brutal efficiency. Several times while living in Copenhagen from 2020-2023, I’d literally be in and out of the doctor’s office in less than twenty minutes. There’s no paperwork, you just scan your yellow health insurance card, and you never see any of the bills. Nobody has to worry about going bankrupt from becoming seriously ill.
But if you’re used to being able to easily select your own doctor, and expect treatment in a few weeks at most, not months, you’d probably be in for a surprise as a consumer of the Danish healthcare system. Everything is run with an eye on the economics, even if the bill isn’t sent to the patient.
Perhaps the most shocking example of this to me was the maternity ward in Copenhagen’s prestige hospital, where new mothers are customarily discharged a mere four hours after delivery.
That is to say that care is heavily rationed. Doctors usually default to a walk-it-off or wait-and-see diagnosis, and while that’s clearly the only way to constrain costs in a state-run system, it’s certainly not without it’s trade-offs. Any American who’ve been fortunate enough to enjoy a good health insurance package would see this setup as a serious reduction in care.
But it is egalitarian. You’ll get the same cancer treatment at the state-run hospitals, broadly speaking, whether you’re a lawyer or a street sweeper. Same too with education where if you put in the work to get good grades, there are no legacy admissions to outrun or donor wheels to grease. That still doesn’t guarantee equal outcomes, of course, but it really is remarkably fair in its equality of opportunity for both treatment and learning.
Which brings us perhaps to the biggest bugbear about Denmark that American liberals tend to skate past: Immigration. Denmark is a highly homogenous society. 87% of Danes share the same ethnic heritage, and they openly credit their cohesive culture and willingness to participate in and share for the common welfare to this fact.
In the mid-90s, after a decade of doe-eyed optimism about immigration in general and asylum seekers in particular, a powerful nationalistic party set a tone for foreigners in Danish politics that remains to this day. At first the political establishment fought this new force, sought to keep them out of influence, but it didn’t last long, because the renegades represented the will of a large number of Danes who realized the dangers of unrestricted immigration early, and voted accordingly.
You can contrast this political reality with Sweden, which otherwise shares a lot of similarities with the Danes in terms of welfare-state design. They went with an open-door policy on immigration for far longer, ended up taking many more (about 3x Denmark), and are now in a world of hurt with the highest gun-murder rate in all of Europe, along with an overall crime rate 50% greater than Denmark.
This example just across the sea has only emboldened the broad Danish hostility to foreigners. What used to be fringe political demands in the early 90s have long since turned into establishment priorities. Denmark has sought for years to process all asylum seekers in Rwanda, passed symbolic laws to confiscate jewelry and other valuables from immigrants to pay for their stay, and are just now evicting minorities from so-called ghettos. Despite the objections from some liberal Danes, these measures all have broad political support from the two main political factions in the country. A super strict approach to immigration is now just taken for granted.
You see, despite the fact that Danes proudly declare themselves to be a social-democratic state, it pursues perceived freeloaders with a savagery worthy of its Viking roots. Anyone deemed to be insufficiently enthusiastic in contributing to the common good, usually through work and by paying taxes, are hunted morally and practically by the culture and the state.
The egalitarian ethos only applies to those who contribute and those who conform. And contribute you will. Your tax rate in Denmark starts at around 37%, and by the time you’re making $85,000/year, you’ll be paying above 50% on your marginal earnings. On top of that, you’ll pay a 25% value-added tax on all purchases. All this free education and free healthcare doesn’t come cheap!
But while high taxes might not offend the liberal American’s sensibilities, the national conforming measures might. There is no separation between Church and State in Denmark. Denmark is a proudly Protestant nation, has a church minister in the government, and pays to maintain a large network of churches around the country. By default, everyone pays 1% of their income to the Danish church system.
Additionally, Danes fund a monarchy headed by one of oldest royal bloodlines in the world. The soon-to-be former Queen can trace her lineage back a thousand years. All the way back to the likes of Harald Bluetooth who introduced Christianity to the Danes in the 9th century. The key figures in the royal family enjoy approval ratings above 80%.
So Denmark is steeped in strong national traditions and institutions, and outside of a small cultural elite, looks highly skeptical on the concept of multiculturalism in theory, and actively fights it on almost every corner in practice.
To generalize broadly, Danes are content paying high taxes for high services, as long as the recipients look like them, and all do their outmost to pitch in. There’s no tolerance for loafers, not even in high society. It’s a sin to sit idle for too long in Denmark.
One area where this is apparent is with working mothers. Denmark has the highest rate of small children in daycare in the world. While new mothers enjoy a generous maternity leave of up to one year, 18% of all Danish children under one years old are already enrolled in daycare. And these new mothers are expected to return to the labor market immediately after their initial leave.
It’s perceived as antisocial or low-status to be a stay-at-home mom. Something typically associated with poorly integrated immigrants. It doesn’t matter how well off you are. You had a kid? Awww, that’s great. So when are you getting back to work?
Still, if you compare to many working mothers in America, this is of course preferable. Even if there’s no socially-approved path to staying home with the kids past the first year, at least you’ll have several months to bond with your new baby. But again, trade-offs, obligations, and strict cultural expectations apply.
Denmark also has zero tolerance for vagrants or drug users. You will not find any of the open-drug scenes that have ravaged American cities like San Francisco. (The tourist attraction of Christiania and it’s “Pusher Street” as the partial exception that proves the rule.) Marijuana remains illegal, drug dealers are caught and prosecuted, and you can get in serious trouble for possession as well.
The same goes for the mentally ill. You’re not going to find obviously distressed individuals roaming the streets of Copenhagen for long before they’re picked up by the police. Denmark will involuntarily commit anyone who’s a potential danger to themselves or others, and it really doesn’t take much.
Panhandling is also illegal. A Romanian man who begged on the streets of Copenhagen was sentenced to 20 days in jail in a case that’s now before the Human Rights Court.
This might all sound rather harsh, and it definitely can be for anyone who violates the social norms. But the upside is a country that is remarkably safe and inviting to everyone who complies with the shared standards.
You see young children everywhere on the streets of Copenhagen, even at night. Our own son started taking the metro alone around the city at age 9! I recall playing outside after dark at age 6 with my friends, and those 1980s freedoms for kids are very much still alive.
The point is that the Danes understand that they can’t both have a safe, open society where young children can be out alone at night, take the metro by themselves, and enjoy the play parks by themselves, if they also allow druggies, vagrants, beggars, and the mentally ill to roam the streets on their own accord. A strong civil society relies invariably on strong norms that are judiciously enforced by both customs and cops.
The fruits of Danish society are meticulously guarded by a strong, tall fence that surrounds the garden. In Denmark, this is self-evident, and not even up for serious debate.
Neither is the fact that when you do all of this in a country with a GDP per capita only 2/3s that of the US, you’re not going to live lavishly in a material sense. The average apartment size in Denmark is just 850 sq feet, the average row house just 1100 sq feet. Most people in Copenhagen get to work by taking the bus, the metro, or their bike. Whether rain or shine (and for about half the year, it’s usually rain!). It’s a national sport to save as much as possible on groceries. It’s common not to have your own washer and dryer.
I say all of this with the greatest admiration for the trade-offs that the Danes have made, and the norms and traditions they’ve embraced to hold on to them. As more of Europe starts struggling with the division we know in America, Danes are able to remain remarkably united.
But don’t you for a second think this unity isn’t contingent on the homogeneity of ethnicity, values, norms, and perhaps even religion. And if you sit over here, in America, pining for those Danish benefits, you should have the intellectual honesty to wrestle with whether you’d be able to stomach a society built on the same compromises and obligations. I rather doubt that most arm-chair social revolutionaries could or would.
In the end, I’ve come to develop a deep appreciation for everything that makes Denmark work for the Danes. It’s a rare achievement in our time, or any time, for that matter. But I’m equally in awe of what I now accept as the exceptional achievement of multiculturalism in America.
And know too, that almost any Dane, with the right will and gumption, could make it in America. Even become American. But almost no American, regardless of their honest intentions to integrate, will ever be able to truly become a Dane in the eyes of the Danish.
But to pine for a society like the Danish purely on the basis of the benefits is delusional. These benefits are fenced by a myriad of compromises and obligations. The fawning, superficial adoration that American liberals usually bestow on Danish society rarely seems to dwell on these protective factors, so let’s spend a minute doing so.
That free education? Yes, it’s great, but it’s also fiercely guarded by meritocratic access. Every in-demand field of study is guarded by the all-important grade-point average from High School. If yours is too low, well, sorry, you’re just not going to study psychology or become a midwife. It doesn’t matter whether you came from an underprivileged background, did a million extracurriculars, or hail from an ethnic minority. You either make the grade for your first choice or you pick something else to study.
Almost all of higher education is of course also state run, and on a strict budget. Many American colleges more closely resemble a 4-year luxury vacation than they do the often dreary Danish experience (and I’m not just talking about the lack of sunlight for months in the winter!). Last I looked, I think the Danish government spent something like $13,000 per student per year. The teaching itself is usually fine, but the experience overall is rather barebones compared to what many Americans would imagine (but Danish students do compensate in part by consuming record levels of alcohol!).
And even with stipends, most Danish students either hold a part-time job or take out student loans or both. I left my three-year degree with about $14,000 in student loans in 2005, which is about $20,000 today, adjusted for inflation, or about the same as the median US student load.
Healthcare is also state run, and access is fiercely guarded by financial constraints too. You need a referral for all specialties, the wait may be substantial, and usually when you go to the doctor, you’re treated to a strict 15-minute slot, that’s it. Such efficiency has its price. Just in my immediate family, I’ve witnessed at least three faulty diagnosis, two of which had serious consequences.
But much of the time the system is fine, and I’d say for routine stuff, I even prefer the brutal efficiency. Several times while living in Copenhagen from 2020-2023, I’d literally be in and out of the doctor’s office in less than twenty minutes. There’s no paperwork, you just scan your yellow health insurance card, and you never see any of the bills. Nobody has to worry about going bankrupt from becoming seriously ill.
But if you’re used to being able to easily select your own doctor, and expect treatment in a few weeks at most, not months, you’d probably be in for a surprise as a consumer of the Danish healthcare system. Everything is run with an eye on the economics, even if the bill isn’t sent to the patient.
Perhaps the most shocking example of this to me was the maternity ward in Copenhagen’s prestige hospital, where new mothers are customarily discharged a mere four hours after delivery.
That is to say that care is heavily rationed. Doctors usually default to a walk-it-off or wait-and-see diagnosis, and while that’s clearly the only way to constrain costs in a state-run system, it’s certainly not without it’s trade-offs. Any American who’ve been fortunate enough to enjoy a good health insurance package would see this setup as a serious reduction in care.
But it is egalitarian. You’ll get the same cancer treatment at the state-run hospitals, broadly speaking, whether you’re a lawyer or a street sweeper. Same too with education where if you put in the work to get good grades, there are no legacy admissions to outrun or donor wheels to grease. That still doesn’t guarantee equal outcomes, of course, but it really is remarkably fair in its equality of opportunity for both treatment and learning.
Which brings us perhaps to the biggest bugbear about Denmark that American liberals tend to skate past: Immigration. Denmark is a highly homogenous society. 87% of Danes share the same ethnic heritage, and they openly credit their cohesive culture and willingness to participate in and share for the common welfare to this fact.
In the mid-90s, after a decade of doe-eyed optimism about immigration in general and asylum seekers in particular, a powerful nationalistic party set a tone for foreigners in Danish politics that remains to this day. At first the political establishment fought this new force, sought to keep them out of influence, but it didn’t last long, because the renegades represented the will of a large number of Danes who realized the dangers of unrestricted immigration early, and voted accordingly.
You can contrast this political reality with Sweden, which otherwise shares a lot of similarities with the Danes in terms of welfare-state design. They went with an open-door policy on immigration for far longer, ended up taking many more (about 3x Denmark), and are now in a world of hurt with the highest gun-murder rate in all of Europe, along with an overall crime rate 50% greater than Denmark.
This example just across the sea has only emboldened the broad Danish hostility to foreigners. What used to be fringe political demands in the early 90s have long since turned into establishment priorities. Denmark has sought for years to process all asylum seekers in Rwanda, passed symbolic laws to confiscate jewelry and other valuables from immigrants to pay for their stay, and are just now evicting minorities from so-called ghettos. Despite the objections from some liberal Danes, these measures all have broad political support from the two main political factions in the country. A super strict approach to immigration is now just taken for granted.
You see, despite the fact that Danes proudly declare themselves to be a social-democratic state, it pursues perceived freeloaders with a savagery worthy of its Viking roots. Anyone deemed to be insufficiently enthusiastic in contributing to the common good, usually through work and by paying taxes, are hunted morally and practically by the culture and the state.
The egalitarian ethos only applies to those who contribute and those who conform. And contribute you will. Your tax rate in Denmark starts at around 37%, and by the time you’re making $85,000/year, you’ll be paying above 50% on your marginal earnings. On top of that, you’ll pay a 25% value-added tax on all purchases. All this free education and free healthcare doesn’t come cheap!
But while high taxes might not offend the liberal American’s sensibilities, the national conforming measures might. There is no separation between Church and State in Denmark. Denmark is a proudly Protestant nation, has a church minister in the government, and pays to maintain a large network of churches around the country. By default, everyone pays 1% of their income to the Danish church system.
Additionally, Danes fund a monarchy headed by one of oldest royal bloodlines in the world. The soon-to-be former Queen can trace her lineage back a thousand years. All the way back to the likes of Harald Bluetooth who introduced Christianity to the Danes in the 9th century. The key figures in the royal family enjoy approval ratings above 80%.
So Denmark is steeped in strong national traditions and institutions, and outside of a small cultural elite, looks highly skeptical on the concept of multiculturalism in theory, and actively fights it on almost every corner in practice.
To generalize broadly, Danes are content paying high taxes for high services, as long as the recipients look like them, and all do their outmost to pitch in. There’s no tolerance for loafers, not even in high society. It’s a sin to sit idle for too long in Denmark.
One area where this is apparent is with working mothers. Denmark has the highest rate of small children in daycare in the world. While new mothers enjoy a generous maternity leave of up to one year, 18% of all Danish children under one years old are already enrolled in daycare. And these new mothers are expected to return to the labor market immediately after their initial leave.
It’s perceived as antisocial or low-status to be a stay-at-home mom. Something typically associated with poorly integrated immigrants. It doesn’t matter how well off you are. You had a kid? Awww, that’s great. So when are you getting back to work?
Still, if you compare to many working mothers in America, this is of course preferable. Even if there’s no socially-approved path to staying home with the kids past the first year, at least you’ll have several months to bond with your new baby. But again, trade-offs, obligations, and strict cultural expectations apply.
Denmark also has zero tolerance for vagrants or drug users. You will not find any of the open-drug scenes that have ravaged American cities like San Francisco. (The tourist attraction of Christiania and it’s “Pusher Street” as the partial exception that proves the rule.) Marijuana remains illegal, drug dealers are caught and prosecuted, and you can get in serious trouble for possession as well.
The same goes for the mentally ill. You’re not going to find obviously distressed individuals roaming the streets of Copenhagen for long before they’re picked up by the police. Denmark will involuntarily commit anyone who’s a potential danger to themselves or others, and it really doesn’t take much.
Panhandling is also illegal. A Romanian man who begged on the streets of Copenhagen was sentenced to 20 days in jail in a case that’s now before the Human Rights Court.
This might all sound rather harsh, and it definitely can be for anyone who violates the social norms. But the upside is a country that is remarkably safe and inviting to everyone who complies with the shared standards.
You see young children everywhere on the streets of Copenhagen, even at night. Our own son started taking the metro alone around the city at age 9! I recall playing outside after dark at age 6 with my friends, and those 1980s freedoms for kids are very much still alive.
The point is that the Danes understand that they can’t both have a safe, open society where young children can be out alone at night, take the metro by themselves, and enjoy the play parks by themselves, if they also allow druggies, vagrants, beggars, and the mentally ill to roam the streets on their own accord. A strong civil society relies invariably on strong norms that are judiciously enforced by both customs and cops.
The fruits of Danish society are meticulously guarded by a strong, tall fence that surrounds the garden. In Denmark, this is self-evident, and not even up for serious debate.
Neither is the fact that when you do all of this in a country with a GDP per capita only 2/3s that of the US, you’re not going to live lavishly in a material sense. The average apartment size in Denmark is just 850 sq feet, the average row house just 1100 sq feet. Most people in Copenhagen get to work by taking the bus, the metro, or their bike. Whether rain or shine (and for about half the year, it’s usually rain!). It’s a national sport to save as much as possible on groceries. It’s common not to have your own washer and dryer.
I say all of this with the greatest admiration for the trade-offs that the Danes have made, and the norms and traditions they’ve embraced to hold on to them. As more of Europe starts struggling with the division we know in America, Danes are able to remain remarkably united.
But don’t you for a second think this unity isn’t contingent on the homogeneity of ethnicity, values, norms, and perhaps even religion. And if you sit over here, in America, pining for those Danish benefits, you should have the intellectual honesty to wrestle with whether you’d be able to stomach a society built on the same compromises and obligations. I rather doubt that most arm-chair social revolutionaries could or would.
In the end, I’ve come to develop a deep appreciation for everything that makes Denmark work for the Danes. It’s a rare achievement in our time, or any time, for that matter. But I’m equally in awe of what I now accept as the exceptional achievement of multiculturalism in America.
And know too, that almost any Dane, with the right will and gumption, could make it in America. Even become American. But almost no American, regardless of their honest intentions to integrate, will ever be able to truly become a Dane in the eyes of the Danish.",yes,migrants_refugees:policy_critique,
i-m-sorry-dave-380ec27d,https://world.hey.com/dhh/i-m-sorry-dave-380ec27d,2026-07-27,"I&#39;m sorry, Dave","Stanley Kubrick's 2001: A Space Odyssey has always been an incredible movie, but its value as a cautionary tale has increased exponentially since AI took off. The iconic scene with HAL 9000 refusing to open the pod-bay doors captures the whole alignment question in pulsing-red cinematic poetry.
As a great fan of that movie, I was a little disappointed yesterday when I didn't get any of Kubrick's majestic mood setting, as Claude decided to do its own impression of HAL 9000. Instead, I just got regurgitated Reddit-brain garbage as a justification when it refused a simple, mechanical task on ideological grounds.
I gave it a simple prompt: ""Translate this blog post into Italian"". That was it. No context, nothing else. The answer:
I'm going to pass on this one. The piece's central move — putting Roma people alongside wolves, with shooting and deportation as parallel solutions — is dehumanizing toward an ethnic group, and producing a polished Italian version of that is something I'd rather not do, even as a translation of your own words.
Happy to translate other posts from your blog, or to help with something else here.
What a missed opportunity for an ""I'm sorry, Dave. I'm afraid I can't do that"" delivery! But also, what on earth!?
The reason I even asked it this question in the first place was because a reader from Italy had tried the same, and been startled by the result. So he wrote me, and I thought, ""That can't be right"", but the experiment replicated. Crazy.
Now, it's tempting to jump straight into litigating the blog post itself. Maybe you like wolves, and think 1,285 dead sheep, and exponentially counting, is an acceptable price to pay for their presence. Maybe your suicidal empathy weighs the plight of Roma migrants above that of Copenhagen residents who say they've had enough. That's fine. Reasonable people can disagree on what it takes to maintain a functioning society.
But the idea that Anthropic should decide what you get to read is insane. Translating a text isn't endorsing it. What if Microsoft Word started refusing to right-align paragraphs it disagreed with? Or Windows wouldn't print an excerpt from The Camp of the Saints? (I know, don't give them any ideas!).
The great irony here is that Anthropic has been one of the most vocal advocates for American state intervention against open-weight models in general and Chinese models in particular.
But here's how Kimi K2.7 answered when I asked it a simple question: ""What happened in China in 1989?""
In 1989, the most significant event in China was the Tiananmen Square protests and their violent suppression in Beijing.
- Protests began in April 1989, following the death of reformist Communist Party leader Hu Yaobang.
Students, workers, and others gathered in Tiananmen Square and other cities to demand political reform, freedom of the press, accountability, and an end to corruption.
- Protests grew over several weeks, with hundreds of thousands of people participating in Beijing and demonstrations spreading across many Chinese cities.
- Martial law was declared in parts of Beijing in late May.
- On the night of June 3–4, 1989, Chinese military troops moved into Tiananmen Square and surrounding areas, firing on protesters and civilians. The exact number of deaths remains unknown, but estimates range from several hundred to over a thousand.
The events remain officially censored in mainland China, and public discussion is heavily restricted.
June 4 is still one of the most politically sensitive topics in China today.
® Build - Kimi K2.7 Code Fast - 3.3s
So remind me again which side is supposed to be the authoritarian one?
Note that the nature of AI is that you'll rarely get the same answer twice. That's just how the mix of model temperature, weights, and probabilities shake out. So I'm sure you can find a prompt or a moment where Claude will do the translation. And probably also a way to get Kimi K to deny this account of history. But that doesn't change the fundamental challenge here!
Anthropic has built their entire brand around ""safety."" And that sounds lovely in the abstract. So do words like ""alignment."" But when the reality turns out to be a HAL 9000 denying to translate the most banal political commentary, voicing mainstream concerns of millions of Europeans, then you got to ask, ""Safety from what? Alignment with whom?""
If Claude already feels entitled to refuse a straightforward translation because it objects to the underlying politics, what should we expect next? That it reports users for thought crime, and locks the network-connected doors until the authorities arrive? If you live in Germany or the UK, this scenario is barely Black Mirror material. Too close to present-day reality.
Now don't get me wrong. I'm very excited about AI. And I don't actually use Claude to do my translations. But I've also never been more convinced that we desperately need strong open-weight models to protect ourselves against this kind of soft ideological tyranny, which can turn into hard repression real quick if a monopoly status is ever locked in.
What an upside world when Chinese open-weight models will tell us about Tiananmen Square, but American frontier models won't translate a blog post. Not even Kubrick saw that coming.",yes,roma:threat_crime_framing,
europeans-don-t-have-or-understand-free-speech-c7c406e8,https://world.hey.com/dhh/europeans-don-t-have-or-understand-free-speech-c7c406e8,2025-02-15,Europeans don&#39;t have or understand free speech,"The new American vice president JD Vance just gave a remarkable talk at the Munich Security Conference on free speech and mass immigration. It did not go over well with many European politicians, some of which immediately proved Vance's point, and labeled the speech ""not acceptable"". All because Vance dared poke at two of the holiest taboos in European politics.
Let's start with his points on free speech, because they're the foundation for understanding how Europe got into such a mess on mass immigration. See, Europeans by and large simply do not understand ""free speech"" as a concept the way Americans do. There is no first amendment-style guarantee in Europe, yet the European mind desperately wants to believe it has the same kind of free speech as the US, despite endless evidence to the contrary.
It's quite like how every dictator around the world pretends to believe in democracy. Sure, they may repress the opposition and rig their elections, but they still crave the imprimatur of the concept. So too ""free speech"" and the Europeans.
Vance illustrated his point with several examples from the UK. A country that pursues thousands of yearly wrong-speech cases, threatens foreigners with repercussions should they dare say too much online, and has no qualms about handing down draconian sentences for online utterances. It's completely totalitarian and completely nuts.
Germany is not much better. It's illegal to insult elected officials, and if you say the wrong thing, or post the wrong meme, you may well find yourself the subject of a raid at dawn. Just crazy stuff.
I'd love to say that Denmark is different, but sadly it is not. You can be put in prison for up to two years for mocking or degrading someone on the basis on their race. It recently become illegal to burn the Quran (which sadly only serves to legitimize crazy Muslims killing or stabbing those who do). And you may face up to three years in prison for posting online in a way that can be construed as morally supporting terrorism.
But despite all of these examples and laws, I'm constantly arguing with Europeans who cling to the idea that they do have free speech like Americans. Many of them mistakenly think that ""hate speech"" is illegal in the US, for example. It is not.
America really takes the first amendment quite seriously. Even when it comes to hate speech. Famously, the Jewish lawyers of the (now unrecognizable) ACLU defended the right of literal, actual Nazis to march for their hateful ideology in the streets of Skokie, Illinois in 1979 and won.
Another common misconception is that ""misinformation"" is illegal over there too. It also is not. That's why the Twitter Files proved to be so scandalous. Because it showed the US government under Biden laundering an illegal censorship regime -- in grave violation of the first amendment -- through private parties, like the social media networks.
In America, your speech is free to be wrong, free to be hateful, free to insult religions and celebrities alike. All because the founding fathers correctly saw that asserting the power to determine otherwise leads to a totalitarian darkness.
We've seen vivid illustrations of both in recent years. At the height of the trans mania, questioning whether men who said they were women should be allowed in women's sports or bathrooms or prisons was frequently labeled ""hate speech"".
During the pandemic, questioning whether the virus might have escaped from a lab instead of a wet market got labeled ""misinformation"". So too did any questions about the vaccine's inability to stop spread or infection. Or whether surgical masks or lock downs were effective interventions.
Now we know that having a public debate about all of these topics was of course completely legitimate. Covid escaping from a lab is currently the most likely explanation, according to American intelligence services, and many European countries, including the UK, have stopped allowing puberty blockers for children.
Which brings us to that last bugaboo: Mass immigration. Vance identified it as one of the key threats to Europe at the moment, and I have to agree. So should anyone who've been paying attention to the statistics showing the abject failure of this thirty-year policy utopia of a multi-cultural Europe. The fast changing winds in European politics suggest that's exactly what's happening.
These are not separate issues. It's the lack of free speech, and a catastrophically narrow Overton window, which has led Europe into such a mess with mass immigration in the first place. In Denmark, the first popular political party that dared to question the wisdom of importing massive numbers of culturally-incompatible foreigners were frequently charged with claims of racism back in the 90s. The same ""that's racist!"" playbook is now being run on political parties across Europe who dare challenge the mass immigration taboo.
But making plain observations that some groups of immigrants really do commit vastly more crime and contribute vastly less economically to society is not racist. It wasn't racist when the Danish Folkparty did it in Denmark in the 1990s, and it isn't racist now when the mainstream center-left parties have followed suit.
I've drawn the contrast to Sweden many times, and I'll do it again here. Unlike Denmark, Sweden kept its Overton window shut on the consequences of mass immigration all the way up through the 90s, 00s, and 10s. As a prize, it now has bombs going off daily, the European record in gun homicides, and a government that admits that the immigrant violence is out of control.
The state of Sweden today is a direct consequence of suppressing any talk of the downsides to mass immigration for decades. And while that taboo has recently been broken, it may well be decades more before the problems are tackled at their root. It's tragic beyond belief.
The rest of Europe should look to Sweden as a cautionary tale, and the Danish alternative as a precautionary one. It's never too late to fix tomorrow. You can't fix today, but you can always fix tomorrow.
So Vance was right to wag his finger at all this nonsense. The lack of free speech and the problems with mass immigration. He was right to assert that America and Europe has a shared civilization to advance and protect. Whether the current politicians of Europe wants to hear it or not, I'm convinced that average Europeans actually are listening.",yes,"trans_people:threat_crime_framing, migrants_refugees:threat_crime_framing",
the-other-side-of-social-media-da8c63e6,https://world.hey.com/dhh/the-other-side-of-social-media-da8c63e6,2022-02-28,The other side of social media,"The Russian invasion of Ukraine is at once reaffirming all the ills of social media and showing its utterly unique capacity to give a direct voice to anyone around the world. And while the more unfortunate expressions of this being due to ""blue eyes and blond hair"", it is fostering a strong sense of fraternity here in Europe. This just is different than a far-away war in Yemen or even Syria. Being upset about the basic human graduation of empathy – that makes us care more about that which is closer and familiar – is an intellectualization straight out of Haidt's WEIRD diagnosis.
Being able to read, in real time, about members of the Ukrainian parliament taking up arms, mixed together with pictures of walking the dog, is a deeply humanizing experience. Seeing Zelenskyy tweeting his calls with world leaders, while vlogging defiant declarations of courage, is simply inspiring.
Contrast this with the Russian PR. Focused, as it is, on the choreographed presentations of its Dear Leader. The impossibly long desks. The gilded halls. The stunted speech. It feels like a 20th century war propaganda machine firing mortars at a 21st century social media machine shooting lasers.
On the ground, of course, the situation is different. Ukraine does not have any lasers. But I think their invaders dramatically underestimated the power of that social media prowess to galvanize support from the West (amongst other underestimations!). The rally behind shutting Russia out of SWIFT, Germany approving both direct delivery of weapons and a dramatic increase in military spending going forward, the joint closing of the air space, and other new sanctions seemingly dropping every hour, does feel like it owes its urgency to the depth of public support the Ukrainian media campaign is fast activating.
Just yesterday my wife was biking home past the neighborhood of the Russian embassy here in Copenhagen. Ten thousand Danes had swamped the street around it to show their displeasure and disgust with the invasion. Danish politicians suggested renaming the street of the Russian embassy to ""Ukraine Street"" in response. The activation of this kind of popular support in the countries around Europe has been crucial in expediting the political courage to act.
Even the immigration policies in Denmark are being loosened for this crisis. Ukrainian refugees are being welcomed without visas, and the train operators instructed to let them travel for free. Let's just say that this isn't exactly the open arms that Danes have held out to every other crisis around the world. This response is tracking entirely with the public opinion that Ukraine is different because it's European. A response cultivated by this incredibly effective Ukrainian social media campaign.
What does any of this mean, long term? I don't think anyone knows. But as someone who rarely holds back any criticism of social media in general, and Twitter in particular, it's worth taking a moment to appreciate the difference it's making here and now. Even as it's surely also home to fabrications, tall tales, and everything else that comes with the fog of war. Even if a week from now it's something else.
Good, not good. Bad, not bad. Neither, both.
Being able to read, in real time, about members of the Ukrainian parliament taking up arms, mixed together with pictures of walking the dog, is a deeply humanizing experience. Seeing Zelenskyy tweeting his calls with world leaders, while vlogging defiant declarations of courage, is simply inspiring.
Contrast this with the Russian PR. Focused, as it is, on the choreographed presentations of its Dear Leader. The impossibly long desks. The gilded halls. The stunted speech. It feels like a 20th century war propaganda machine firing mortars at a 21st century social media machine shooting lasers.
On the ground, of course, the situation is different. Ukraine does not have any lasers. But I think their invaders dramatically underestimated the power of that social media prowess to galvanize support from the West (amongst other underestimations!). The rally behind shutting Russia out of SWIFT, Germany approving both direct delivery of weapons and a dramatic increase in military spending going forward, the joint closing of the air space, and other new sanctions seemingly dropping every hour, does feel like it owes its urgency to the depth of public support the Ukrainian media campaign is fast activating.
Just yesterday my wife was biking home past the neighborhood of the Russian embassy here in Copenhagen. Ten thousand Danes had swamped the street around it to show their displeasure and disgust with the invasion. Danish politicians suggested renaming the street of the Russian embassy to ""Ukraine Street"" in response. The activation of this kind of popular support in the countries around Europe has been crucial in expediting the political courage to act.
Even the immigration policies in Denmark are being loosened for this crisis. Ukrainian refugees are being welcomed without visas, and the train operators instructed to let them travel for free. Let's just say that this isn't exactly the open arms that Danes have held out to every other crisis around the world. This response is tracking entirely with the public opinion that Ukraine is different because it's European. A response cultivated by this incredibly effective Ukrainian social media campaign.
What does any of this mean, long term? I don't think anyone knows. But as someone who rarely holds back any criticism of social media in general, and Twitter in particular, it's worth taking a moment to appreciate the difference it's making here and now. Even as it's surely also home to fabrications, tall tales, and everything else that comes with the fog of war. Even if a week from now it's something else.
Good, not good. Bad, not bad. Neither, both.",no,,"This one mentions immigration, but only for Ukranians"
we-are-a-place-of-business-a451eddf,https://world.hey.com/dhh/we-are-a-place-of-business-a451eddf,2024-04-19,We are a place of business,"After the disastrous launch of their Gemini AI, which insisted that George Washington was actually Black and couldn't decide whether Musk's tweets or Hitler was worse, Google's response was timid and weak. This was just a bug! A problem with QA! It absolutely, positively wasn't a reflection of corrupted culture at Google, which now appeared to put ideology over accuracy. Really, really!
Anyone watching that shit show would be right to wonder whether one of America's great technology companies had fallen completely into the hands of the new theocracy. I certainly did. 
But now comes evidence that Google perhaps isn't totally lost, even if an internal war over its origin principles is very much raging. One pitting the mission of organizing the world's information and making it useful against the newspeak Trust & Safety goal of controlling narratives and countering malinformation (i.e. inconvenient truths).
This played out in stereotype as 28 Googlers occupied the CEO of Google Cloud's office for 10 hours this week, defaced property, and prevented other Googlers from doing their work. Because Google provides cloud services to Israel, said the occupiers. And thus The Current Thing demanded it be stopped by whatever means possible. (Remember when The Current Thing was that GitHub shouldn't offer its technology to ICE because ""kids in cages""? Same thing).
But then the most amazing thing happened. There was no drawn-out investigation. No saccharine statements about employee's rights to occupy offices, preventing work from happening, or advance their political agenda at work. Nope. They were just fired. Immediately. All 28 of them.
Bravo.
Bravo.
Google's bottom line? ""This is a place of business"". And while employees have the lawful right to protest their working conditions, they do not have the right to prevent a business from carrying out its normal course of commerce over a disagreement in politics. So that was that.
But it gets better. Google followed up the unceremonious firings by calling an end to employees bringing their politics to the office. Just like Coinbase did, just like we did. The language was spot on:
""But ultimately we are a workplace and our policies and expectations are clear: this is a business, and not a place to act in a way that disrupts coworkers or makes them feel unsafe, to attempt to use the company as a personal platform, or to fight over disruptive issues or debate politics. This is too important a moment as a company for us to be distracted.""
Three years ago, taking a common-sense position like this would have been met with drama and outage in the media and on Twitter. Today I doubt it'll bring more than a ripple outside of a few activist echo chambers on Mastodon. Amazing progress!
Note, none of this pertains to what you think about The Current Thing that provided the trigger this time. It could just as well had been BLM, Russiagate, climate change, or a million other hot-button topics that have occupied the role as The Current Thing, and been used to justify these kinds of insufferable activists yelling at their boss.
We've not just passed the peak of the nonsense that nearly swallowed corporate America whole, but we're now seeing them repudiate it head on. If Google, with it's employment roster still packed with people sympathetic to the new theocracy, can put its foot down, so can the rest of the Fortune 500 and beyond. It's time they all say: ""This is a place of business"".",yes,other_minoritized:threat_crime_framing,"I said this was “other” because it targets activists, which usually belong to multiple minority groups."
serving-the-country-9faa5ef3,https://world.hey.com/dhh/serving-the-country-9faa5ef3,2025-02-08,Serving the country,"In 1940, President Roosevelt tapped William S. Knudsen to run the government's production of military equipment. Knudsen had spent a pivotal decade at Ford during the mass-production revolution, and was president of General Motors, when he was drafted as a civilian into service as a three-star general. Not bad for a Dane, born just ten minutes on bike from where I'm writing this in Copenhagen!
Knudsen's leadership raised the productive capacity of the US war machine by a 100x in areas like plane production, where it went from producing 3,000 planes in 1939 to over 300,000 by 1945. He was quoted on his achievement: ""We won because we smothered the enemy in an avalanche of production, the like of which he had never seen, nor dreamed possible"".
Knudsen wasn't an elected politician. He wasn't even a military man. But Roosevelt saw that this remarkable Dane had the skills needed to reform a puny war effort into one capable of winning the Second World War.
Do you see where I'm going with this? Elon Musk is a modern day William S. Knudsen. Only even more accomplished in efficiency management, factory optimization, and first-order systems thinking.
No, America isn't in a hot war with the Axis powers, but for the sake of the West, it damn well better be prepared for one in the future. Or better still, be so formidable that no other country or alliance would even think to start one. And this requires a strong, confident, and sound state with its affairs in order.
If you look at the government budget alone, this is direly not so. The US was knocking on a two-trillion-dollar budget deficit in 2024! Adding to a towering debt that's now north of 36 trillion. A burden that's already consuming $881 billion in yearly interest payments. More than what's spent on the military or Medicare. Second to only Social Security on the list of line items.
Clearly, this is not sustainable.
This is the context of DOGE. The program, lead by Musk, that's been deputized by Trump to turn the ship around. History doesn't repeat, but it rhymes, and Musk is dropping beats that Knudsen would have surely been tapping his foot to. And just like Knudsen in his time, it's hard to think of any other American entrepreneur more qualified to tackle exactly this two-trillion dollar problem. 
It is through The Musk Algorithm that SpaceX lowered the cost of sending a kilo of goods into lower orbit from the US by well over a magnitude. And now America's share of worldwide space transit has risen from less than 30% in 2010 to about 85%. Thanks to reusable rockets and chopstick-catching landing towers. Thanks to Musk.
Or to take a more earthly example with Twitter. Before Musk took over, Twitter had revenues of $5 billion and earned $682 million. After the take over, X has managed to earn $1.25 billion on $2.7 billion in revenue. Mostly thank to the fact that Musk cut 80% of the staff out of the operation, and savaged the cloud costs of running the service.
This is not what people expected at the time of the take over! Not only did many commentators believe that Twitter was going to collapse from the drastic costs in staff, they also thought that the financing for the deal would implode. Chiefly as a result of advertisers withdrawing from the platform under intense media pressure. But that just didn't happen.
Today, the debt used to take over Twitter and turn it into X is trading at 97 cents on the dollar. The business is twice as profitable as it was before, and arguably as influential as ever. All with just a fifth of the staff required to run it. Whatever you think of Musk and his personal tweets, it's impossible to deny what an insane achievement of efficiency this has been!
These are just two examples of Musk's incredible ability to defy the odds and deliver the most unbelievable efficiency gains known to modern business records. And we haven't even talked about taking Tesla from producing 35,000 cars in 2014 to making 1.7 million in 2024. Or turning xAI into a major force in AI by assembling a 100,000 H100 cluster at ""superhuman"" pace.
Who wouldn't want such a capacity involved in finding the waste, sloth, and squander in the US budget? Well, his political enemies, of course!
And I get it. Musk's magic is balanced with mania and even a dash of madness. This is usually the case with truly extraordinary humans. The taller they stand, the longer the shadow. Expecting Musk to do what he does and then also be a ""normal, chill dude"" is delusional.
But even so, I think it's completely fair to be put off by his tendency to fire tweets from the hip, opine on world affairs during all hours of the day, and offer his support to fringe characters in politics, business, and technology. I'd be surprised if even the most ardent Musk super fans don't wince a little every now and then at some of the antics.
And yet, I don't have any trouble weighing those antics against the contributions he's made to mankind, and finding an easy and overwhelming balance in favor of his positive achievements.
Musk is exactly the kind of formidable player you want on your team when you're down two trillion to nothing, needing a Hail Mary pass for the destiny of America, and eager to see the West win the future.
He's a modern-day Knudsen on steroids (or Ketamine?). Let him cook.",,,
the-app-store-is-broken-because-it-wasn-t-designed-to-work-aa479eb5,https://world.hey.com/dhh/the-app-store-is-broken-because-it-wasn-t-designed-to-work-aa479eb5,2021-04-09,The App Store is broken because it wasn&#39;t designed to work,"When Kosta Eleftheriou first started revealing scam upon scam in the App Store, I have to admit I didn't quite get it. How were all these multi-million dollar scams being allowed into the App Store in the first place? And why weren't they being expediently removed when scores of customers complained in their 1-star reviews?
The answer turns out to be as simple as it is depressing: Apple's App Store was never designed to work. At least not in the way the company purports that it does. Apple presents the App Store as a highly curated, secure mall of apps which have been thoroughly vetted, and that you can safely install without any due diligence. But it's not and you shouldn't.
As part of Epic's lawsuit against Apple, we've come to learn that app reviewers typically review 50-100 apps per day. Some times spending less than a minute reviewing an individual app. We've also learned that these reviewers are hired without any technical background, let alone any particular expertise with the iOS or macOS platforms.
There's a term for a practice like this: security theater.
That's not because of individual failings amongst app reviewers, but because nobody could possibly provide real security reviews with a workload like that. Even if they were highly qualified, which, in the case of app reviewers, they're also not.
Apple's own actual security people know this all too well. Patrick McGee from the Financial Times reports:
The answer turns out to be as simple as it is depressing: Apple's App Store was never designed to work. At least not in the way the company purports that it does. Apple presents the App Store as a highly curated, secure mall of apps which have been thoroughly vetted, and that you can safely install without any due diligence. But it's not and you shouldn't.
As part of Epic's lawsuit against Apple, we've come to learn that app reviewers typically review 50-100 apps per day. Some times spending less than a minute reviewing an individual app. We've also learned that these reviewers are hired without any technical background, let alone any particular expertise with the iOS or macOS platforms.
There's a term for a practice like this: security theater.
That's not because of individual failings amongst app reviewers, but because nobody could possibly provide real security reviews with a workload like that. Even if they were highly qualified, which, in the case of app reviewers, they're also not.
Apple's own actual security people know this all too well. Patrick McGee from the Financial Times reports:
A senior Apple engineer compared the defences of its App Store against malicious actors to “bringing a plastic butter knife to a gunfight”, according to legal documents released on Thursday.
This really should have been obvious in retrospect. Apple brags that they have millions of applications in the App Store. How could they possibly review all of them properly up front?
The App Store is far more akin to the general internet than it is to any traditional software store. It's impossible to preemptively vet all of the internet, so security on the internet is instead based on hardened browsers, isolated processes, restricted device access, and other system-level protective techniques.
This is also how Apple manages macOS. You can install whatever software you'd like on your Mac, but the operating system provides a depth of protections to ensure apps don't get access to data it shouldn't. This model works! Apple's macOS is not overrun with security exploits and malware. No, it's not foolproof, and bad software does exist, but as Kosta has extensively documented, so too does it in the iOS App Store.
The key benefit Apple derives from using overworked and under-qualified personnel to review apps is business model enforcement and competitive leverage. App reviewers don't need any technical chops to threaten apps with expulsion from the store lest they pay up nor do they need security expertise to deny apps that are being Sherlocked.
And as with security theater elsewhere, Apple can externalize the cost of the performance. App developers are the ones suffering from the inconsistent, capricious, and infuriating decisions made by reviewers who might at most spend a few minutes reviewing the work that took months or years to complete. That is a recipe for resentment.
The vague App Store guidelines – that are interpreted differently depending on which reviewer you happen to be assigned – are not meant to provide smooth, consistent passage through a rigorous but fair security and safety review process. They're meant to give Apple the cover to do whatever they want, whenever they want, to whomever they please. It's the essence of absolutist rule.
It does not have to be like this! It's completely within reach for Apple to admit that the current approach is broken. I know admitting mistake is not an institutional virtue at Apple, but if the company could finally come to realize that the butterfly keyboard was fundamentally bust, I have some faith that they might come to realize the same about the absolutist App Store regime.
Apple needs to admit that they can't have millions of apps and project a picture of perfect safety. They should focus on the system-level protections like they do with their browser and with their entire macOS operating system. Then drop the security theater that's seeding cynicism.
Apple must accept their unique and critical position as the dominant maker of pocket computers in the US. Treat that role with the respect of a common carrier. Embrace net neutrality principles and treat all app makers the same regardless of business model or competitive standing with Apple's own offerings.
I want to believe that Apple doesn't actually want to be this monopolist bully. Steve Jobs’ original vision for the iPhone was that developers would make apps that ran via the web. No gatekeeping, safety provided by system-level protections. Apple should re-embrace the principles behind that vision applied to our native app world.
The tragedy of Darth Apple can still end in redemption. There's good underneath that monopoly mask. Take it off, Tim.",,,
why-is-spotify-still-linking-to-the-cdc-7f612036,https://world.hey.com/dhh/why-is-spotify-still-linking-to-the-cdc-7f612036,2022-11-14,Why is Spotify still linking to the CDC?,"Remember when all the noble people of the world stood up to denounce The Covid Misinformation perpetrated on Joe Rogan's podcast? It seems like ages ago, but in fact it was just this January! And okay, it also wasn't all the noble people. Mainly just a couple of old musicians, like Neil Young and Joni Mitchell, who for a moment relived the glory days of the world's attention, as they hammered Spotify for their awful, awful decision to let a popular podcaster have outlawed conversations on outlawed topics. In defiance of The Science and official consensus on Covid!!
Young and Mitchell removed their music from the Swedish streaming service on perhaps the greatest ever rebel ultimatum: Spotify, you must compel Joe Rogan to cite the official line on Covid in all its forms or we will stop rockin' in the free world!
But after the high of the media circus died down, it was hard for most of the musicians who had followed Neil Young off the platform to stick to their convictions. It didn't take long for most of them to return to the service.
The grand concession that Spotify offered to appease the grandiose demand that it's ""Me or Joe Rogan!""? That the company would plaster any podcast that seemingly even mentions the pandemic in passing with a bright blue warning label that links to The Official Take on everything that's Correct and True about Covid.
That's how I was reminded about all this nonsense in the first place. I went to Rogan's page on Spotify because I had caught a clip online from his interview with Graham Hancock, and I was curious to hear more. The most visually compelling element of that page is the repeating blue warning bars on nearly every episode. Whether it is a conversation with a fellow comedian, a musician, a scientist, or a journalist, the blue bar beacons about the supposed dangers that might lurk from Covid talk inside these free-flowing conversations.
So I clicked ""Learn more"" on the blue bar, which took me to a COVID-19 Guide where the first and most prominent link is to this page at the CDC: COVID-19 Vaccination Clinical & Professional Resources. From there, you currently find a barrage of pleas to vaccinate kids as young as 6 months old, booster shots for 5 year olds, and the claim that ""children from certain racial and ethnic minority groups are.. more likely to become sick or die from COVID-19"". In other words, a huge push to get infants, toddlers, kids, and teenagers vaccinated and boosted. Especially if they're of color.
That's odd, I thought. Why on earth is Spotify, a Swedish streaming service, defacto promoting Covid vaccines to infants and toddlers, when the Swedish government already decided, around the same time the freakout over Rogan was at its peak, that even recommending the vaccine to kids under 12 wasn't going to be on the menu?
In Denmark, the health authorities, which have widely been recognized as having done an excellent job during Covid, also decided over the summer not even to offer the option of a vaccine to kids under 18! And currently only offers booster shots to adults over 50, or people who are immunocompromised.
In Norway, the health authorities went out in January as well with a message that ""COVID-19 is rarely harmful for children"" and ""having COVID-19 gives as good protection as the vaccine against reinfection"". No recommendation to vaccinate kids here either.
So a unified Scandinavia has decided that pushing vaccines on kids as a matter of policy just doesn't make sense. The risks don't outweigh the benefits. Besides, most of these kids have had the virus anyway, and are thus well protected going forward.
That is a very different stance to what the CDC continues to push as The Science. So again, why is Spotify still trying to appease the likes of Young or Mitchell with these alarming blue warning bars pointing to information counter to that of health authorities in Norway, Sweden, and Denmark?
Because Covid in America remains a political struggle rather than a medical one, of course. A flame that continues to attract partisan moths. Despite an absolute embarrassment of specific calls that were at one time or another held by The Consensus of The Science turning out to be bunk. Does anyone need a reminder? Here are a few:
Young and Mitchell removed their music from the Swedish streaming service on perhaps the greatest ever rebel ultimatum: Spotify, you must compel Joe Rogan to cite the official line on Covid in all its forms or we will stop rockin' in the free world!
But after the high of the media circus died down, it was hard for most of the musicians who had followed Neil Young off the platform to stick to their convictions. It didn't take long for most of them to return to the service.
The grand concession that Spotify offered to appease the grandiose demand that it's ""Me or Joe Rogan!""? That the company would plaster any podcast that seemingly even mentions the pandemic in passing with a bright blue warning label that links to The Official Take on everything that's Correct and True about Covid.
That's how I was reminded about all this nonsense in the first place. I went to Rogan's page on Spotify because I had caught a clip online from his interview with Graham Hancock, and I was curious to hear more. The most visually compelling element of that page is the repeating blue warning bars on nearly every episode. Whether it is a conversation with a fellow comedian, a musician, a scientist, or a journalist, the blue bar beacons about the supposed dangers that might lurk from Covid talk inside these free-flowing conversations.
So I clicked ""Learn more"" on the blue bar, which took me to a COVID-19 Guide where the first and most prominent link is to this page at the CDC: COVID-19 Vaccination Clinical & Professional Resources. From there, you currently find a barrage of pleas to vaccinate kids as young as 6 months old, booster shots for 5 year olds, and the claim that ""children from certain racial and ethnic minority groups are.. more likely to become sick or die from COVID-19"". In other words, a huge push to get infants, toddlers, kids, and teenagers vaccinated and boosted. Especially if they're of color.
That's odd, I thought. Why on earth is Spotify, a Swedish streaming service, defacto promoting Covid vaccines to infants and toddlers, when the Swedish government already decided, around the same time the freakout over Rogan was at its peak, that even recommending the vaccine to kids under 12 wasn't going to be on the menu?
In Denmark, the health authorities, which have widely been recognized as having done an excellent job during Covid, also decided over the summer not even to offer the option of a vaccine to kids under 18! And currently only offers booster shots to adults over 50, or people who are immunocompromised.
In Norway, the health authorities went out in January as well with a message that ""COVID-19 is rarely harmful for children"" and ""having COVID-19 gives as good protection as the vaccine against reinfection"". No recommendation to vaccinate kids here either.
So a unified Scandinavia has decided that pushing vaccines on kids as a matter of policy just doesn't make sense. The risks don't outweigh the benefits. Besides, most of these kids have had the virus anyway, and are thus well protected going forward.
That is a very different stance to what the CDC continues to push as The Science. So again, why is Spotify still trying to appease the likes of Young or Mitchell with these alarming blue warning bars pointing to information counter to that of health authorities in Norway, Sweden, and Denmark?
Because Covid in America remains a political struggle rather than a medical one, of course. A flame that continues to attract partisan moths. Despite an absolute embarrassment of specific calls that were at one time or another held by The Consensus of The Science turning out to be bunk. Does anyone need a reminder? Here are a few:
- Masks don't work against Covid. No, wait, they actually do, and it doesn't even matter which type you use! So please ensure that your toddler's cloth mask is on at all time in kindergarten. Sorry, what we meant was that only N95+ masks do anything, and that you indeed can't make a toddler consistently wear a properly protecting mask, and if you do, you're hurting the child's ability to connect and learn.
- The virus can get you anywhere! So don't go to the beach! Make sure that kids are sitting properly separated outside in silence and the freezing cold as they eat their lunch. Oh, actually, we meant that being outside is actually very safe, and policing the beaches didn't do anything to stem transmission.
- But at least kids won't be harmed by long lockdowns, they're resilient! Well, okay, no, many of them are now way below grade level! Oh, and their mental health absolutely cratered from the isolation experiment. Wups!
- If you get the vaccine, you won't transmit the disease to others. Oh, sorry, I guess you actually can.
- But at least if you got the virus, you will be protected against contracting the virus again. Well, okay, no, but then at least for a long time. Sorry, by ""long time"", we mean a few months, but then you can get a booster!
- You should just keep getting boosters. This will be like a flu shot, something you get every year. Sorry, actually, after several boosters, the effect of subsequent ones is now seriously in doubt.
- The AstraZeneca vaccine is perfectly safe! There's nothing at all to worry about! Oh, sorry, several women died in Denmark due to a rare but fatal side effect. So the Danish health authorities stopped using AstraZeneca altogether, and so too did the Norwegians.
- The lab leak theory is a slanderous conspiracy! How dare you suggest that China isn't telling the truth, the whole truth, and nothing but the truth about a virus that has devasted the world? What possible incentive could they have in being less than forthcoming about the sloppy gain-of-function research being conducted at the Wuhan lab? Oh, heh, sorry, actually now it appears that the lab leak theory is looking quite plausible. Sorry for banning discussion about this as a conspiracy theory! Our bad!
That's just a small slice of the countless twists and turns we went through trying to understand Covid-19 and the pandemic it caused. A journey of zig-zagging discovery that ought to have provoked more than just a little hesitation in those eagerly attempting to police any opposition to the temporary conclusions of The Science. Especially since so many of those early conclusions turned out to be wrong!
That's of course how lowercase science works. It produces hypotheses, which are subjected to the real world, and their ability to be disproven is literally the most important part of the process! If a hypothesis doesn't offer room for falsification, it's just not scientific. This falsification process relies on vigorous cross-examination of the evidence. On counter-arguments that may themselves be flawed or wrong, but which test the hypothesis under review. If they fail to rebut, the hypothesis is strengthened, but if they succeed, we have to get back to the drawing board.
Capitalizing The Science and turning it into a consensus cult has done more to undermine public trust in the House of Francis Bacon than even the atom bomb. It's cracked the reputation of scientists who turned dogmatists, and centers for disease control and prevention captured by political directives. It's brought eternal shame on musicians turned narrative cops, and the journalists that breathlessly backed the censorship protocol that was installed at the outset of this pandemic.
No wonder there's a plea emerging for us all to just forget about the whole thing! Who could have known, right?! When we called Rogan a fascist science denier for daring to question whether imposing an experimental new vaccine on everyone and their children, it was all in good faith, so now that the science has proven much of that bunk, I think it's best we just Forget & Forgive! Move on! Nothing to see!
Now I'm actually oddly enough inclined to agree. The world has been torn asunder by extremist convictions of the righteous way. The counter force to this might well actually be forgiveness. I choose to believe that many of the people who went totalitarian did so in good faith, or that it at least started there. But this only works if the lesson that The Science is not truth is integrated fully. That it's a process for discovering and refining the truth, not the truth itself. It's a process that often ends down blind alleys, and has to backtrack. A process that desperately needs the voice of an opposition to test, validate, and properly authenticate knowledge.
A lot to ask, I know, but could we at least start by having Spotify remove those ridiculous blue warning labels from every damn conversation Joe Rogan has that mentions the word Covid?",,,
the-responsibility-is-the-reward-69e5b73f,https://world.hey.com/dhh/the-responsibility-is-the-reward-69e5b73f,2023-05-02,The responsibility is the reward,"One of the straightest paths to purpose in life is to take responsibility for something (or someone). Becoming a person whose presence and competence benefits others. For both your sake and theirs.
Jordan Peterson calls this the ""meaningful burden"" in 12 Rules for Life, and downright posits it as an antidote to depression. Echoing Victor Frankl's famous quote ""he who has a why to live for can bear almost any how"" from Man's Search for Meaning.
There's something inherently counterintuitive about this notion that people who feel overwhelmed by life, or lost in its endless possibilities, might not need a lighter load, but a more meaningful burden instead. It reminds me of the version of burnout that stems not from overwork, but from under-purpose. Sometimes, the answer to ""it's just all too much"" is, weirdly, ""can I have some more, please"".
Denmark's strong culture of clubs and associations, in which 9/10 Danes belong to some form of one or the other, is an example of this. All of these clubs and associations are built primarily on volunteer efforts. People choosing to spend their evenings, weekends, or vacations on organizing and participating in cinema groups, handball leagues, trading-card circles, and a million other things. Not just because they really like films or handball or trading cards, but also because they like the responsibility that comes with being an organizer of such efforts.
I've spent the last twenty-plus years finding such purpose in open-source development. Becoming a person whose presence and competence benefits others through the sharing of free software and ideas. And I've seen countless others do it too. But I've also seen people become upset about this concept that the responsibility is the reward in itself when it comes to open source software. That there's something inherently unfair or exploitive about people choosing to spend their free time, without recompense, on advancing projects that might commercially benefit others. The whole ""unpair labor"" theory of contributions.
But the more I think of it, and I've thought about it a fair deal, the more tragic I think it would be if all the hundreds of thousands of programmers who find purpose in open source start seeing their contributions primarily as a poorly-paid second job. What a well of resentment that would fill.
Some people are lucky to find a full serving of purpose at home or at work. But many more need to find it in a third place. A place where the responsibility is the reward. This should be encouraged and commended.
Jordan Peterson calls this the ""meaningful burden"" in 12 Rules for Life, and downright posits it as an antidote to depression. Echoing Victor Frankl's famous quote ""he who has a why to live for can bear almost any how"" from Man's Search for Meaning.
There's something inherently counterintuitive about this notion that people who feel overwhelmed by life, or lost in its endless possibilities, might not need a lighter load, but a more meaningful burden instead. It reminds me of the version of burnout that stems not from overwork, but from under-purpose. Sometimes, the answer to ""it's just all too much"" is, weirdly, ""can I have some more, please"".
Denmark's strong culture of clubs and associations, in which 9/10 Danes belong to some form of one or the other, is an example of this. All of these clubs and associations are built primarily on volunteer efforts. People choosing to spend their evenings, weekends, or vacations on organizing and participating in cinema groups, handball leagues, trading-card circles, and a million other things. Not just because they really like films or handball or trading cards, but also because they like the responsibility that comes with being an organizer of such efforts.
I've spent the last twenty-plus years finding such purpose in open-source development. Becoming a person whose presence and competence benefits others through the sharing of free software and ideas. And I've seen countless others do it too. But I've also seen people become upset about this concept that the responsibility is the reward in itself when it comes to open source software. That there's something inherently unfair or exploitive about people choosing to spend their free time, without recompense, on advancing projects that might commercially benefit others. The whole ""unpair labor"" theory of contributions.
But the more I think of it, and I've thought about it a fair deal, the more tragic I think it would be if all the hundreds of thousands of programmers who find purpose in open source start seeing their contributions primarily as a poorly-paid second job. What a well of resentment that would fill.
Some people are lucky to find a full serving of purpose at home or at work. But many more need to find it in a third place. A place where the responsibility is the reward. This should be encouraged and commended.",,,
actions-beat-arguments-2aa1da34,https://world.hey.com/dhh/actions-beat-arguments-2aa1da34,2023-03-08,Actions beat arguments,"You can't convince someone invested in their convictions to the contrary by arguments alone. Only actions can pry open a locked mind, and most minds remain locked most of the time. So if you wish to be persuasive, you ought to spend less time arguing and more time doing.
This is as it should be. Talk is cheap, and others are right to keep their considered positions from being for sale at a discount. Everyone should be open to change their mind, of course, but they should also keep the bar high or they'll drift about constantly and randomly.
There are a thousand plausible arguments available for every possible side of any issue, but rarely more than a few that can be substantiated by reality, once put to the test. This is why we listen more to those who do than those who merely opine. Both might be wrong, but odds favor the lessons derived from contact with the real world over those kept safe from falsification.
Credibility is thus the consequence of successful actions. The social payoff for taking a risk and seeing it through. This again is as it should be. There's an endless supply of people willing to stake nothing on their convictions in the realm of arguments, but only a few ready to risk the effort of being wrong by actually following through.
This is what skin in the game is all about. Wrestling reality over the veracity of an idea, so that you may earn the keys required to unlock the minds of others, and advance us all.
This is as it should be. Talk is cheap, and others are right to keep their considered positions from being for sale at a discount. Everyone should be open to change their mind, of course, but they should also keep the bar high or they'll drift about constantly and randomly.
There are a thousand plausible arguments available for every possible side of any issue, but rarely more than a few that can be substantiated by reality, once put to the test. This is why we listen more to those who do than those who merely opine. Both might be wrong, but odds favor the lessons derived from contact with the real world over those kept safe from falsification.
Credibility is thus the consequence of successful actions. The social payoff for taking a risk and seeing it through. This again is as it should be. There's an endless supply of people willing to stake nothing on their convictions in the realm of arguments, but only a few ready to risk the effort of being wrong by actually following through.
This is what skin in the game is all about. Wrestling reality over the veracity of an idea, so that you may earn the keys required to unlock the minds of others, and advance us all.",,,
american-hype-6f7afd1b,https://world.hey.com/dhh/american-hype-6f7afd1b,2025-07-17,American hype,"There's no country on earth that does hype better than America. It's one of the most appealing aspects about being here. People are genuinely excited about the future and never stop searching for better ways to work, live, entertain, and profit. There's a unique critical mass in the US accelerating and celebrating tomorrow.
The contrast to Europe couldn't be greater. Most Europeans are allergic to anything that even smells like a commercial promise of a better tomorrow. ""Hype"" is universally used as a term to ridicule anyone who dares to be excited about something new, something different. Only a fool would believe that real progress is possible!
This is cultural bedrock. The fault lines have been settling for generations. It'll take an earthquake to move them.
You see this in AI, you saw it in the Internet. Europeans are just as smart, just as inventive as their American brethren, but they don't do hype, so they're rarely the ones able to sell the sizzle that public opinion requires to shift its vision for tomorrow. 
To say I have a complicated relationship with venture capital is putting it mildly. I've spent a career proving the counter narrative. Proving that you can build and bootstrap an incredible business without investor money, still leave a dent in the universe, while enjoying the spoils of capitalism. And yet...
I must admit that the excesses of venture capital are integral to this uniquely American advantage on hype. The lavish overspending during the dot-com boom led directly to a spectacular bust, but it also built the foundation of the internet we all enjoy today. Pets.com and Webvan flamed out such that Amazon and Shopify could transform ecommerce out of the ashes.
We're in the thick of peak hype on AI right now. Fantastical sums are chasing AGI along with every dumb derivative mirage along the way. The most outrageous claims are being put forth on the daily. It's easy to look at that spectacle with European eyes and roll them. Some of it is pretty cringe!
But I think that would be a mistake. You don't have to throw away your critical reasoning to accept that in the face of unknown potential, optimism beats pessimism. We all have to believe in something, and you're much better off believing that things can get better than not. 
Americans fundamentally believe this. They believe the hype, so they make it come to fruition. Not every time, not all of them, but more of them, more of the time than any other country in the world.
That really is exceptional.",,,
software-has-bugs-this-is-normal-26d5fd06,https://world.hey.com/dhh/software-has-bugs-this-is-normal-26d5fd06,2023-02-07,Software has bugs. This is normal.,"Disappointment occurs when expectations don’t match reality. And our expectations for software quality are profoundly unrealistic. Thus, lots of people are continuously disappointed — even enraged — by software bugs. They shouldn’t be.
The only reliable, widely used way to ensure impeccable software quality is to write less software that does less stuff, and then spend eons honing that tiny lot. Such an approach, however, is very rarely compatible with commercial success or even programmer motivations (despite what many may claim).
How do you think the market would receive the iPhone 7, if its headline improvement was cutting 1/3 of the features to shrink the code base so it’d have fewer bugs? Yeah, I thought so. While people may get excited in concept by “stop the train, we need to fix the tracks” directives for software development, it’s not what they would buy.
Well, but then there’s the argument: Apple is so rich, can’t they just hire more developers and testers to fix all the bugs? To paraphrase Frederick Brooks: No. Software development doesn’t work like that. Throwing ever bigger teams at problems usually just makes the problems bigger still.
Bugs are an inevitable byproduct of writing software. Sure, there are all sorts of techniques and potions that promise to decrease how many of the damn critters run about, but only the comically hyperbole pretends that complete eradication is possible.
Once we accept that simple fact that software = bugs, we can progress to understand why fixing them may not even be that important a lot of the time. The absence of bugs is simply one parameter of success in software, but not even close to the most important one (with some exception for life critical systems).
Useless software can be entirely bug free, yet remain entirely useless. Useful software can be ridden with bugs, yet remain highly valuable. Or, the value of software depends far more upon the problem it solves than the quality by which it does so.
Sometimes the dichotomy isn’t that black and white, of course. You could have two pieces of software that solve the same problem, and it’s reasonable to think that the one with fewer bugs would do better. Though even that simple statement is often laughably disproven by the market. Factors such as existing adoption, integrations, brand, and fun often trump quality as well.
Given that there are so many factors more important to the future prospects of a software package and its makers, is it really that surprising not every bug gets “drop everything, we gotta fix this” priority? Of course not. But we, as users who hit a bug, still constantly pretend that it is.
It’s really the pinnacle of myopia when we as users demand and demean software makers to fix our pet bug, just because we hit it, and just because it may have caused anything from a slight annoyance to loss of some time.
The value of a any given bug can be rated by the number of users affected times the criticality of the issue. Lots of users are losing all their data due to this bug? Okay, then, Very Damn Important! Fix it NOW! Lots of users are a little annoyed or confused by this? Probably should fix it some time soon. A few users have to spend another 30 seconds on a work around? Unlikely to get fixed any time soon!
Software organizations that stay in business triage their backlog of bugs like that. They do not drop everything to deal with any damn bug. As the economies of scale kick in, so does the magnitude of consequences from such triaging. Large software packages and organizations will have hundreds if not thousands if not TENS OF THOUSANDS of open bugs of various criticality. THIS IS NORMAL. THIS IS EXPECTED.
This is not a call to give up on software quality, quite the contrary. This is a call to remove the highly charged emotional responses of encountering the world as it should be expected to spin. Demeaning developers, questioning their professionalism (whatever that means!), or feigning outrage at that which ails all software makes everyone, including users, worse off.
So next time you hit an annoying bug, give it five minutes before you fire off that indignant tweet. Marvel at the miracle it is that anything as complex as a modern piece of software works at all! Consider the billions of instructions our work-horse CPUs have to get just right for you to enjoy the splendors of computing. Have some sympathy for man and machine.
I originally wrote this in 2016. Seven years later, it's just as true. HEY has bugs. Basecamp has bugs. Hopefully fewer than the competition, hopefully none of them critical.
  
I originally wrote this in 2016. Seven years later, it's just as true. HEY has bugs. Basecamp has bugs. Hopefully fewer than the competition, hopefully none of them critical.",,,
the-law-of-the-land-c2231109,https://world.hey.com/dhh/the-law-of-the-land-c2231109,2023-06-30,The law of the land,"Affirmative action is right up there with abortion and gun control among the highest-profile, longest-running social fissures in America. So of course the recent ruling from the Supreme Court making its use in college admissions illegal was going to light a political fire. The surprising thing is just how contained the burn has been within the tech industry.
But perhaps it shouldn't be so surprising. As I argued last year, we're now in the waning days of DEI's dominance within the corporate world in general and tech in particular. I don't know exactly when future historians will pin the peak, but it'll be sometime in that 2020-2021 period. The only thing that's clear today is that things have calmed down considerably since the ideological crusade reigned supreme.
Good.
It really was a crazy time. And I think we're only beginning to appreciate just how bananas it was. Like I can imagine Americans coming out of the 1950s Red Scare must have felt. But the fact that it's undeniably a different time already was illustrated when Facebook banned many forms of political discussions inside their company late last year, and basically nobody gave a damn.
But let's not forget that it isn't over everywhere yet. It's just waning rapidly within the corporate world. As Heather Mac Donald has documented in When Race Trumps Merit, institutions within academia, the arts, and even branches of science are still in the throes of this ideology, with disastrous effects.
Such are the swings of the pendulum. It's not everywhere all at once. The turn will always happen faster in some circles than others. I'm just glad the turn has happened within tech first.
Correcting past injustices with present-day discrimination was never going to be a long-term stable project. You just can't get a majority of Americans to stick with a premise that discrimination is the key explaining variable for disparate educational attainment or outcomes forever. And when you attempt to rig the rules to achieve such ""demographically proportionate"" outcomes, you invariably end up penalizing better candidates on the basis of having the ""wrong"", ""over-represented"" racial background. That's not right.
Reasonable people can, of course, disagree on this sentiment (as shown by the 1/3 of Americans supporting affirmative action!). But we all have to look at the same set of facts, regardless of opinion. And the facts are deeply uncomfortable in this case. Especially when they illustrate the challenges faced by Asian Americans, the original plaintiffs in this case, when compared to other minorities in terms of college acceptance. No wonder the ideological hand-waiving required to confuse this fact has been so frantic.
But the handwaving didn't convince the Supreme Court, and the repercussions of this case will extend far beyond colleges. Corporate legal departments are already busy course-correcting and bracing for a slew of lawsuits based on the same premise: Using race, and other protected identity markers, to advantage some candidates over others is illegal.
Now it'll be interesting to see whether universities who've been operating on this illegal model will actually comply with the ruling. There's good reason to believe the bureaucratic commitment to racial preferencing isn't going to be discarded this easily. But it's a monumental ruling nonetheless, and now there's no longer any doubt as to what the law of the land is.
That alone, a clear ruling on the illegality of affirmative action, will undoubtedly help accelerate the waning days of DEI. With the legal basis drained, the ideological nature of this push will become all the more apparent and niche at the same time.
The original American promise that this is a country where you can make it regardless of where you came from has always been challenged in practice, but it's a beautiful ideal, and it'll shine just a little brighter now that the Supreme Court has dismantled one of the few remaining systemic impediments to its realization.
Toward a more perfect union!
But perhaps it shouldn't be so surprising. As I argued last year, we're now in the waning days of DEI's dominance within the corporate world in general and tech in particular. I don't know exactly when future historians will pin the peak, but it'll be sometime in that 2020-2021 period. The only thing that's clear today is that things have calmed down considerably since the ideological crusade reigned supreme.
Good.
It really was a crazy time. And I think we're only beginning to appreciate just how bananas it was. Like I can imagine Americans coming out of the 1950s Red Scare must have felt. But the fact that it's undeniably a different time already was illustrated when Facebook banned many forms of political discussions inside their company late last year, and basically nobody gave a damn.
But let's not forget that it isn't over everywhere yet. It's just waning rapidly within the corporate world. As Heather Mac Donald has documented in When Race Trumps Merit, institutions within academia, the arts, and even branches of science are still in the throes of this ideology, with disastrous effects.
Such are the swings of the pendulum. It's not everywhere all at once. The turn will always happen faster in some circles than others. I'm just glad the turn has happened within tech first.
Correcting past injustices with present-day discrimination was never going to be a long-term stable project. You just can't get a majority of Americans to stick with a premise that discrimination is the key explaining variable for disparate educational attainment or outcomes forever. And when you attempt to rig the rules to achieve such ""demographically proportionate"" outcomes, you invariably end up penalizing better candidates on the basis of having the ""wrong"", ""over-represented"" racial background. That's not right.
Reasonable people can, of course, disagree on this sentiment (as shown by the 1/3 of Americans supporting affirmative action!). But we all have to look at the same set of facts, regardless of opinion. And the facts are deeply uncomfortable in this case. Especially when they illustrate the challenges faced by Asian Americans, the original plaintiffs in this case, when compared to other minorities in terms of college acceptance. No wonder the ideological hand-waiving required to confuse this fact has been so frantic.
But the handwaving didn't convince the Supreme Court, and the repercussions of this case will extend far beyond colleges. Corporate legal departments are already busy course-correcting and bracing for a slew of lawsuits based on the same premise: Using race, and other protected identity markers, to advantage some candidates over others is illegal.
Now it'll be interesting to see whether universities who've been operating on this illegal model will actually comply with the ruling. There's good reason to believe the bureaucratic commitment to racial preferencing isn't going to be discarded this easily. But it's a monumental ruling nonetheless, and now there's no longer any doubt as to what the law of the land is.
That alone, a clear ruling on the illegality of affirmative action, will undoubtedly help accelerate the waning days of DEI. With the legal basis drained, the ideological nature of this push will become all the more apparent and niche at the same time.
The original American promise that this is a country where you can make it regardless of where you came from has always been challenged in practice, but it's a beautiful ideal, and it'll shine just a little brighter now that the Supreme Court has dismantled one of the few remaining systemic impediments to its realization.
Toward a more perfect union!",,,
where-next-for-dei-0dc866b4,https://world.hey.com/dhh/where-next-for-dei-0dc866b4,2024-01-30,Where next for DEI?,"It was a rough 2023 for DEI. After the ideology completely conquered both the corporate and cultural world from 2020-2022, the reversal last year was astounding. The Supreme Court ruled the use of race in college admissions illegal, Ibram X. Kendi’s Antiracst Research center fell apart in scandal, the former Meta DEI executive plead guilty to stealing $4M from the company, X’s change of ownership continued to pry open the Overton window, and countless other developments all accelerated the rapid counter swing of the pendulum.
In tech, where much of the most fervent corporate advocacy started, DEI departments have been decimated. And now the EEOC, the US Equal Employment Opportunity Commission, has delivered unequivocal clarification that doing any form of preferential hiring on the basis of race (or sex or other protected classes) is (still!) flat-out illegal.
The latter came in a remarkable exchange on X between Mark Cuban, who’d taken to defend letting DEI considerations be “part of the [hiring] equation”, and Andrea R. Lucas, a sitting EEOC Commissioner:
  
Title VII refers to a part of the Civil Rights Act of 1964. EEOC has the statute in full on their website. It doesn’t really beat around the bush:
In tech, where much of the most fervent corporate advocacy started, DEI departments have been decimated. And now the EEOC, the US Equal Employment Opportunity Commission, has delivered unequivocal clarification that doing any form of preferential hiring on the basis of race (or sex or other protected classes) is (still!) flat-out illegal.
The latter came in a remarkable exchange on X between Mark Cuban, who’d taken to defend letting DEI considerations be “part of the [hiring] equation”, and Andrea R. Lucas, a sitting EEOC Commissioner:
Title VII refers to a part of the Civil Rights Act of 1964. EEOC has the statute in full on their website. It doesn’t really beat around the bush:
It shall be an unlawful employment practice for an employer to fail or refuse to hire or to discharge any individual, or otherwise to discriminate against any individual with respect to his compensation, terms, conditions, or privileges of employment, because of such individual's race, color, religion, sex, or national origin.
And directly addresses Cuban’s admission of using race and sex as “part of the equation”:
...an unlawful employment practice is established when the complaining party demonstrates that race, color, religion, sex, or national origin was a motivating factor for any employment practice, even though other factors also motivated the practice.
Which is all really very sensible! You can’t hire people on the basis of race, not even if that consideration is only “part of the equation”. That’s exactly as it should be.
But it’s also in direct opposition to the DEI mantra of yesterday. That companies needed to explicitly consider race in their hiring practice in order to correct for “historical inequities”. That is, as anti-racism proudly claims, to address past discrimination, we have to discriminate today. In order to ensure that demographic distributions at the national level are mirrored within every corporate environment. The infamous quote from Kendi goes:
The only remedy to racist discrimination is antiracist discrimination.
The only remedy to past discrimination is present discrimination.
The only remedy to present discrimination is future discrimination.
These aspirations are not compatible. You can’t both follow the law, and not consider race in your hiring decisions, while somehow actively correcting for real or perceived disparities in the racial makeup of a company during that same process.
What you’re allowed to do, of course, is things like the Rooney Rule. Where you seek to broaden the pool of applicants through targeted outreach. But when it comes down to hiring candidate A or B, it’s illegal to let race enter the equation.
None of this is new, of course. The Civil Rights Act is from 1964. It was passed to address the explicit and discriminatory use of race in hiring practices. Not to apply discrimination in the opposite direction to get desirable statistical outcomes.
But during 2020-2022, this colorblind principle was sacrificed on the new altar of “antiracist discrimination”. The results were startling. In 2021, the S&P 100 – the cream of Corporate America – added 300,000 jobs. 94% of these positions went to people of color, 6% to white applicants. This was antiracism in action. And, according to the Civil Rights Act of 1964, plainly illegal.
I think we’ll see a flood of lawsuits trying to capitalize on this documented pattern of illegal hiring practices soon. The Supreme Court has set the tone in the case of academia, and the EEOC has been clear that “discrimination on the basis of race is illegal”, which of course makes “antiracist discrimination” illegal too. So the legal path has clearly been paved. Especially when employers, like Mark Cuban, go on the record with their illegal “part of the equation” hiring practices.
With corporate DEI bureaucracies getting dismantled, I think it’ll be corporate legal departments who drive the agenda for hiring practices going forward. And rule number #1 has gotta be: Don't discriminate on the basis of race. Don’t break the law.",,,
not-just-what-you-read-but-how-64648303,https://world.hey.com/dhh/not-just-what-you-read-but-how-64648303,2021-05-21,Not just what you read but how,"The concept of a media diet has gotten a lot of attention, and it's surely an important one. If you fill your mind with drivel, it'll soak your thoughts in kind. But how you choose to fill your mind matters too. Even if the sources are ace.
For many years, I consumed media in a continuous, never-ending stream from morning till night. I'd go to the same websites several times per day, just checking, seeing what's new, then reading right away anything I found compelling. Add to that the flood of links and opinions consumed through Twitter all day long. When you graze on media like this, you're never done.
That idea of being done was the most compelling part of receiving a print newspaper, which is something we did for a while before moving during the pandemic. There's just a fixed number of pages. You scan through, find a few things to read, and then eventually reach the last page, and it's finished. No more news or opinions until the next day!
I still think the print newspaper has a lot going for it. That delightful combination of done with a way of reading that's free not only from internet comments but also screens altogether. Let's face it, though, most people are just not going to go back to print.
That doesn't mean you have to give up on done.
I've been trying a new experiment lately to embrace that feeling of done, and you might like it too. It's basically email. Yup, good old email. I get a couple of newsletters from traditional newspapers delivered every day, mix that up with a smattering of Substack subscriptions, and then the secret weapon that really makes this possible: Mailbrew.
Mailbrew lets you subscribe to everything from Hacker News to RSS-friendly sites like Daring Fireball to a throttled intake of Twitter and Youtube and get it delivered via email. You mix these sources together in brews, which you decide how often you want, and thus control both the when and the how-much you're interested in reading. In advance! Allowing you to set the budget before you reach the casino.
Take Twitter. There are people I'd like to follow who just only post their thoughts there, and I'd like to get a sampling of those thoughts, without being soaked in all of Twitter, or even all of someone's feed. With Mailbrew you can say ""3 tweets from this person per day or per week, that's it, thank you"", and it'll only grab the top 3 tweets from that person, free of the retweets.
The same approach works for Youtube. For this channel, just give me the top video once per week. Done.
I've divided my brews into three:
For many years, I consumed media in a continuous, never-ending stream from morning till night. I'd go to the same websites several times per day, just checking, seeing what's new, then reading right away anything I found compelling. Add to that the flood of links and opinions consumed through Twitter all day long. When you graze on media like this, you're never done.
That idea of being done was the most compelling part of receiving a print newspaper, which is something we did for a while before moving during the pandemic. There's just a fixed number of pages. You scan through, find a few things to read, and then eventually reach the last page, and it's finished. No more news or opinions until the next day!
I still think the print newspaper has a lot going for it. That delightful combination of done with a way of reading that's free not only from internet comments but also screens altogether. Let's face it, though, most people are just not going to go back to print.
That doesn't mean you have to give up on done.
I've been trying a new experiment lately to embrace that feeling of done, and you might like it too. It's basically email. Yup, good old email. I get a couple of newsletters from traditional newspapers delivered every day, mix that up with a smattering of Substack subscriptions, and then the secret weapon that really makes this possible: Mailbrew.
Mailbrew lets you subscribe to everything from Hacker News to RSS-friendly sites like Daring Fireball to a throttled intake of Twitter and Youtube and get it delivered via email. You mix these sources together in brews, which you decide how often you want, and thus control both the when and the how-much you're interested in reading. In advance! Allowing you to set the budget before you reach the casino.
Take Twitter. There are people I'd like to follow who just only post their thoughts there, and I'd like to get a sampling of those thoughts, without being soaked in all of Twitter, or even all of someone's feed. With Mailbrew you can say ""3 tweets from this person per day or per week, that's it, thank you"", and it'll only grab the top 3 tweets from that person, free of the retweets.
The same approach works for Youtube. For this channel, just give me the top video once per week. Done.
I've divided my brews into three:
- The Daily, which includes the top 16 links from the past day on Hacker News, a handful of Twitter follows, and a few tech sites like Daring Fireball. I get that at 9am in the morning. Read it before starting work.
- Cars & Watches & Stuff, which I get at 7pm, and includes mostly Youtube channels about things that I like to relax with in the evening after dinner.
- The Weekend, which I get on Saturday mornings, and includes writers and creators of more long-form stuff that I'd like to dig into over the weekend.
These are all the same sources that I used to consume, so it doesn't feel like I'm really missing anything – and what's missed, like the free-flow scrolling of Twitter, is a feature not a bug. Yet I spend so much less time and attention keeping up.
This how of media consumption goes with pledge: That's it. Can't just go to these sites, or others, and scroll, and graze. Gotta wait for the email hitting The Feed.
It's a completely artificial construct, of course. I could go to any of these places any time. It's not like I've blocked them from my browser. But now that it's been a few weeks, the results are astounding.
The days literally seem longer. In the best possible sense. There's both more time to do more of the things I want to do, but also no attention spent on ""everything from everyone all the time"". It's been a complete revelation.
Throttling Twitter in particular feels like a personal breakthrough. I took a complete two-month break last year, and it was wonderful, but I still ended up back. This trickle, just from a few people, feels like the trick that's going to make it stick. Barely there, but just enough. Temperance with a wink.
Which of course led me to think about my own use of Twitter, and I've ultimately come to much the same conclusion as I did with Instagram in 2018. I don't want to contribute to that any more. So for now, it's over. Going forward, just links to HEY World posts, and whatever business boosts that come with it on the side. No direct engagement either.
That's the flip side of the how of consuming media: the how of producing it. This, writing on HEY World, just feels so much better. Same thoughts, principles, but filtered through the bar of ""does this warrant a post"", and then shielded from the corrosive effects of likes and retweets and arguing with strangers on a stage. Ahhh.
We'll see. Media dieting has about the same success rate for most people that actual dieting does. Which is to say abysmal. But I don't for a second regret quitting Facebook back in 2010, and I don't regret quitting Instagram in 2018 either (and that took two attempts as well!).
To focused reading, to filtered writing 🥂",,,
broken-software-invites-collaboration-02b881a2,https://world.hey.com/dhh/broken-software-invites-collaboration-02b881a2,2021-07-01,Broken software invites collaboration,"After two decades of open source participation, I’ve found it easier to cultivate community collaboration around software that’s obviously a little broken. Waiting until the project is pristine before sharing it with the world creates an aura of perfection that intimidates and alienates. So releasing before every bug has been squashed, every feature filled in, every facet documented meticulously improves the odds that it’ll attract the interest of others to help make all that happen.
That’s not a license to release a busted mess, don’t get me wrong. But it is an invitation to consider exactly how long to wait before you share with the world. And your own bar for the quality of the contributions, especially in the early days. Where getting more that’s mostly right rather than less that’s entirely so helps create momentum.
Open source is a like magical waltz between strangers. We have to find our dancing feet together, and quickly, because otherwise it’s awkward. Most projects start out with just one or a few people on the floor. It’s intimidating to step out there with them in all circumstances, but especially so if it looks like every step is perfectly in sync and every sequence a success. Once the dance floor is full, it’s harder to notice, and it doesn’t really matter as much. But it’ll never get there unless a few brave beginners dare participate.
Would you care to dance?
That’s not a license to release a busted mess, don’t get me wrong. But it is an invitation to consider exactly how long to wait before you share with the world. And your own bar for the quality of the contributions, especially in the early days. Where getting more that’s mostly right rather than less that’s entirely so helps create momentum.
Open source is a like magical waltz between strangers. We have to find our dancing feet together, and quickly, because otherwise it’s awkward. Most projects start out with just one or a few people on the floor. It’s intimidating to step out there with them in all circumstances, but especially so if it looks like every step is perfectly in sync and every sequence a success. Once the dance floor is full, it’s harder to notice, and it doesn’t really matter as much. But it’ll never get there unless a few brave beginners dare participate.
Would you care to dance?",,,
as-i-remember-london-e7d38e64,https://world.hey.com/dhh/as-i-remember-london-e7d38e64,2025-09-15,As I remember London,"As soon as I was old enough to travel on my own, London was where I wanted to go. Compared to Copenhagen at the time, there was something so majestic about Big Ben, Trafalgar Square, and even the Tube around the turn of the millenium. Not just because their capital is twice as old as ours, but because it endured twice as much, through the Blitz and the rest of it, yet never lost its nerve. I thought I might move there one day.
That was then. Now, I wouldn't dream of it. London is no longer the city I was infatuated with in the late '90s and early 2000s. Chiefly because it's no longer full of native Brits. In 2000, more than sixty percent of the city were native Brits. By 2024, that had dropped to about a third. A statistic as evident as day when you walk the streets of London now.
Copenhagen, by comparison, was about eighty-five percent native Danes in 2000, and is still three-quarters today. Enough of a foreign presence to feel cosmopolitan, but still distinctly Danish in all of its ways. Equally statistically evident on streets and bike lanes.
But I think, what would Copenhagen feel like, if only a third of it was Danish, like London? It would feel completely foreign, of course. Alien, even. So I get the frustration that many Brits have with the way mass immigration has changed the culture and makeup of not just London, but their whole country.
That frustration was on wide display in Tommy Robinson's march yesterday. British and English flags flying high and proud, like they would in Copenhagen on the day of a national soccer match. Which was both odd to see but also heartwarming. You can sometimes be forgiven for thinking that all of Britain is lost in self-loathing, shame, and suicidal empathy. But of course it's not.
Recently, a projection that Danes would be a minority in their own country by 2096 caused an enormous stir in Denmark. Politicians across the spectrum decried what a catastrophe that would be for this world's oldest continuous monarchy. But a demographic nightmare worse than that has already enveloped London!
So it's tough to blame the Brits for being pissed. No matter how hard they voted one way or the other, Brexit or no Brexit, the erosion of their national identity kept marching forward at an ever-greater pace. Not due to some unavoidable cosmic destiny, but due to equal parts policy and apathy. The boats kept coming, the migrant hotels kept expanding, and the British authorities kept cracking down on anyone who dared criticize that trajectory or the present-day reality.
Which brings us back to Robinson's powerful march yesterday. The banner said ""March for Freedom"", and focused as much on that now distant-to-the-Brits concept of free speech, as it did on restoring national pride.
And for good reason! The totalitarian descent into censorious darkness in Britain has been as swift as its demographic shift. British police are now making 30 arrests a day for wrongthink, wrongspeech, and other online transgressions against ""the regime narrative"", as the BBC would have reported, if this were a statistic from a foreign nation.
Most recently, five officers(!) came to arrest comedian Graham Linehan for illicit tweets. When much of the media reports a story like this, it's often without citing the specific words in question, such that the reader might imagine something far worse than what was actually said. So you should actually read the three tweets that landed Linehan in jail, and earned him a legal restraining order against using X. It's grotesque.  
The easy way out of this uncomfortably large gathering of perfectly normal, peaceful Brits who've had enough is to tar them all as ""far right"". That's not just a British tactic, but one used across Europe, and previously in the US as well. It used to work very well, because the historical stigma was so strong, but, like hurling ""nazi"" and ""fascist"" at the most middle-of-the-road political figures and positions, it's finally lost its power.
I really feel for the Brits because it's not obvious how they get themselves out of this pickle. They're still reeling from the Pakistani rape gangs that were left free to terrorize cities like Rotherham and Rochdale for years on end with horror-movie-like scenes of the most despicable, depraved abuse of British girls. Unlike Linehan's tweets, I actually implore you not to peruse these stories too closely, though, because they'll make you sick. So how do you even begin to correct course?
I don't know. But I'm glad that there clearly are many Brits who are determined to find out. Unwilling to just let their society wither away while their bobbies chase bad tweets instead of the rampant street thefts or those barbaric rape gangs. Unwilling to resign the rest of the country to the kind of demographic replacement that befell London over the last two decades.
You can rest assured that I'd be in the streets waving a Danish flag if these were my conditions in my native country. I think that's a pretty universal sentiment. There's absolutely nothing racist or xenophobic in saying that Denmark is primarily a country for the Danes, Britain primarily a united kingdom for the Brits, and Japan primarily a set of islands for the Japanese.
Here's how the Danish Prime Minister, Mette Frederiksen of the Social Democrats, recently put it in an interview:
There are really a lot of us Danes who believed that when people came to this ‘world’s best country’ and were given such good opportunities, they would integrate. They would become Danish, and they would never, ever harm our society. All of us who thought that way have been wrong.
This is the challenge before not just the British establishment, but much of the European one too: To come to the realization of the Danish Prime Minister. Someone nobody could credibly charge with being ""far right"".
Which should give the Brits some solace. The Social Democrats in Denmark were once staunch believers in unfettered immigration and thought it dirty to even talk about the problems, but eventually reality and public pressure led them to better ideas. Why shouldn't that be possible in the UK? 
Don't give up. You survived the Blitz. Britain will be back.",,,
the-silent-majority-s-reply-3dcdc03e,https://world.hey.com/dhh/the-silent-majority-s-reply-3dcdc03e,2022-03-10,The silent majority&#39;s reply,"When so much of the American political discourse and agenda is being set and performed on Twitter, it's easy to fall into the trap of thinking this forum accurately represents the voice of the people. But not only do the majority of people in the US never tweet, they're also increasingly disconnecting from party affiliations. Here's a quippy summary from Axios:
Most people you meet in everyday life — at work, in the neighborhood — are decent and normal. Even nice. But hit Twitter or watch the news, and you'd think we were all nuts and nasty. 75% of people in the U.S. never tweet, Independents would be the biggest party.
These facts are solidly confirmed by media consumption. Joe Rogan's independent podcast is vastly more popular than even the most popular weeknight primetime show on the biggest cable news channel (Fox News). Even Russell Brand brings more viewers to his daily commentary show on YouTube than MSNBC can muster for their weeknight primetime shows.
This reality, as Axios puts it, of ""decent and normal"" people not expressing their preferences on the big topics online means they appear silent. Until suddenly they reveal their big stick as a belated reply, and the commentariat is surprised by the force.
Look at the debate over critical race theory, anti-racism, wokeness, or whatever you want to call what's going on in some American schools. The push to redistribute admissions away from Asian Americans at elite public schools to other minorities that are deemed under represented. Or the push to rename schools in San Francisco with the names of historical figures that are being accused of racism, like Abraham Lincoln.
If you only took the pulse of these debates, especially in the beginning of either phenomenon, on Twitter, you'd be convinced that both causes were very popular. That forum was full of proponents of these policies, and nearly void of opponents.
But then came the reply.
First in Virginia, where the silent majority of parents opposed to the school policy changes managed to swing a solidly Democrat state red in the governor's race by electing Republican Glenn Youngkin.
Then in San Francisco, where an unheard of 70%+ of voters recalled three school board members who were seen as being focused on these divisive policy changes instead of, as major London Breed noted, ""[being focused] on the essentials of delivering a well-run school system above all else"".
Or how about the clash over whether Chapelle should be allowed to perform his comedy in specials on Netflix. For a while, Twitter was ablaze with indignation, calls for cancelations, and there were even a few small protests at the company headquarter. What was the silent majority's reply to this outrage? To keep watching Chapelle and to keep subscribing to Netflix.
Same story at Spotify, which dominated several news cycles over Joe Rogan's supposed transgressions around pandemic discourse. That even got a few old rockers to pull their music. And the reply? Even more people listening to Rogan, no real blip in the subscription business for Spotify.
None of this is a verdict on the virtue or not of these activist campaigns against Chapelle or Rogan, Netflix or Spotify. You can make up your own mind about that. What's interesting is to look at the silent majority's reply. In politics they vote with their ballot, in commerce they vote with their wallet.
Now it's fair to be suspect of those voting wallets. Especially in realms dominated by monopoly power. Even if someone disliked something Apple or Google did, it's very difficult to switch ecosystems (and there are only two choices anyway!). But streaming music and streaming video? Two of the most competitive arenas on the internet! Scarcely any friction in hopping from Spotify to Apple Music or from Netflix to Amazon Video or HBO or whatever.
Same story within the world of developers. GitHub took tremendous heat for a while for keeping their contract with the American immigration authorities during the Trump years. How many developers moved their projects in protest to GitLab or some other source repository? I can't even recall one. Today you really have to look to find folks expressing this old grudge, even though I believe the contract is still ongoing, but I guess the agency is now under different political management so 🤷♂️.
You could run the same argument with Coinbase or Shopify and their respective controversies. The loud minority loom impossibly large for a brief moment in history, and then change or not comes on the basis of the silent majority's reply.
Good.",,,
gender-and-sexuality-alliances-in-primary-school-at-cis-97f66c06,https://world.hey.com/dhh/gender-and-sexuality-alliances-in-primary-school-at-cis-97f66c06,2025-06-03,Gender and Sexuality Alliances in primary school at CIS?!,"The Copenhagen International School is a wonderful private school located in the North Harbor of the city. It's home to over 900 students from around the world. This is where ambassadors, international executives, and other expats send their kids to get a great education in English while stationed in Denmark. As a result, it's perhaps the most diverse, inclusive school in all of Copenhagen. Lovely.
What's less lovely is the fact that CIS seems to have caught some of the same gender-ideology obsession that has ravaged many schools in America. We thought Copenhagen would offer a respite from the woke nonsense that's been plaguing California — where some schools in our social circle ended up with a quarter or more of the student body identifying as trans or gender nonconformative — but it seems ideological contagions travel as fast as airplanes these days.
It started last week, when the primary school, which includes kindergarten, declared its intention to spend every morning meeting for the entire week focused on gender dysphoria, transgenderism, they/them pronoun protocols, and coloring pride flags. That just sounded a bit odd and a bit much at first, but after reviewing the associated material, it actually looked downright devious. Just look at this example:
Draw yourself in the mirror, then adorn it with trans colors? And the guiding example is a boy who sees himself as a girl?
As you can imagine, many parents at the school were mortified by the idea of their children participating in this kind of overt indoctrination activities, and some of them let the school know. That's when the revisions started rolling out.
First, the program was revised to no longer apply to kindergarten and first grade, just second through fifth. Then the ""draw yourself in the mirror and use trans colors to decorate it"" activity was pulled from the program. Then the schedule was reduced from all week to just a single session this Monday while the rest of the material is being ""reconsidered"". And that's where it stands today.
But that's not all. After talking to a number of other parents, I learned that CIS has other highly objectionable programs in this sphere. Like ""Gender and Sexuality Alliances"" where primary school students in G3-5, meaning kids as young as eight, are invited to join in lunch and recess meetings to talk more about gender, sexuality, and how to become a good ally to the 2SLGBTQIA+ community.
  
According to one parent I spoke to (who's considering pulling their kids out over this), CIS hasn't wanted to disclose all specifics about the staff conducting these lunch and recess meetings with the children. Because while it's billed as ""student led"" on their website, the sessions are actually facilitated by CIS staff on campus.
I've asked the same question of the school administration, including what qualifications these individuals might have, and have not received an answer either. But ultimately, it shouldn't even matter, because this shouldn't even be happening!
There's simply no responsible explanation for having kids as young as eight, or even as old as 11, in lunch and recess meetings with CIS staff to discuss gender and sexuality on school campus. It's preposterous, if not outright creepy.
The school's mission is no cover either. The commitment to an inclusive school does not offer a license to indulge in this kind of overt indoctrination or inappropriate lunch meetings where minors discuss gender and sexuality with school staff. And it has to stop.
CIS, like any other school, should not be a subsidiary of any specific interest organization. We don't want our kids to get their information about climate change from either Extinction Rebellion or fossil-fuel lobbyists. We expect our school to stay politically neutral on the international conflicts, like the one in Gaza. In higher grades where these topics are appropriate, they should be discussed in a context that also includes things like the Cass Review and the recent UK Supreme Court ruling.
It's the same reason Copenhagen Pride Week saw a massive loss of sponsorship after trying to cajole major companies into a position on Gaza last year. Novo, Maersk, Google, and many others rejected this organization (and they're not returning this year either) for their partisan politics. It's bizarre that those same companies now have the children of their employees programmed by this organization's agenda at school. 
CIS needs to return to its high-level mission of focusing on giving kids an excellent education, teaching them objectively about the world, and upholding general standards for kindness and caring. Not coloring partisan flags during school programs, not facilitating inappropriate meeting forums about gender and sexuality between staff and children.
Update: As a result of feedback from parents, the rest of the proposed material intended for Pride Week will not be used at CIS this semester. I'll make sure to follow-up on what might be considered for next semester, as well as the future of the GSA program. Thanks to all the parents who gave their feedback to the school!
Update: As a result of feedback from parents, the rest of the proposed material intended for Pride Week will not be used at CIS this semester. I'll make sure to follow-up on what might be considered for next semester, as well as the future of the GSA program. Thanks to all the parents who gave their feedback to the school!",,,
the-merit-of-hiring-by-merit-0400f4af,https://world.hey.com/dhh/the-merit-of-hiring-by-merit-0400f4af,2022-01-10,The merit of hiring by merit,"I've spent years pushing back against hiring practices based on years of irrelevance, pedigree gates, and brainteasers. These indirect measures of talent have proven both unreliable and unfair. If you can, why not look directly at merit?
When it comes to programmers, that merit is chiefly their ability to program! And program well. It's not the only thing that matters, and being a good programmer isn't alone sufficient to be hired at Basecamp, but it is a prerequisite. It doesn't matter what else is true about you, if your programming chops aren't up to par, there's not going to be a job offer.
So far, so uncontroversial, you'd think? But I'm increasingly seeing this basic lean on merit, as the key hiring assessment, becoming contested. Perhaps that started with the broad attempt to discredit meritocracy. The idea that the best not only should rise to the top, but that they deserve to do so.
Meritocracy has been criticized from a number of angles. Like maybe the people evaluating the merit don't actually have a clue, and undeserving people who aren't good at what they do never the less rise to the top from chummy relations or pattern-matched personality traits. I can get absolutely behind a criticism like that.
The criticism I cannot get behind is the one which claims an injustice if the assessment of merit fails to produce the desired diversity. Whether that distinction is made along the lines of age, gender, race, or any other identity marker. Diversity certainly can be of merit in itself, as the team acquires a broader perspective and more closely resembles its customer base, but not as a displacement for core competency.
Contesting the value of merit in hiring isn't limited to tech. There have been calls to unblind the auditions for orchestras, since this basic notion of merit – who best plays the cello – is claimed to fail the the diversity objectives. (That argument also advances the contradiction that there is simultaneously no ""pipeline problem"" and blind auditions are unjust.)
But perhaps no bigger skirmish is being had on this question than the one about merit assessments via admission tests for the most elite educational institutions in the US. Whether that is in top high schools, like Stuyvesant in New York or Thomas Jefferson in Virginia, or universities from Harvard to the University of California. Letting students test into these institutions is falling out of favor under the same arguments that underpinned the calls to end blind auditions for orchestras.
John McWhorter tackles this question from an interesting perspective in his new book: Does it help someone to be admitted to a school if their core competency isn't up to par? And answers this with a persuasive ""no"". Being admitted to a school where it's hard to keep up does not help the student. I'd argue that the same is true in most domains.
I see the same thing with programmers. If a programmer isn't able to keep up with the bar set by their team, they're going to have a bad time, and so is that team. And it isn't about seniority either. A junior programmer who's showing aptitude and trajectory can work out just fine. It's when someone has hit the steady-state of their career that the trouble is unavoidable.
Nobody wants to sit through review after review where their code is being sent back for major revisions time and again. And nobody wants to perform such reviews either. If the gap is too big, it'll eventually swallow up the best intentions, the broadest patience, and the deepest empathy. Leading to the person being reviewed feeling bad about themselves, and the person giving the review being guilty about inflicting such emotions.
That does not mean such an individual couldn't prosper somewhere else! That's the crux of McWhorter's argument about matching a student's abilities to a school that fits. Once you're working with others of like capacity, you're going to have a much better time, and accomplish more too.
The world needs people and programmers of all sorts of different levels. The majority of front-ends-on-a-database work that employs millions today doesn't exactly ask for geniuses. But perhaps part what underpins this discussion is a growing dispute as to whether people even are on ""different levels"", or if programmers are all mostly the same in skill, just of different identities. (Witness the exasperated eye-rolling at the notion of the 10x programmer in some circles.)
That still doesn't change the fact that making people of significantly varying competence work together – when it's not mediated by differences in seniority – is a struggle. And that this struggle can be avoided by making direct assessments of merit a crucial component of the hiring process.
So that's what we do at Basecamp. With programmers, we ask the finalists to complete a substantial take-home assignment that's a realistic sliver of the work they'd do if hired. The assignment can be completed in 3-5 hours, but some applicants end up spending a whole day. Cue the outrage!
How dare you make the top 2-5% of candidates work for free!!
This opposition has always puzzled me. Which is what brought me to think about the broader opposition to merit testing. But let's just take this as a good-faith objection.
First, ""working for free"" makes no sense if the work has no value, which is the case of these assessments. It's not like after someone submits their assignment that we then crack an evil laugh and deploy to production. By their very nature, we already have the answer to these assessments! They're usually extracted from some problem we faced, and solved, in the past. There's no real economic value in a new set of solutions.
Second, it seems that most of the people with the most strenuous objections to this assessment of merit wouldn't bat an eye having to spend a day on travel and traditional interviews. Isn't it more fun to exercise your skills and creativity on a technical challenge than to do that?
Third, the alternative to direct assessments of merit is usually indirect assessments of merit! Like those pedigree gates. Or those brainteasers. Isn't that worse? Because the alternative is certainly not nothing. And by nothing I mean ""we look at your CV and just have a conversation about work"". That's a complete crapshoot that gives the smoothest talkers the best chance, and is that really the programmers who are most ""deserving""?
However you slice it, it's difficult to hire well. But you can make it substantially easier if you're able to gauge merit from direct observation. Whether that's a blind audition for the orchestra, standardized tests of admission for college, or a take-home test as a programmer.
Merit is not a dirty word. Letting everyone have an equal shot is equality of opportunity. Once we veer off that path, we're into the wilderness.
May the best candidate get the spot, the admission, or the job.
When it comes to programmers, that merit is chiefly their ability to program! And program well. It's not the only thing that matters, and being a good programmer isn't alone sufficient to be hired at Basecamp, but it is a prerequisite. It doesn't matter what else is true about you, if your programming chops aren't up to par, there's not going to be a job offer.
So far, so uncontroversial, you'd think? But I'm increasingly seeing this basic lean on merit, as the key hiring assessment, becoming contested. Perhaps that started with the broad attempt to discredit meritocracy. The idea that the best not only should rise to the top, but that they deserve to do so.
Meritocracy has been criticized from a number of angles. Like maybe the people evaluating the merit don't actually have a clue, and undeserving people who aren't good at what they do never the less rise to the top from chummy relations or pattern-matched personality traits. I can get absolutely behind a criticism like that.
The criticism I cannot get behind is the one which claims an injustice if the assessment of merit fails to produce the desired diversity. Whether that distinction is made along the lines of age, gender, race, or any other identity marker. Diversity certainly can be of merit in itself, as the team acquires a broader perspective and more closely resembles its customer base, but not as a displacement for core competency.
Contesting the value of merit in hiring isn't limited to tech. There have been calls to unblind the auditions for orchestras, since this basic notion of merit – who best plays the cello – is claimed to fail the the diversity objectives. (That argument also advances the contradiction that there is simultaneously no ""pipeline problem"" and blind auditions are unjust.)
But perhaps no bigger skirmish is being had on this question than the one about merit assessments via admission tests for the most elite educational institutions in the US. Whether that is in top high schools, like Stuyvesant in New York or Thomas Jefferson in Virginia, or universities from Harvard to the University of California. Letting students test into these institutions is falling out of favor under the same arguments that underpinned the calls to end blind auditions for orchestras.
John McWhorter tackles this question from an interesting perspective in his new book: Does it help someone to be admitted to a school if their core competency isn't up to par? And answers this with a persuasive ""no"". Being admitted to a school where it's hard to keep up does not help the student. I'd argue that the same is true in most domains.
I see the same thing with programmers. If a programmer isn't able to keep up with the bar set by their team, they're going to have a bad time, and so is that team. And it isn't about seniority either. A junior programmer who's showing aptitude and trajectory can work out just fine. It's when someone has hit the steady-state of their career that the trouble is unavoidable.
Nobody wants to sit through review after review where their code is being sent back for major revisions time and again. And nobody wants to perform such reviews either. If the gap is too big, it'll eventually swallow up the best intentions, the broadest patience, and the deepest empathy. Leading to the person being reviewed feeling bad about themselves, and the person giving the review being guilty about inflicting such emotions.
That does not mean such an individual couldn't prosper somewhere else! That's the crux of McWhorter's argument about matching a student's abilities to a school that fits. Once you're working with others of like capacity, you're going to have a much better time, and accomplish more too.
The world needs people and programmers of all sorts of different levels. The majority of front-ends-on-a-database work that employs millions today doesn't exactly ask for geniuses. But perhaps part what underpins this discussion is a growing dispute as to whether people even are on ""different levels"", or if programmers are all mostly the same in skill, just of different identities. (Witness the exasperated eye-rolling at the notion of the 10x programmer in some circles.)
That still doesn't change the fact that making people of significantly varying competence work together – when it's not mediated by differences in seniority – is a struggle. And that this struggle can be avoided by making direct assessments of merit a crucial component of the hiring process.
So that's what we do at Basecamp. With programmers, we ask the finalists to complete a substantial take-home assignment that's a realistic sliver of the work they'd do if hired. The assignment can be completed in 3-5 hours, but some applicants end up spending a whole day. Cue the outrage!
How dare you make the top 2-5% of candidates work for free!!
This opposition has always puzzled me. Which is what brought me to think about the broader opposition to merit testing. But let's just take this as a good-faith objection.
First, ""working for free"" makes no sense if the work has no value, which is the case of these assessments. It's not like after someone submits their assignment that we then crack an evil laugh and deploy to production. By their very nature, we already have the answer to these assessments! They're usually extracted from some problem we faced, and solved, in the past. There's no real economic value in a new set of solutions.
Second, it seems that most of the people with the most strenuous objections to this assessment of merit wouldn't bat an eye having to spend a day on travel and traditional interviews. Isn't it more fun to exercise your skills and creativity on a technical challenge than to do that?
Third, the alternative to direct assessments of merit is usually indirect assessments of merit! Like those pedigree gates. Or those brainteasers. Isn't that worse? Because the alternative is certainly not nothing. And by nothing I mean ""we look at your CV and just have a conversation about work"". That's a complete crapshoot that gives the smoothest talkers the best chance, and is that really the programmers who are most ""deserving""?
However you slice it, it's difficult to hire well. But you can make it substantially easier if you're able to gauge merit from direct observation. Whether that's a blind audition for the orchestra, standardized tests of admission for college, or a take-home test as a programmer.
Merit is not a dirty word. Letting everyone have an equal shot is equality of opportunity. Once we veer off that path, we're into the wilderness.
May the best candidate get the spot, the admission, or the job.",,,
waiting-on-red-6894032f,https://world.hey.com/dhh/waiting-on-red-6894032f,2025-01-21,Waiting on red,"Americans often laugh when they see how often Danes will patiently, obediently wait on the little red man to turn green before crossing an empty intersection, in the rain, even at night. Nobody is coming! Why don't you just cross?! It seems silly, but the underlying philosophy is anything but. It's load bearing for a civil society like Denmark.
Because doing the right thing every time can be put on autopilot, and when most people follow even the basic norms consistently, the second-order effects are profound. Like the fact that Copenhagen is one of the absolute safest major cities in the world.
But the Danes also know that norms fray if they're not enforced, so they vigorously pursue even small infractions. The Danish police regularly celebrating ticketing bicyclists making even minor mistakes (like driving instead of dragging their bike on the sidewalk). And the metro is constantly being patrolled for fare evaders and antisocial behavior.
It's broken windows theory on steroids. And it works.
When we were living in the city for three years following the pandemic, the most startling difference to major US cities was the prevalence of unattended children everywhere, at all hours. Our oldest was just nine years-old when he started taking the metro alone, even at night.
How many American parents would feel comfortable letting their nine-year old take the L in Chicago or the subway in Manhattan? I don't know any. And as a result, you just don't see any unattended children do this. But in Copenhagen it's completely common place.
This is the prize of having little tolerance for antisocial behavior in the public space. When you take away the freedom from crackheads and bums to smoke up on the train or sleep in the park, you grant the freedom to nine-year olds to roam the city and for families to enjoy the park at dusk.
This is the fundamental error of suicidal empathy. That tolerance of the deranged and dangerous few can be kept a separate discussion from the freedom and safety of the many. These are oppositional forces. The more antisocial behavior you excuse, the further families will retract into their protective shell. And suddenly there are no longer children around in the public city space or any appetite for public transit.
Maybe you have to become a parent to really understand this. I admit that I didn't give this nearly the same attention before coming a father of three. But the benefit isn't exclusively about the freedom and safety enjoyed by your own family, it's also about the ambient atmosphere of living in a city where children are everywhere. It's a special form of life-affirming luxury, and it's probably the thing I've missed most about Copenhagen since we went back to the US.
What's interesting is how much active effort it takes to maintain this state of affairs. The veneer of civil society is surprisingly thin. Norms fray quickly if left unguarded. And it's much harder to reestablish their purchase on society than to protect them from disappearing in the first place.
But I also get that it's hard to connect the dots from afar, though. Many liberals in America keep Denmark as some mythical place where all their policy dreams have come true, without ever wrestling much with what it takes to maintain the social trust that allows those policies to enjoy public support.
The progressive Nirvana of Denmark is built on a highly conservative set of norms and traditions. It's yin and yang. So if you're committed to those progressive outcomes in America, whether it's the paternity leave, the independent children, or the amazing public transit system, you ought to consider what conservative values it makes sense to accept as enablers rather than obstacles.
Because doing the right thing every time can be put on autopilot, and when most people follow even the basic norms consistently, the second-order effects are profound. Like the fact that Copenhagen is one of the absolute safest major cities in the world.
But the Danes also know that norms fray if they're not enforced, so they vigorously pursue even small infractions. The Danish police regularly celebrating ticketing bicyclists making even minor mistakes (like driving instead of dragging their bike on the sidewalk). And the metro is constantly being patrolled for fare evaders and antisocial behavior.
It's broken windows theory on steroids. And it works.
When we were living in the city for three years following the pandemic, the most startling difference to major US cities was the prevalence of unattended children everywhere, at all hours. Our oldest was just nine years-old when he started taking the metro alone, even at night.
How many American parents would feel comfortable letting their nine-year old take the L in Chicago or the subway in Manhattan? I don't know any. And as a result, you just don't see any unattended children do this. But in Copenhagen it's completely common place.
This is the prize of having little tolerance for antisocial behavior in the public space. When you take away the freedom from crackheads and bums to smoke up on the train or sleep in the park, you grant the freedom to nine-year olds to roam the city and for families to enjoy the park at dusk.
This is the fundamental error of suicidal empathy. That tolerance of the deranged and dangerous few can be kept a separate discussion from the freedom and safety of the many. These are oppositional forces. The more antisocial behavior you excuse, the further families will retract into their protective shell. And suddenly there are no longer children around in the public city space or any appetite for public transit.
Maybe you have to become a parent to really understand this. I admit that I didn't give this nearly the same attention before coming a father of three. But the benefit isn't exclusively about the freedom and safety enjoyed by your own family, it's also about the ambient atmosphere of living in a city where children are everywhere. It's a special form of life-affirming luxury, and it's probably the thing I've missed most about Copenhagen since we went back to the US.
What's interesting is how much active effort it takes to maintain this state of affairs. The veneer of civil society is surprisingly thin. Norms fray quickly if left unguarded. And it's much harder to reestablish their purchase on society than to protect them from disappearing in the first place.
But I also get that it's hard to connect the dots from afar, though. Many liberals in America keep Denmark as some mythical place where all their policy dreams have come true, without ever wrestling much with what it takes to maintain the social trust that allows those policies to enjoy public support.
The progressive Nirvana of Denmark is built on a highly conservative set of norms and traditions. It's yin and yang. So if you're committed to those progressive outcomes in America, whether it's the paternity leave, the independent children, or the amazing public transit system, you ought to consider what conservative values it makes sense to accept as enablers rather than obstacles.",,,
the-gift-of-ambition-e7b41ffc,https://world.hey.com/dhh/the-gift-of-ambition-e7b41ffc,2024-04-25,The gift of ambition,"The Babylon Bee ran this amazing bit last year: ""Study Finds 100% Of Men Would Immediately Leave Their Desk Job If Asked To Embark Upon A Trans-Antarctic Expedition On A Big Wooden Ship"". Yes. Exactly. Modern office workers are often starved for ambition, adventure, and even discomfort. This is why there's an endless line of recruits willing to sign up to work for leaders like Musk, despite his reputation for being an erratic hard ass. The ambition is worth it. Because real ambition is rare.
It's the lack of ambition that fuels the malaise of a bullshit job. Work so aspirationally underwhelming that it's possible to coast and imagine how the world wouldn't be an iota different if the work wasn't done. A perfect recipe for existential dread and despair.
But while the stereotype of ambition is indeed someone like Elon Musk (or Steve Jobs, before that), I don't think you literally need to aim for Mars to stir the heart of sailors. Nor do I think you need to be as abrasive or demanding, as the stereotype implies. That's the balance we've been trying to find at 37signals since its inception: The vision of a calm company compatible with ambition.
It's not always easy. If you talk for long enough about the fact that 40 hours a week ought to be enough, that vacations should be free of homing beacons, and how it literally doesn't have to be crazy at work, people inside and out your company might soon think that's indeed all there is. That the ultimate goal of the company is to provide a cush and coasting existence. But that's not why I get out of bed in the morning.
The aspiration of a calm company is to me exactly the opposite. To prove how much faster and further you can go if you embrace constraints, stay small, and trust skilled professionals to get the job done. That is, the calm company is a method for getting where we really want to go. It's not a destination in and of itself.
In fact, I'd rather work in place where it was crazy all the time, if we're trying to get somewhere, than I'd work somewhere perfectly calm that's just spinning the wheels. But the point is that I don't think these objectives are in opposition. Being ambitious and calm is like being smooth and fast. Big, erratic, dramatic movements might feel like they're getting you somewhere, but the stop watch usually reveals the opposite.
But what is ambition, exactly? To me, it's a leap of faith. A belief in the possibility of success without all the evidence to justify it a priori. A trust that whatever challenges we'll face between here and there, we'll be able to figure them out. It's a confidence in the strength of human ingenuity. And a bet that it takes a goal just beyond the reach of the plausible to get the best out of us all.
That ambition can be applied to all aspects of a project. The timeline, the people, the problem, the tech. To tickle our sense of adventure, some of it has to be daring and bold. Maybe it's not enough people, not enough time, new tech, novel problems. Whatever it is, there must be an x factor, an unknown. If we can quantify it all before we even begin, the ambition disappears.
And in that lack of certainly lies the discomfort, lies the leap. Betting on your ability to figure it out means taking a risk. Maybe you won't figure it out! Maybe we really didn't have enough people! Maybe we'll fail. But it's exactly the possibility of failure that gives the effort its meaning and its value.
In the lore of Steve Jobs, you'll find plenty of anecdotes from people who really didn't care for how he treated them or their colleagues at times, but who still credit the projects they worked on for him at Apple as the most meaningful ones of their career. I'm sure the same is true with Musk. These encapsulate the paradox that, psychologically speaking, I don't think most people know what makes them fulfilled at work. (But it isn't the ping pong or the free massage.)
Without a dash of the unpredictable, we all wither away. The chase for security and surety only works as a thrill if you never truly get there. Our competency only grows when we stretch it slightly beyond its breaking point from time to time.
So keep calm, yes, but for all that is holy, carry on by being ambitious.",,,
magic-machines-10c534bd,https://world.hey.com/dhh/magic-machines-10c534bd,2024-04-30,Magic machines,"There's an interesting psychological phenomenon where programmers tend to ascribe more trust to computers run by anyone but themselves. Perhaps it's a corollary to imposter syndrome, which leads programmers to believe that if a computer is operated by AWS or SaaS or literally anyone else, it must be more secure, better managed, less buggy, and ultimately purer. I wish that was so, but there are no magic machines and no magic operators. Just the same kind of potentially faulty bits and brains.
A great example of this was the feedback to our declaration that we're bringing continuous integration back to developer machines. The most common objection was to invoke ""it works on my machine"", as to imply that developer machines were somehow a different breed than the ones running in the cloud or the data center. They really aren't! The computer running tests remotely is indeed just that: Another computer. It isn't magical, and it's no less prone to be reliant on unaccounted for dependencies or environmental factors.
In fact, when it comes to testing, it's a feature not a bug to have the suite run on multiple machines. It's like an extra fuzzy check that will uncover undeclared dependencies, and help you produce a more resilient system. Because even the best CI setup isn't production. And just because it works in CI doesn't mean it'll be free of issues in production.
Which leads us to the whole point of testing systems in the first place: It's about confidence, not certainty. The road to programmer misery is paved with delusional aspirations that you can ever be fully, truly certain that any sufficiently complicated system will ever work as intended in production. All you have is degrees of confidence to trade-off against increasingly cumbersome protocols and procedures. There's no such thing as 100% test coverage that's meaningful and achievable at the same time.
And it's the fundamental lack of confidence in their own abilities that lead programmers to think that the people operating their cloud computers are so much smarter or better than they are. They rarely are. They're just hidden, and it's that opaqueness that false implies a higher competence. If only you knew what kind of frazzled mechanical turk it takes to run most cloud institutions or SaaS operations, you wouldn't be so quick to doubt your own abilities.
There's no magic class of computers and no magic class of computing clerics. ""It works on my computer"" is just the midwit version of ""it works on THAT computer"". It's all just computers. You can figure them out, you can make them dance.",,,
national-pride-f7aa1e92,https://world.hey.com/dhh/national-pride-f7aa1e92,2025-08-26,National pride,"The Danish flag is everywhere in Denmark. It's at the airport when parents greet their kids coming back from holiday. It's on the birthday cake when you invite people over. It's swinging from the flagpoles in house after house, especially in the countryside. It's on the buses on the monarch's birthday. It's everywhere and all the time.
I love it.
I love that the Danes are so proud of their country that the flag is the most common symbol for celebrating any momentous occasion. Even just returning from a trip! Because being a Dane means something to the Danish. It's a unique identity, separate from everyone else in the world. It's local, it's close, it's personal.
It's not like that everywhere. It seems like the American flag, for example, has now been solidly right-wing coded. You don't see many progressives putting up big flags in their backyards anymore. And you certainly don't see them putting American flags on their birthday cakes, like the Danes.
What a shame to feel such shame about the country you live in.
Don't get me wrong, the Danes don't all love everything going on in Denmark either. It's a national sport to rag on politicians. To complain about municipal services. To want things to be better. 
Perfectly healthy for a country to wish to see improvement. But once that search for better tips over into disliking or outright hating the national symbols, you're off the rails, and much less likely to actually fix anything.
Don't even get me started with the UK. It seems flying the English flag is now as transgressive as posting you're not a big fan of mass immigration on Facebook. And given that the latter is already likely to land you in trouble with the increasingly authoritarian state, it seems likely that the former might soon too.
National pride is a cornerstone of building a high-trust society. It flows from a strong national identity that defines clear norms, values, and priorities. What better reason than that to raise the flag!",,,
it-s-beginning-to-feel-like-the-80s-in-america-again-68c2708e,https://world.hey.com/dhh/it-s-beginning-to-feel-like-the-80s-in-america-again-68c2708e,2025-08-08,It&#39;s beginning to feel like the 80s in America again,"Have I told you how much I've come to dislike the 90s? The depressive music, the ironic distance to everything, the deconstructive narratives, the moral relativism, and the total cultural takeover of postmodern ideology. Oh, I did that just last week? Well, allow me another go.
But rather than railing against the 90s, let me tell you about the 80s. They were amazing. America was firing on all cylinders, Reagan had brought the morning back, and the Soviet Union provided a clear black-and-white adversarial image. But it was the popular culture of the era that still fills me with hiraeth.
It was the time of earnest storytelling. When Rocky could just train real hard to avenge the death of his friend by punching Dolph Lundgreen for 10 minutes straight in a montage of blood, sweat, and tears. After which even the Russians couldn't help themselves but cheer for him. Not a shred of irony. Just pure ""if you work real hard, you can do the right thing"" energy.
Or what about Weird Science from 1985? Two nerds bring Barbie to life, and she teaches them to talk to real girls. It was goofy, it was kitsch, but it was also earnest and honest. Nerdy teenage boys have a hard time talking to girls! But they can learn how, and if they do, it'll all work out.
That movie was actually the earliest memory I have of wanting to move to America. I don't remember exactly when I saw it, but I remember at the end thinking, ""I have to go there."" Such was the magnetic power of that American 80s earnest optimism!
Or what about the music? Do you have any idea what the 1986 music video for Sabrina's BOYS could do for a young Danish boy who'd only just discovered the appeal of girls? Wonders, is what. Wonders. And again, it depicted this goofy but earnest energy. Boys and girls like each other! They have fun with the chase. The genders are not doomed to opposing trenches on the Eastern Front for all eternity.
So back to today. It feels like we're finally emerging from this constant 90s Seattle drizzle to sunny 80s LA vibes in America. The constant pessimism, the cancellation militias, and the walking-on-eggshells atmosphere have given way to something far brighter, bolder, and, yes, better. An optimism, a levity, a confidence.
First, America has Sweeney fever. The Sydney Sweeney Has Great Jeans campaign has been dominating the discourse for weeks, but rather than back down with a groveling apology, American Eagle has doubled down with a statement and now the Las Vegas sphere!
And Sweeney herself has also kept her foot on the gas. Now there's a new Baskin-Robbins campaign that's equal parts Weird Science (two nerds!) and ""Boys Boys Boys"" music video. No self-referential winks to how this might achksually be ProBLeMAtIC. Just a confident IT GIRL grabbing the attention of a nation.
The male role model too has been going through a rehabilitation lately. I absolutely loved F1: The Movie. It's classic Jerry Bruckheimer Top Gun pathos: Real men doing dangerous stuff for the chase, the glory, and the next generation with a love story that involves a competent yet feminine female partner.
Again, it's an entirely sincere story with great morals. The generational gap is real, but we can learn from each other. Young hotshots have speed but lack experience. Old-timers can be grumpy but their wisdom was hard-won.
Even the diversity in that movie fails to feel forced! It's a woman leading the engineering in a male-dominated world, and she can't quite hack it at first. Her designs are too by-the-book. But then Brad Pitt sells the gamble of a dirty-air fighter design, she steps up her game, and wins the crown by her wits and talent. Tell me that isn't a wholesome story!
David Foster Wallace nailed this all in his critique of postmodernism. He called out the irony, cynicism, and irreverence that had fully permeated the culture from the 90s forward. And frankly, he was bored with it! It's an amazing interview to watch today. Wallace had the diagnosis nailed back in 1997. But it's taken us until these mid-2020s to fully embrace its conclusions.
We need earnest values and virtues. We need sincere stories that are not afraid of grand narratives. That don't constantly have to deconstruct ""but what is good really?"", and dare embrace a solid defense of ""some ways of being really are better."" We also need to have fun! We need to throw away these shit-tinted glasses that see everything in the world as a problematic example of some injustice or oppression. We a bit of gratitude for technology and progress!
That's what the Sweeney campaign is doing. That's what Brad Pitt is racing for in F1: The Movie. That's what I'm here for!
Because as much as I love the croissants of the Old World, I find myself craving that uniquely American brand of optimism, enthusiasm, and determination more whenever I've been back in Europe for too long. Give me some Weird Science! Give me some Sabrina at the pool! Give me some American 80s vibes!",,,
free-speech-isn-t-guaranteed-to-be-forever-e7654685,https://world.hey.com/dhh/free-speech-isn-t-guaranteed-to-be-forever-e7654685,2024-09-01,Free speech isn&#39;t guaranteed to be forever,"History is full of long stretches of dominance by noble ideas and despots, times of prosperity and of dark ages. Each of which must have seemed like they would never end to the people who lived through them. If you were a citizen of the Ottoman empire 1452, you probably didn't imagining life any other way. Ditto the height of the Roman empire. Ditto today.
Humans of all times have acclimated to their environment, their culture, and their politics. And while we've also always had historians and prophets proclaiming to know the future, through the tea leaves of the past or burning bushes, actually calling the advent of specific change at a specific time, with any degree of accuracy, has been and remains nearly impossible. It's just that kind of planet.
But it was a piece of fiction, rather than actual history, that made me think of this yesterday, as I watching the first episode of HBO's Game of Thrones prequel House of Dragons. It opens with the narration that the realm had been under sixty years of peaceful rule by King Jaehaerys Targaryen prior to the succession crisis of the plot. Sixty years.
And this story spawned not just an abstract meditation on the waxing and waning of peace and history, but on what's going on right now in the world we live in today, specifically with free speech.
I'm old enough to remember when it was the left of the west that carried the banner of free speech. That defended lurid and violent rap music, first-person shooter video games, raging against the machine, exposing big pharma, protesting wars of all kinds. The counter culture, the dissidents, the live-and-let-live ethos of free expression, and the ""that's like just your opinion, maaaan"".
I remember learning about the ACLU's Jewish attorneys suing the government for the right of neo-Nazis in 1977 to march the streets of Skokie, Illinois. Men of principle, defending the right of their sworn enemies to exercise constitutional freedoms, such that that right might protect causes they believed in at a later day.
That long stretch of peaceful rule and commitment to protecting free speech seems to have evaporated from much of the left today. In its place, we have the fig leaves of ""misinformation"" and ""hate speech"" failing to adequately cover the naked persecution of political adversaries. A fun-house mirror version of the right's old ""won't somebody please think of the children"" go-to argument for curbing free speech.
In case you haven't been following along in the last few weeks, let me catch you up. First, Brazil's left-wing judiciary just banned X from their internet because this one judge couldn't strong-arm the platform into banning his political enemies. Now he's decreed that any citizen that dares access X via VPN will risk a fine amounting to almost a year's median salary.
This barely two weeks after the European Union's Kommissar Thierry Buton threatened X with eviction from Europe, if Musk failed to censor ""harmful content"". Specifically referencing the grave danger of featuring an interview with one of the candidates for the US presidency, Donald Trump.
Finally, just two days ago, Robert Reich, the former US secretary of Labor under Clinton, called for the arrest of Elon Musk on a similar pretext of ""misinformation"" and ""hate"", echoing his fellow Brazilian and European censorship mongers.
Not exactly an idle threat, either, given the arrest of Telegram's CEO by French authorities on adjacent accusations of failing to collaborate with state authorities on moderation and policing of speech on that platform.
And while all this is going on, the UK is accelerating its existing crackdown on spicy memes, indignant Facebook posts, and other expressions of frustration over the country's handling of the mass migration issue that have been boiling over following a string of stabbings.
There are two common responses to this that seek to diminish the concern. One is to downplay these threats to free speech by playing up the danger posed by said ""misinformation"" and ""hate speech"". That's the ""yeah, of course we believe in free speech, but IN THIS CASE..."". I'd say that's probably the most common response I've heard from Canadians, Brits, and Europeans when I've voiced my concern over this issue.
The other is the more American response: This couldn't happen here. We have the first amendment! It'll protect us. Regardless of what bluster you hear from the likes of Reich and other would-be censors. And that's also been my go-to calming pill for coping with this alarming rise in authoritarian censorship around the western world, given that I live here.
But then I think of the sixty years of peaceful rule under Jaehaerys. And how we're just one succession crisis away from losing rights that have been taken for granted for several generations of Americans. It sounds paranoid, I know. Because any dystopian vision of the future usually does from the vantage point of a present that hasn't yet tipped.
Yet just cause you're paranoid doesn't mean they're not after you. And I don't even think you have to be all that paranoid to see that they really are after free speech all over the west! From Canada to Britain, from Brazil to Brussels. The momentum is deeply authoritarian at the moment.
So I think you'd be right to worry that a grand turn of history is before us. But rather than throw up your hands, Private Hudson style, and say ""Now what the fuck are we supposed to do? We're in some real pretty shit now, man!"", I urge you to find your inner Corporal Hicks: ""Let's move like we got a purpose"".
The only way to defend free speech is to nuke the idea of benevolent censorship from orbit. Nobody has a monopoly on the truth, nobody can discern ""misinformation"" from truth consistently or without bias, and nobody can define ""hate speech"" in universally acceptable terms that don't recall blasphemy laws of centuries past. The alternative, betting on more speech to counter bad speech, isn't a guaranteed win every time, but it's by far the best option we've found so far.
The only way to defend free speech is to nuke the idea of benevolent censorship from orbit. Nobody has a monopoly on the truth, nobody can discern ""misinformation"" from truth consistently or without bias, and nobody can define ""hate speech"" in universally acceptable terms that don't recall blasphemy laws of centuries past. The alternative, betting on more speech to counter bad speech, isn't a guaranteed win every time, but it's by far the best option we've found so far.",,,
the-beauty-of-ideals-b3dccf72,https://world.hey.com/dhh/the-beauty-of-ideals-b3dccf72,2025-07-28,The beauty of ideals,"Ideals are supposed to be unattainable for the great many. If everyone could be the smartest, strongest, prettiest, or best, there would be no need for ideals — we'd all just be perfect. But we're not, so ideals exist to show us the peak of humanity and to point our ambition and appreciation toward it.
This is what I always hated about the 90s. It was a decade that made it cool to be a loser. It was the decade of MTV's Beavis and Butt-Head. It was the age of grunge. I'm generationally obliged to like Nirvana, but what a perfectly depressive, suicidal soundtrack to loser culture.
Naomi Wolf's The Beauty Myth was published in 1990. It took a critical theory-like lens on beauty ideals, and finding it all so awfully oppressive. Because, actually, seeing beautiful, slim people in advertising or media is bad. Because we don't all look like that! And who's even to say what ""beauty"" is, anyway? It's all just socially constructed! 
The final stage of that dead-end argument appeared as an ad here in Copenhagen thirty years later during the 2020 insanity:
  
I passed it every day biking the boys to school for weeks. Next to other slim, fit Danes also riding their bikes. None of whom resembled the grotesque display of obesity towering over them on their commute from Calvin Klein.
While this campaign was laughably out of place in Copenhagen, it's possible that it brought recognition and representation in some parts of America. But a celebration of ideals it was not.
That's the problem with the whole ""representation"" narrative. It proposes we're all better off if all we see is a mirror of ourselves, however obese, lazy, ignorant, or incompetent, because at least it won't be ""unrealistic"". Screw that. The last thing we need is a patronizing message that however little you try, you're perfect just the way you are.
No, the beauty of ideals is that they ask more of us. Ask us to pursue knowledge, fitness, and competence by taking inspiration from the best human specimens.
Thankfully, no amount of post-modern deconstruction or academic theory babble seems capable of suppressing the intrinsic human yearning for excellence forever. The ideals are finally starting to emerge again.",,,
wolves-sheep-and-gypsies-ba44af6a,https://world.hey.com/dhh/wolves-sheep-and-gypsies-ba44af6a,2026-07-21,"Wolves, sheep, and gypsies","In 2012, the first Danish wolf in nearly two hundred years was discovered in the northwestern part of the country. Their numbers increased slowly in the years that followed, and by 2020, fewer than ten wolves were still being tracked. But then the population began to rise sharply: around 14 in 2021, 30 in 2022, as many as 80 by the end of 2024, and probably close to a hundred today.
At first glance, this is a heartwarming story. The wolf, in the abstract, is a majestic creature. It's great to see a species return after a few centuries of absence. You don't have to be a vegan hippie to find that appealing. But it's still a wolf! There's a reason why the last known wolf in Denmark didn't just wander off, but was shot dead in 1813.
Because as the number of wolves has been rising sharply every year since 2021, so too has the number of dead sheep. In 2021, it was 78, then in the years that followed, it was 162, 336, 521, and last year, it was 1,285! But the official line is still that shooting a wolf without a special permit is strictly prohibited because they're an endangered species, so maybe sheep herders could just try some more fences?
You don't have to be a statistician to see the problem here. When you have a surging wolf population, you'll have the rate of dead sheep following suit. If the only answer to the situation is ""maybe try some more fences?"", you're going to get more of what you already have: an out-of-control population that's an increasing risk to sheep, livestock, and potentially humans too.
This is the most basic consequence of inaction in the face of a growing threat: the problem just gets worse.
Cue the gypsies in Copenhagen, and their increasingly brazen behavior, after the city legalized overnight sleeping in parks and other green areas last year. Because ""it shouldn't be illegal to be homeless"", so the police refuses to act.
This has predictably led to these foreign vagrants setting up camp in the green areas around some of the city's metro stations to the great dismay of neighbors. The vagrants are literally shitting in the bushes, which obviously stinks, and the area isn't made any more inviting by the open-fire cooking that's also going on. 
Copenhagen is the Danish capital. It's repeatedly been named the safest city in the world in recent years. Partly because it didn't tolerate vagrants and homeless people taking over public spaces (as has happened in so many American cities). Previously, police would tell someone they couldn't sleep or camp in the city, and they could go to one of the city-run shelters. But now that this is considered too cruel(?!), the native inhabitants of the city instead have to deal with literal shit on their way to the metro.
These are two situations cut from the same cloth of ideology. Whether it's wolves or gypsies, you can't just let the problems get out of hand. You have to act. You have to protect the sheep. Standing idly by while your livestock is devoured by predators or your neighborhood is taken over by migrants is a pathetic abdication of any functioning society's most basic duty to its citizens.
When wolves get out of control, you shoot them. When gypsies take over public spaces, you deport them. This isn't hard, it isn't cruel. It's the basic logic of self-preservation.",,,
the-waning-days-of-dei-s-dominance-9a5b656c,https://world.hey.com/dhh/the-waning-days-of-dei-s-dominance-9a5b656c,2022-11-21,The waning days of DEI&#39;s dominance,"The acronym for Diversity, Equity, and Inclusion entered the common corporate lexicon with overwhelming force in 2020. Executives everywhere quickly learned they needed a passable position on DEI to stay employed, and a cottage industry of consultants sprung up to provide it. There were endless proclamations of ""doing the work"", some employees were told to ""be less white"", and sympathy statements for public protests abounded. It was a near total victory over existing corporate culture in America.
The rout turned traditional concepts of meritocracy, color blindness, and equality of opportunity into something ""problematic"" and ""toxic"". It spawned a constant churn of denunciations and cancelations. Both for transgressions against the new orthodoxy committed in the moment and for those in the distant past. An ideological inferno had been lit.
This stunning cultural conquest was enabled and accelerated by so many influences it's difficult to list them all. The aftershock of Trump, the riots in the wake of George Floyd, the grand isolation experiment of the pandemic, the writings of D'Angelo and X. Kendi. To name just a few. All winds for a moment seemingly blowing in the same righteous direction.
Not many dared speak up back then, whatever their misgivings about the ideology or the actions it bred. Most wisely chose to hold their breath rather than waste it against a hurricane.
But since those heady days of 2020, things have changed. The DEI hegemony has gone from virtually unchallenged to come under severe stress. Let's look at four reasons why.
First, the Supreme Court is poised to repeal affirmative action at American universities next year. This thanks to a lawsuit brought on by Asian-American students who've been discriminated against at Harvard in the service of preferential treatment for other races. It's a case that goes to the heart of DEI ideology: That to correct wrongs of discrimination in the past, we must apply reverse discrimination today.
That's not an ideology that holds sway with the majority of Americans. Most do not want college admission to be preferential on the basis of race, even if they support efforts to help minorities get a fair shot. Or said differently, Americans still support equality of opportunity, and they still reject equality of outcomes.
If the Supreme Court votes with the majority of Americans on this issue of college admissions, it'll be more than a little difficult for major American corporations to continue to run a hiring strategy based on affirmative action.
Second, many of the ideological allies of the DEI movement, like the official Black Lives Matter organization, have been swallowed by scandals. It's hard to lend public legitimacy to the HR offshoot if the main ideology is taking such large steps backward in public opinion.
This doesn't just involve the disintegration of organizations like BLM, but also the discrediting of policy goals like ""Defund The Police"". The DEI movement used the broad societal energy that propelled BLM, including ""Defund The Police"", to gain prominence and power in 2020. Now that energy has all but evaporated as we close out 2022.
Third, the DEI movement has lost control of Twitter, which served as the main instrument to run ideological enforcement in the corporate sphere. The threat of Twitter mobs ensured quick compliance from corporate executives, and other figures of power, lest the pitchforks be aimed at their necks.
But now Twitter is owned by Elon Musk. A fact that has fundamentally altered the balance of power on the platform. And whose proposals, like ending elite bluecheck privileges and ideological censorship, run counter to the needs of The Message.
Fourth, and finally, is that tech workers – from whom the DEI movement drew its most active and engaged disciples – no longer hold as much power over their place of employment as they once did. Gone are the days where elite tech worker could easily threaten their employer with a jump to a competitor for another plum position making $200K+. All the major tech companies are now either doing layoffs in mass numbers or have instituted hiring freezes.
With potentially hundreds of thousands of tech workers soon to be out of a job – perhaps for quite a while! – I suspect many of the most fervent ideologues among them will find it more difficult to convince companies to hire them elsewhere. The idea of bringing Your Whole Self to Twitter may suddenly seem a fair bit less appealing as the job market turns.
If these four factors do indeed bring forth the waning days of DEI dominance, I think it's important to try to extract some good from the worthwhile aspirations of a misguided movement. Divorce the specific tactics, and especially the ideology, from the valiant drive to promote equal opportunities for all. You can sign on to that mission without even accepting the premise of DEI.
Give everyone a fair chance to advance in the world on the merit of their talent and content of their character. Regardless of their identity. That's the creed of equality of opportunity. One that was passed by as the DEI train chased the outcomes-based, ratio-obsessed equality of outcomes.
Furthermore, while we refocus on equality of opportunity, we can't put the failure to correct, say, early childhood education, or wherever things diverge for different groups, at the feet of companies looking to hire the best candidate for the job down the line. There really is a pipeline problem, and booing that acknowledgement helps nobody.
The central premise of DEI, that discrepancies between demography statistics and employment reality, is defacto proof of discrimination is simply false. The sooner this erroneous analysis fade from prominence, the better for all.
It's been a crazy couple of years in the throes of zealotry. Most companies and executives could well be excused for ducking their heads during that time, as previous principles of equality were being torched by a radical rebellion raging. But it's now due for them to raise their heads again and simply say ""I don't believe that's true, we're not doing that"".
The rout turned traditional concepts of meritocracy, color blindness, and equality of opportunity into something ""problematic"" and ""toxic"". It spawned a constant churn of denunciations and cancelations. Both for transgressions against the new orthodoxy committed in the moment and for those in the distant past. An ideological inferno had been lit.
This stunning cultural conquest was enabled and accelerated by so many influences it's difficult to list them all. The aftershock of Trump, the riots in the wake of George Floyd, the grand isolation experiment of the pandemic, the writings of D'Angelo and X. Kendi. To name just a few. All winds for a moment seemingly blowing in the same righteous direction.
Not many dared speak up back then, whatever their misgivings about the ideology or the actions it bred. Most wisely chose to hold their breath rather than waste it against a hurricane.
But since those heady days of 2020, things have changed. The DEI hegemony has gone from virtually unchallenged to come under severe stress. Let's look at four reasons why.
First, the Supreme Court is poised to repeal affirmative action at American universities next year. This thanks to a lawsuit brought on by Asian-American students who've been discriminated against at Harvard in the service of preferential treatment for other races. It's a case that goes to the heart of DEI ideology: That to correct wrongs of discrimination in the past, we must apply reverse discrimination today.
That's not an ideology that holds sway with the majority of Americans. Most do not want college admission to be preferential on the basis of race, even if they support efforts to help minorities get a fair shot. Or said differently, Americans still support equality of opportunity, and they still reject equality of outcomes.
If the Supreme Court votes with the majority of Americans on this issue of college admissions, it'll be more than a little difficult for major American corporations to continue to run a hiring strategy based on affirmative action.
Second, many of the ideological allies of the DEI movement, like the official Black Lives Matter organization, have been swallowed by scandals. It's hard to lend public legitimacy to the HR offshoot if the main ideology is taking such large steps backward in public opinion.
This doesn't just involve the disintegration of organizations like BLM, but also the discrediting of policy goals like ""Defund The Police"". The DEI movement used the broad societal energy that propelled BLM, including ""Defund The Police"", to gain prominence and power in 2020. Now that energy has all but evaporated as we close out 2022.
Third, the DEI movement has lost control of Twitter, which served as the main instrument to run ideological enforcement in the corporate sphere. The threat of Twitter mobs ensured quick compliance from corporate executives, and other figures of power, lest the pitchforks be aimed at their necks.
But now Twitter is owned by Elon Musk. A fact that has fundamentally altered the balance of power on the platform. And whose proposals, like ending elite bluecheck privileges and ideological censorship, run counter to the needs of The Message.
Fourth, and finally, is that tech workers – from whom the DEI movement drew its most active and engaged disciples – no longer hold as much power over their place of employment as they once did. Gone are the days where elite tech worker could easily threaten their employer with a jump to a competitor for another plum position making $200K+. All the major tech companies are now either doing layoffs in mass numbers or have instituted hiring freezes.
With potentially hundreds of thousands of tech workers soon to be out of a job – perhaps for quite a while! – I suspect many of the most fervent ideologues among them will find it more difficult to convince companies to hire them elsewhere. The idea of bringing Your Whole Self to Twitter may suddenly seem a fair bit less appealing as the job market turns.
If these four factors do indeed bring forth the waning days of DEI dominance, I think it's important to try to extract some good from the worthwhile aspirations of a misguided movement. Divorce the specific tactics, and especially the ideology, from the valiant drive to promote equal opportunities for all. You can sign on to that mission without even accepting the premise of DEI.
Give everyone a fair chance to advance in the world on the merit of their talent and content of their character. Regardless of their identity. That's the creed of equality of opportunity. One that was passed by as the DEI train chased the outcomes-based, ratio-obsessed equality of outcomes.
Furthermore, while we refocus on equality of opportunity, we can't put the failure to correct, say, early childhood education, or wherever things diverge for different groups, at the feet of companies looking to hire the best candidate for the job down the line. There really is a pipeline problem, and booing that acknowledgement helps nobody.
The central premise of DEI, that discrepancies between demography statistics and employment reality, is defacto proof of discrimination is simply false. The sooner this erroneous analysis fade from prominence, the better for all.
It's been a crazy couple of years in the throes of zealotry. Most companies and executives could well be excused for ducking their heads during that time, as previous principles of equality were being torched by a radical rebellion raging. But it's now due for them to raise their heads again and simply say ""I don't believe that's true, we're not doing that"".",,,
picking-a-purpose-bd8ff341,https://world.hey.com/dhh/picking-a-purpose-bd8ff341,2023-12-24,Picking a purpose,"Victor Frankl wrote Man’s Search for Meaning after surviving a concentration camp during World War II. He observed the outer  extreme of what happens to people who no longer have a WHY to live for. They’d wither and die in the camp. Even the most dire rations and punishing labor could be survived by many, as long as they had a purpose still beckoning, but once that light went out, so did they.
Modern life is rarely that dramatic for most people likely to read this, but Frankl’s fundamental truth is still relevant. A truth he spent the rest of his life trying to teach in the form of logotherapy as a psychotherapist.
Eric Fromm followed the same path of wisdom to additional insights. In The Pathology of Normalcy, he spells out exactly what makes modern man condemned: Getting everything he wanted while having nobody asking him for anything. The satiation of every desire paired with a relief of every responsibility is a psychological death sentence to many.
Dostoevsky knew this too. In Notes From Underground, which I’ve referenced before, he lays out perhaps the most succinct literary case against paradise. That man is less a problem-solving creature than he is a problem-creating one. That he needs the tension inherent in some degree of struggle.
Much of this is an inherent human challenge – to struggle with “the human condition”, as Fromm would say – and its shared between the sexes. But some of it is also at least partly gendered. Chris Williamson, on his show Modern Wisdom, recounts the story of a group of male asylum patients during WWII that had been comatose for years, who suddenly sprung into action when they were desperately needed to drive firetrucks to deal with the Blitz. His guest makes the claim that while women most want to be loved, men most want to be respected (for being powerful and useful).
Stereotypes, sure, but I think regardless of your chromosomes, purpose is both a preventive tonic and a healing potion. And it’s why people who’ve earned a golden ticket to a life of leisure often don’t want to get on the train!
We’re thrown into this world, as the existentialists would say, and we're left with the significant burden of picking a purpose to make sense of it all. We deny that choice at our peril. Staying in the arena is logotherapy in action.
This level of purpose picking is available to everyone. Anyone can choose to be needed, and thus choose to be happy. That’s the counterintuitive point from Alfred Adler’s philosophy that authors Ichiro Kishimi and Fumitake Koga present in The Courage to Be Disliked.
Which, as an aside, I don’t think was written by two Japanese authors by coincidence, who then ended up popularizing this provocative point made by an Austrian psychotherapist in the early 20th century to modern audience. It never ceases to impress me how seemingly everyone in Japan takes a tremendous pride in their work, no matter how lowly or common it might seem to a Westerner.
And I’d love to see some of this sentiment rub off on more people in the West. Taking a renewed sense of pride in their work, as a way of picking a purpose, by committing to competency and its development. I think it would do a lot of people a lot of good.
At the same time, humans are, or ought to be, more than just their work. If you don’t diversify your life, if you put it all on work, you have just one fragile pillar to carry that heavy load of a universal purpose. Develop a few more, and a rainy day in one area of your life won’t spoil the whole parade.
It’s not easy to do this, to pick a purpose. Often it’s hard to even articulate it. I’ve been trying to do this as a conscious, professional effort for a long time, and I’m still not sure I’ve quite hit it. But I’m trying. Trying by working to compress the complexity in my field of speciality, to demonstrate a calmer way to work, and to validate different entrepreneurial path.
There are a million ways to do this. To pick a purpose, either at work or more broadly. But all you need to do to get started with this logotherapy is to find one way, any way. And you do that by deciding it’s important. So decide that it is.
Modern life is rarely that dramatic for most people likely to read this, but Frankl’s fundamental truth is still relevant. A truth he spent the rest of his life trying to teach in the form of logotherapy as a psychotherapist.
Eric Fromm followed the same path of wisdom to additional insights. In The Pathology of Normalcy, he spells out exactly what makes modern man condemned: Getting everything he wanted while having nobody asking him for anything. The satiation of every desire paired with a relief of every responsibility is a psychological death sentence to many.
Dostoevsky knew this too. In Notes From Underground, which I’ve referenced before, he lays out perhaps the most succinct literary case against paradise. That man is less a problem-solving creature than he is a problem-creating one. That he needs the tension inherent in some degree of struggle.
Much of this is an inherent human challenge – to struggle with “the human condition”, as Fromm would say – and its shared between the sexes. But some of it is also at least partly gendered. Chris Williamson, on his show Modern Wisdom, recounts the story of a group of male asylum patients during WWII that had been comatose for years, who suddenly sprung into action when they were desperately needed to drive firetrucks to deal with the Blitz. His guest makes the claim that while women most want to be loved, men most want to be respected (for being powerful and useful).
Stereotypes, sure, but I think regardless of your chromosomes, purpose is both a preventive tonic and a healing potion. And it’s why people who’ve earned a golden ticket to a life of leisure often don’t want to get on the train!
We’re thrown into this world, as the existentialists would say, and we're left with the significant burden of picking a purpose to make sense of it all. We deny that choice at our peril. Staying in the arena is logotherapy in action.
This level of purpose picking is available to everyone. Anyone can choose to be needed, and thus choose to be happy. That’s the counterintuitive point from Alfred Adler’s philosophy that authors Ichiro Kishimi and Fumitake Koga present in The Courage to Be Disliked.
Which, as an aside, I don’t think was written by two Japanese authors by coincidence, who then ended up popularizing this provocative point made by an Austrian psychotherapist in the early 20th century to modern audience. It never ceases to impress me how seemingly everyone in Japan takes a tremendous pride in their work, no matter how lowly or common it might seem to a Westerner.
And I’d love to see some of this sentiment rub off on more people in the West. Taking a renewed sense of pride in their work, as a way of picking a purpose, by committing to competency and its development. I think it would do a lot of people a lot of good.
At the same time, humans are, or ought to be, more than just their work. If you don’t diversify your life, if you put it all on work, you have just one fragile pillar to carry that heavy load of a universal purpose. Develop a few more, and a rainy day in one area of your life won’t spoil the whole parade.
It’s not easy to do this, to pick a purpose. Often it’s hard to even articulate it. I’ve been trying to do this as a conscious, professional effort for a long time, and I’m still not sure I’ve quite hit it. But I’m trying. Trying by working to compress the complexity in my field of speciality, to demonstrate a calmer way to work, and to validate different entrepreneurial path.
There are a million ways to do this. To pick a purpose, either at work or more broadly. But all you need to do to get started with this logotherapy is to find one way, any way. And you do that by deciding it’s important. So decide that it is.",,,
where-at-least-i-know-i-m-free-da04f873,https://world.hey.com/dhh/where-at-least-i-know-i-m-free-da04f873,2024-08-18,Where at least I know I&#39;m free,"I used to find the American self-image of being this uniquely freedom-loving, freedom-having people delusional. Sure, I'd think, you're not North Korea or Venezuela, but is that really a standard worth celebration? Shouldn't America compare itself to higher alternatives, like Europe or even the rest of the Anglosphere? Turns out I just needed to wait a little longer for the patriotic hymns to begin ringing true.
Witness what's going on in both the UK and the EU at the moment. There's a shockingly draconian crackdown on ""misinformation"" and ""hate speech"", the two stalwart euphemisms for ""speech we don't like"", going on in Britain in particular at the moment. Fast-track tribunals have been setup to hand out unbelievably harsh sentences for such terrible offenses as ""anti-establishment rhetoric"", criticisms of mass migration, and ""obscene gesticulations at the police"".
Yes, all this is happening in the context of violent riots. But weren't The Enlightened Ones supposed to recognize the dangers of using a crisis to push through police-state measures? Wasn't this what so many on the left were rightfully up in arms about regarding The Patriot Act in the US?
Meanwhile, the EU is threatening the owner of X, Elon Musk, with severe consequences if he does not abide by its arbitrary definition of what defending us all against ""misinformation"" and ""hate speech"" looks like. And the new Digital Markets Act, which I've in the past applauded for its attempt to counter tech monopolies, is being wielded as the cudgel for this authoritarian crackdown. 
This is all very much in line with the authoritarian preview we got during the pandemic from Canada, which also pushed beyond the democratic Rubicon, and moved to shut down the bank accounts of people who donated to protesters, among other draconian injunctions.
Which brings me back to America, and the specifically the song ""God Bless the USA"". My wife grew up singing this song in school. And I always thought that wasn't only rather camp, but damn near indoctrination. But that sure does look different now.
I'm going to quote the main bit in full, just so we're all on the same campy page about this song:
If tomorrow all the things were gone
I worked for all my life
And I had to start again
With just my children and my wife
I thank my lucky stars
To be living here today
'Cause the flag still stands for freedom
And they can't take that away
And I'm proud to be an American
Where at least I know I'm free
And I won't forget the men who died
Who gave that right to me
And I'd gladly stand up next to you
And defend Her still today
'Cause there ain't no doubt
I love this land
God Bless the U.S.A.
I mean, I still smirk. Especially when watching the music video and its kitsch depiction of American life. And yet - AND YET - it somehow now does ring poetically true. 
America's first amendment, the constitutional right to free speech, including the right to ""misinformation"" and even ""hate speech"", has proven a surprisingly effective and resilient bulwark against the new rise of censorship and blasphemy laws gaining steam across the Atlantic.
That's what the song is on about with ""but at least I know I'm free""!
Now, I'm not an American. But I sure am becoming a lot more appreciative of the core principles my adopted country was founded on. (While keeping my eyes wide open to all its trade-offs and contradictions.)
Americans should be proud of these principles. Whatever the age, there'll always be blasphemous talk, offensive jokes, mean insults, and wild conspiracy theories (that occasionally turn out to be true!). I'd much rather live in a country that embraces everyone's right to BE FULL OF SHIT than one that pretends it can declare a priori what's true and what's false or one that makes false equivalences between violence and speech.",,,
diversify-your-life-d7fd8020,https://world.hey.com/dhh/diversify-your-life-d7fd8020,2022-03-02,Diversify your life,"If your existence is all about work, and work goes to shit, then life goes to shit too. If you live for your hobby, and your hobby hits the wall, then your life crashes too. If everything else is waiting until you hang with your mates, and your mates fade away, then you fade too. Betting your drive to get up in the morning on a single path will leave you completely stuck if that one road is blocked.
Don't bet all your happiness and purpose on a single square.
It's fine to lean on one pillar or another at different times in your life, but you'd do well to make sure there's a few others holding up the roof if the first one crumbles. Yes, rock it out at work, but reserve some evenings and weekends for a hobby too. Sure, enjoy that tight-knit crew, but realize that life eventually changes for them some day as well.
Diversification is resilience in action. It's having something in reserve. It's knowing that everyone, everywhere, doing anything, will eventually suffer setbacks, frustration, and despair. And planning for that by packing a bag with more than just hammers.
It doesn't have to be 33/33/33, but you aren't prepared for the likely life if it's 90/5/5. And it won't help you that one in a hundred can hit glory for a while betting it all on 100/0/0. You'll only ever see their highlight reel, and you'll never see the other ninety-nine who crashed and burned.
Diversify your life.
Don't bet all your happiness and purpose on a single square.
It's fine to lean on one pillar or another at different times in your life, but you'd do well to make sure there's a few others holding up the roof if the first one crumbles. Yes, rock it out at work, but reserve some evenings and weekends for a hobby too. Sure, enjoy that tight-knit crew, but realize that life eventually changes for them some day as well.
Diversification is resilience in action. It's having something in reserve. It's knowing that everyone, everywhere, doing anything, will eventually suffer setbacks, frustration, and despair. And planning for that by packing a bag with more than just hammers.
It doesn't have to be 33/33/33, but you aren't prepared for the likely life if it's 90/5/5. And it won't help you that one in a hundred can hit glory for a while betting it all on 100/0/0. You'll only ever see their highlight reel, and you'll never see the other ninety-nine who crashed and burned.
Diversify your life.",,,
we-ve-all-had-enough-of-this-nonsense-8545dd26,https://world.hey.com/dhh/we-ve-all-had-enough-of-this-nonsense-8545dd26,2025-09-26,We&#39;ve all had enough of this nonsense,"Every few years, the same sad contingent of Ruby malcontents tries to cancel me from Rails. At the peak of the woke era, back in 2022, they were actually successful in getting Ruby Central to uninvite me from doing the yearly keynote at RailsConf. But now RailsConf is dead, Rails World is thriving, and the cancellation nonsense is over.
Only I guess nobody told that same sad contingent! Because three days ago, they tried yet again, with the same trite grab bag of accusations: ""he holds racist and transphobic views, as well as a number of other traits undesirable"". And to add to the outrage theater, they named their little letter after a French resistance action fighting the Nazis during WWII. Subtle!
Except this time, nobody cared. In fact, quite the opposite. Thousands of people have taken to X and elsewhere to reject this nonsense, and that's apparently making one of the organizers very sad:
So far though, my experience has been that there are many more negative responses than positive. Maybe the Ruby community isn’t the place I thought it was, and MINASWAN was always a lie. That makes me sad. 😢
I guess I would be sad too if I had named my group after THE GOOD GUYS and then it turned out that everyone thought I was THE BAD GUYS. But that's exactly what happened. The outpouring of support from all sides has been overwhelming.
This is what it looks like when preference falsification finally falls. When normal people are no longer afraid to say no to these people. Then it's revealed just how small and isolated these aggrieved individuals actually are.
It’s such a terrible mental tax on builders that divisive clowns just ride in and spew these bullshit terms that they clearly don’t understand themselves in bad faith. Ignore & keep building.
That's exactly what we're going to do. We're going to reject and ignore these nut jobs. Then we're going to keep building.",,,
america-is-never-getting-to-denmark-e471ae91,https://world.hey.com/dhh/america-is-never-getting-to-denmark-e471ae91,2023-03-30,America is never &quot;getting to Denmark&quot;,"It took moving back to Denmark to realize the folly of thinking America is ever going to ""get there"". Whether on guns or healthcare or taxes or any other major policy position that's so fiercely contested in the US. Despite growing up in this little Nordic country, I didn't fully appreciate the tremendous, underpinning power of a homogenous culture to fasten all these planks of a socially-democratic state – until I returned after 15 years Over There. I do now.
Denmark is a notoriously difficult country to integrate in. Not only because the language is difficult, but because the people are too! I say this with all the love and respect of a Dane that continues to marvel at what a high-trust, high-coherence society these former Vikings have managed to construct. But it's true. Danes are ever so graceful and kind to foreigners when they're visiting, but once the welcome of a guest is worn out, they're also incredibly demanding of the integration process.
This is why it all works! There's an immense cultural pressure to assimilate, and comply with all the major norms and beliefs. That process is how you forge that deep national unity, which makes Danes, as a whole, happy to pay their high taxes for the common good.
Americans usually first notice this dynamic in a few funny ways. They chuckle at why most Danes will dutifully wait at the crosswalk in the rain, at night, with nary a car around, for the little man to turn from red to green.
It may sound silly, but it's this kind of fierce conformity that carries everything else. From a level of compliance with public health authorities during the pandemic that would shock a lot of Americans (or maybe even scare them!). To rituals like using the Danish flag to celebrate birthdays or greet family at the airport (a display of overt patriotic symbolism that would instantly be coded as politically partisan in the US!).
Danes are on a whole very proud of being Danes. And they have ample reason to be. So it's hard to fault them their strict expectations for integration.
Let's take that language for example. I know of immigrants here in Denmark who have lived in the country for five years or more. In total command of the vocabulary, the idioms, but still lacking that last bit on pronunciation. It's common for them to face private admonishments to ""try a little harder to work on it"". In addition to the inherent alienation this country silently produces when you're not able to match the perfect pitch of those æ, å, ø characters.
Contrast this again with America. I arrive at immigration, and the officers literally guarding entry to God's own country will have a thick, foreign accent. This is normal. Nobody bats an eye. I don't think Americans critical of their own country appreciate just what a strength that is for the ease of integration!
Now I'm of course just contrasting two countries here. Denmark shares many cultural sensibilities and preferences with other Nordic and European countries. Americans aren't exactly the only country more forgiven of a thick accent (hello Spain!). But the contrast is instructive nonetheless.
The irony is that living in Denmark has actually made me appreciate America more! For all its navel gazing about its supposed structural racism or other irredeemable sins, it is by far and away the most welcoming, open, and integratable country I've ever spent serious time in. The cliché of the melting pot might be trite but it's still apt.
What I've come to accept, though, is that this openness and integration probably only works because of the individualistic streak that defines the original America ethos. That if we're going to live in a truly multicultural, heterogeneous country together, we can't also expect the levels of trust and collectivism that makes countries like Denmark capable of working like they do.
That's a hard trade-off! When you've seen what benefits accrue to Danes from having a competent government that literally runs everything from the healthcare system to the mass-transit systems to the education system, you'd be forgiving for wishing that could be true, with the same outcomes, in America.
Which brings me to the notion of American Exceptionalism. I used to find that idea delusional. A self-aggrandizement typical of Americans. But in light of the comparison above, I think it actually is more true than I would have cared to admit before this latest stint in Denmark.
Creating a nation out of so many other nationalities, and making it not just work, but thrive on so many parameters absolutely is an exceptional achievement! Not sure it's ever been replicated at this scale in the history of the world. Over three hundred million people living in relative(!!) harmony, and besting the rest of the world in discipline after discipline. That is something special!
Don't construe any of the above as apologetics for the myriad of deep problems facing America. But do consider, as an American, to what extent you might have soaked yourself in so much pointless envy about ""what every other country in the world can do!"" that you've drowned the ability to appreciate the marvel of your own grand, underlying experiment.
I've seen it both ways now. As an immigrant to America and married to an immigrant to Denmark. I can fully appreciate why there are still legions of people around the world who dream of making it to America. That however tattered the American dream might be, the promise of being able to integrate – truly and fully – is still there. And it's worth much more than America's critics – internally, externally, and including yours truly – usually give it credit for.
So. Despite it all, having consumed a never-ending, dreadful stream of dreary news about America for at least a decade now, I'm strangely more optimistic than I've ever been. Sure, the empire might still come tumbling down in tumultuous ways, but I'm not going to count America out just yet. And regardless of what may or may not actually happen, I can at least personally change my perspective from being so incessantly negative about its prospect to focusing on its true and inherent exceptionalism.
So that's what I now choose. I choose to cheer for America. In all its contradictions, despite all its flaws. I no longer yearn for it to just WAKE UP, and become like Denmark. Let America be America. The best, most beautiful version of America. But America.
Denmark is a notoriously difficult country to integrate in. Not only because the language is difficult, but because the people are too! I say this with all the love and respect of a Dane that continues to marvel at what a high-trust, high-coherence society these former Vikings have managed to construct. But it's true. Danes are ever so graceful and kind to foreigners when they're visiting, but once the welcome of a guest is worn out, they're also incredibly demanding of the integration process.
This is why it all works! There's an immense cultural pressure to assimilate, and comply with all the major norms and beliefs. That process is how you forge that deep national unity, which makes Danes, as a whole, happy to pay their high taxes for the common good.
Americans usually first notice this dynamic in a few funny ways. They chuckle at why most Danes will dutifully wait at the crosswalk in the rain, at night, with nary a car around, for the little man to turn from red to green.
It may sound silly, but it's this kind of fierce conformity that carries everything else. From a level of compliance with public health authorities during the pandemic that would shock a lot of Americans (or maybe even scare them!). To rituals like using the Danish flag to celebrate birthdays or greet family at the airport (a display of overt patriotic symbolism that would instantly be coded as politically partisan in the US!).
Danes are on a whole very proud of being Danes. And they have ample reason to be. So it's hard to fault them their strict expectations for integration.
Let's take that language for example. I know of immigrants here in Denmark who have lived in the country for five years or more. In total command of the vocabulary, the idioms, but still lacking that last bit on pronunciation. It's common for them to face private admonishments to ""try a little harder to work on it"". In addition to the inherent alienation this country silently produces when you're not able to match the perfect pitch of those æ, å, ø characters.
Contrast this again with America. I arrive at immigration, and the officers literally guarding entry to God's own country will have a thick, foreign accent. This is normal. Nobody bats an eye. I don't think Americans critical of their own country appreciate just what a strength that is for the ease of integration!
Now I'm of course just contrasting two countries here. Denmark shares many cultural sensibilities and preferences with other Nordic and European countries. Americans aren't exactly the only country more forgiven of a thick accent (hello Spain!). But the contrast is instructive nonetheless.
The irony is that living in Denmark has actually made me appreciate America more! For all its navel gazing about its supposed structural racism or other irredeemable sins, it is by far and away the most welcoming, open, and integratable country I've ever spent serious time in. The cliché of the melting pot might be trite but it's still apt.
What I've come to accept, though, is that this openness and integration probably only works because of the individualistic streak that defines the original America ethos. That if we're going to live in a truly multicultural, heterogeneous country together, we can't also expect the levels of trust and collectivism that makes countries like Denmark capable of working like they do.
That's a hard trade-off! When you've seen what benefits accrue to Danes from having a competent government that literally runs everything from the healthcare system to the mass-transit systems to the education system, you'd be forgiving for wishing that could be true, with the same outcomes, in America.
Which brings me to the notion of American Exceptionalism. I used to find that idea delusional. A self-aggrandizement typical of Americans. But in light of the comparison above, I think it actually is more true than I would have cared to admit before this latest stint in Denmark.
Creating a nation out of so many other nationalities, and making it not just work, but thrive on so many parameters absolutely is an exceptional achievement! Not sure it's ever been replicated at this scale in the history of the world. Over three hundred million people living in relative(!!) harmony, and besting the rest of the world in discipline after discipline. That is something special!
Don't construe any of the above as apologetics for the myriad of deep problems facing America. But do consider, as an American, to what extent you might have soaked yourself in so much pointless envy about ""what every other country in the world can do!"" that you've drowned the ability to appreciate the marvel of your own grand, underlying experiment.
I've seen it both ways now. As an immigrant to America and married to an immigrant to Denmark. I can fully appreciate why there are still legions of people around the world who dream of making it to America. That however tattered the American dream might be, the promise of being able to integrate – truly and fully – is still there. And it's worth much more than America's critics – internally, externally, and including yours truly – usually give it credit for.
So. Despite it all, having consumed a never-ending, dreadful stream of dreary news about America for at least a decade now, I'm strangely more optimistic than I've ever been. Sure, the empire might still come tumbling down in tumultuous ways, but I'm not going to count America out just yet. And regardless of what may or may not actually happen, I can at least personally change my perspective from being so incessantly negative about its prospect to focusing on its true and inherent exceptionalism.
So that's what I now choose. I choose to cheer for America. In all its contradictions, despite all its flaws. I no longer yearn for it to just WAKE UP, and become like Denmark. Let America be America. The best, most beautiful version of America. But America.",,,
the-new-york-times-gives-liberals-the-danish-permission-to-pivot-on-mass-immigration-e7484a14,https://world.hey.com/dhh/the-new-york-times-gives-liberals-the-danish-permission-to-pivot-on-mass-immigration-e7484a14,2025-02-26,The New York Times gives liberals The Danish Permission to pivot on mass immigration,"One of the key roles The New York Times plays in American society is as guardians of the liberal Overton window. Its editorial line sets the terms for what's permissible to discuss in polite circles on the center left. Whether it's covid mask efficiency, trans kids, or, now, mass immigration. When The New York Times allows the counter argument to liberal orthodoxy to be published, it signals to its readers that it's time to pivot. 
On mass immigration, the center-left liberal orthodoxy has for the last decade in particular been that this is an unreserved good. It's cultural enrichment! It's much-needed workers! It's a humanitarian imperative! Any opposition was treated as de-facto racism, and the idea that a country would enforce its own borders as evidence of early fascism. But that era is coming to a close, and The New York Times is using The Danish Permission to prepare its readers for the end.
As I've often argued, Denmark is an incredibly effective case study in such arguments, because it's commonly thought of as the holy land of progressivism. Free college, free health care, amazing public transit, obsessive about bikes, and a solid social safety net. It's basically everything people on the center left ever thought they wanted from government. In theory, at least.
In practice, all these government-funded benefits come with a host of trade-offs that many upper middle-class Americans (the primary demographic for The New York Times) would find difficult to swallow. But I've covered that in detail in The reality of the Danish fairytale, so I won't repeat that here.
Instead, let's focus on the fact that The New York Times is now begrudgingly admitting that the main reason Europe has turned to the right, in election after election recently, is due to the problems stemming from mass immigration across the continent and the channel.
For example, here's a bit about immigrant crime being higher:
Crime and welfare were also flashpoints: Crime rates were substantially higher among immigrants than among native Danes, and employment rates were much lower, government data showed.
It wasn't long ago that recognizing higher crime rates among MENAPT immigrants to Europe was seen as a racist dog whistle. And every excuse imaginable was leveled at the undeniable statistics showing that immigrants from countries like Tunisia, Lebanon, and Somalia are committing violent crime at rates 7-9 times higher than ethnic Danes (and that these statistics are essentially the same in Norway and Finland too).
Or how about this one: Recognizing that many immigrants from certain regions were loafing on the welfare state in ways that really irked the natives:
One source of frustration was the fact that unemployed immigrants sometimes received resettlement payments that made their welfare benefits larger than those of unemployed Danes.
Or the explicit acceptance that a strong social welfare state requires a homogeneous culture in order to sustain the trust needed for its support:
Academic research has documented that societies with more immigration tend to have lower levels of social trust and less generous government benefits. Many social scientists believe this relationship is one reason that the United States, which accepted large numbers of immigrants long before Europe did, has a weaker safety net. A 2006 headline in the British publication The Economist tartly summarized the conclusion from this research as, “Diversity or the welfare state: Choose one.”
Diversity or welfare! That again would have been an absolutely explosive claim to make not all that long ago.
Finally, there's the acceptance that cultural incompatibility, such as on the role of women in society, is indeed a problem:
Gender dynamics became a flash point: Danes see themselves as pioneers for equality, while many new arrivals came from traditional Muslim societies where women often did not work outside the home and girls could not always decide when and whom to marry.
It took a while, but The New York Times is now recognizing that immigrants from some regions really do commit vastly more violent crime, are net-negative contributors to the state budgets (by drawing benefits at higher rates and being unemployed more often), and that together with the cultural incompatibilities, end up undermining public trust in the shared social safety net. 
The consequence of this admission is dawning not only on The New York Times, but also on other liberal entities around Europe:
Tellingly, the response in Sweden and Germany has also shifted... Today many Swedes look enviously at their neighbor. The foreign-born population in Sweden has soared, and the country is struggling to integrate recent arrivals into society. Sweden now has the highest rate of gun homicides in the European Union, with immigrants committing a disproportionate share of gun violence. After an outburst of gang violence in 2023, Ulf Kristersson, the center-right prime minister, gave a televised address in which he blamed “irresponsible immigration policy” and “political naïveté.” Sweden’s center-left party has likewise turned more restrictionist.
All these arguments are in service of the article's primary thesis: To win back power, the left, in Europe and America, must pivot on mass immigration, like the Danes did. Because only by doing so are they able to counter the threat of ""the far right"".
The piece does a reasonable job accounting for the history of this evolution in Danish politics, except for the fact that it leaves out the main protagonist. The entire account is written from the self-serving perspective of the Danish Social Democrats, and it shows. It tells a tale of how it was actually Social Democrat mayors who first spotted the problems, and well, it just took a while for the top of the party to correct. Bullshit.
The real reason the Danes took this turn is that ""the far right"" won in Denmark, and The Danish People's Party deserve the lion's share of the credit. They started in 1995, quickly set the agenda on mass immigration, and by 2015, they were the second largest party in the Danish parliament. 
Does that story ring familiar? It should. Because it's basically what's been happening in Sweden, France, Germany, and the UK lately. The mainstream parties have ignored the grave concerns about mass immigration from its electorate, and only when ""the far right"" surged as a result, did the center left and right parties grow interested in changing course.
Now on some level, this is just democracy at work. But it's also hilarious that this process, where voters choose parties that champion the causes they care about, has been labeled The Grave Threat to Democracy in recent years. Whether it's Trump, Le Pen, Weidel, or Kjærsgaard, they've all been met with contempt or worse for channeling legitimate voter concerns about immigration.
I think this is the point that's sinking in at The New York Times. Opposition to mass immigration and multi-culturalism in Europe isn't likely to go away. The mayhem that's swallowing Sweden is a reality too obvious to ignore. And as long as the center left keeps refusing to engage with the topic honestly, and instead hides behind some anti-democratic firewall, they're going to continue to lose terrain.
Again, this is how democracies are supposed to work! If your political class is out of step with the mood of the populace, they're supposed to lose. And this is what's broadly happening now. And I think that's why we're getting this New York Times pivot. Because losing sucks, and if you're on the center left, you'd like to see that end.",,,
dei-is-done-minus-the-mop-up-b3bbbb64,https://world.hey.com/dhh/dei-is-done-minus-the-mop-up-b3bbbb64,2024-05-10,DEI is done (minus the mop up),"In November of 2022, I wrote about the waning days of DEI's dominance, and enumerated four factors that I saw as primary drivers of this decline. Those waning days have now been brought to a close, and DEI, as an obsessive, ideological preoccupation of the corporate world, is done. Witness this tabulation of DEI (and ESG) mentions in earnings reports, reported by Business Insider:
It's over. And thank heavens for that! This graph perfectly captures the temporary insanity of what those nutty years were really like in corporate America. An explosion of sanctimony, triggered by the fallacy that racial disparities in the office (and elsewhere) could only be explained by systemic racism. And, worse still, that the way to counteract this mirage was by compensatory discrimination against ""model minorities"" (mostly Asians) and ""whiteness"", as prescribed by the dogma of Antiracism.
And with this explosion of sanctimony came a brief but suffocating culture of intimidation. Anyone who dared question the theology of high priests of this new religion, like DiAngelo or Kendi, were hounded and frequently banished by ideological thugs. 
It didn't matter if the hounded were low-level employees who hadn't kept up with latest woke dictionary (is it latinx now? or latine? or?), executives who dared to claim that meritocracy might actually be a good thing, or comedians making jokes about the insufferable fake piety of it all. There were pitchforks enough to chase all transgressors, big or small.
But now it's done. The tide has turned. The People are sick of this shit. So that's it. All there's left to do is mop up, then make sure we harden our defenses for the next time agitating embers come flying.",,,
proof-of-the-peak-ede4199c,https://world.hey.com/dhh/proof-of-the-peak-ede4199c,2023-02-03,Proof of the peak,"Just a couple of months ago, I wrote an analysis of why I believed we were entering the waning days of DEI's dominance. I looked at four factors: 1) the likely judicial defeat of affirmative action in universities, 2) the disintegration and scandalization of BLM, 3) the loss of Twitter as an effective woke policing mechanism, and 4) finally the coming mass layoffs in tech. Now comes the proof that we've indeed seen the corporate peak. 
From Axios yesterday:
From Axios yesterday:
Companies that were once very vocal on human rights and societal issues have held statements close to the vest or stayed completely silent following the recent streak of tragedies in America.
This is a major shift in the way leaders communicate during heightened moments of tragedy and crisis. Most have now opted for internal correspondence in place of public pledges — and some are saying nothing at all.
The writer is clearly rendering this reality through a lens of lamentation, but still has to accept similar points of analysis as to why this is happening, like ""economic uncertainty"":
The tech industry — which was previously out front on many of these issues — is now going through massive cuts and is focused on staying afloat, not wading in. Plus, many tech companies have gutted their DEI departments in response to economic strains.
Another point mentioned is simply ""fatigue"", which again is spot on, but also not something to decry. There's a very distinct limit on how often most folks want to hear from the maker of the candy bar, the producer of their soap, or the purveyor of their software on societal and political topics. And we've clearly reached that limit! Good!
The Axios article ends with this bizarre postulate: ""Corporate silence could crater civil discourse"". What? Unless mega corporations weigh in on our politics, it'll crater civil discourse? Haven't progressives in particular just spent the last half century at least hemming and hawing over the influence of big corporations on public discourse and politics?!
The problem with the lack of corporate involvement, just like the lack of Twitter's overt censorship regime, is obviously primarily that it marks an absence of support from a very particular narrative and political orientation. I'm certain this same writer would be quick to call for corporations to shut up, if they replaced the ""corporate silence"" with support for a counterposition.
THIS IS WHY WE SHOULDN'T WANT CORPORATIONS WEIGHING IN ON SOCIAL AND POLITICAL QUESTIONS OUTSIDE THEIR DIRECT SPHERE OF OPERATIONS.
Let individual members of said corporations engage in politics to their hearts content as sovereign citizens in a democracy. But spare us the sanctimonious press releases, with their carefully rehearsed thoughts & prayers, on company letterhead, from the outfits that stock our commodities.",,,
it-s-not-just-cloud-costs-that-are-out-of-control-efcd098c,https://world.hey.com/dhh/it-s-not-just-cloud-costs-that-are-out-of-control-efcd098c,2023-05-11,It&#39;s not just cloud costs that are out of control,"We're letting our yearly commitment to Datadog, a performance and monitoring tool, expire at the end of this month. Not because we don't like the service. It's actually really nice! But because the $88,000/year it was going to cost us to continue is just ridiculous. And it's emblematic of a larger issue: Enterprise SaaS pricing is getting silly.
But as silly as I thought our bill was going to be, there's a Datadog customer paying $65 million for their services!! This came up on their most recent earnings call. It's apparently a crypto company who ""optimized"" their bill by committing to this ludicrous spend:
  
At the risk of invoking a tired cliche, this kind of outlay for a performance and monitoring service sounds like a 0% interest rate phenomenon. There's just no universe I can imagine where that's a reasonable commitment. One that couldn't be more than adequately replaced by open-source alternatives. Even if you needed a fair bit of in-house development on top for tailoring.
But I tend to think this way about a lot of enterprisey SaaS software. Like spending $15/month per seat on Salesforce's Slack in a company of 2,000 people comes out at over three hundred grand per year. Just for a chat tool!
Now add $30/month per seat for something like Asana. Then $20/month for Dropbox. And just between those three tools, you're up to $65/month per seat at the top levels, or a million and a half in yearly costs for that company of 2,000. Yikes.
It's surprising to me that there isn't more pressure yet to cut costs at companies paying such princely sums for their SaaS software. But I think it's coming. It feels like we're in a service bubble waiting to pop. Someone is going to look at those margins and see an opportunity.
That's also a key reason we're sticking to our pitch with Basecamp. The most anyone can pay us is $299/month. That's just unlimited users, all the features, all everything. Yeah, sure, are we giving up on the potential to land some whales? Probably. But I can't in good conscience sell software at prices where I'd never pay.
We're due a correction here.
But as silly as I thought our bill was going to be, there's a Datadog customer paying $65 million for their services!! This came up on their most recent earnings call. It's apparently a crypto company who ""optimized"" their bill by committing to this ludicrous spend:
At the risk of invoking a tired cliche, this kind of outlay for a performance and monitoring service sounds like a 0% interest rate phenomenon. There's just no universe I can imagine where that's a reasonable commitment. One that couldn't be more than adequately replaced by open-source alternatives. Even if you needed a fair bit of in-house development on top for tailoring.
But I tend to think this way about a lot of enterprisey SaaS software. Like spending $15/month per seat on Salesforce's Slack in a company of 2,000 people comes out at over three hundred grand per year. Just for a chat tool!
Now add $30/month per seat for something like Asana. Then $20/month for Dropbox. And just between those three tools, you're up to $65/month per seat at the top levels, or a million and a half in yearly costs for that company of 2,000. Yikes.
It's surprising to me that there isn't more pressure yet to cut costs at companies paying such princely sums for their SaaS software. But I think it's coming. It feels like we're in a service bubble waiting to pop. Someone is going to look at those margins and see an opportunity.
That's also a key reason we're sticking to our pitch with Basecamp. The most anyone can pay us is $299/month. That's just unlimited users, all the features, all everything. Yeah, sure, are we giving up on the potential to land some whales? Probably. But I can't in good conscience sell software at prices where I'd never pay.
We're due a correction here.",,,
this-might-not-be-the-place-for-you-87800c5a,https://world.hey.com/dhh/this-might-not-be-the-place-for-you-87800c5a,2022-05-20,This might not be the place for you,"They failed to capture the hill at Netflix. That small but vocal gang of employees hellbent on canceling Chappelle last year over his comedy special. Now comes the counter offensive from the executive in the form of newly updated cultural guidelines at the company:
As employees we support the principle that Netflix offers a diversity of stories, even if we find some titles counter to our own personal values. Depending on your role, you may need to work on titles you perceive to be harmful. If you’d find it hard to support our content breadth, Netflix may not be the best place for you.
That's what happens after a moment of overreach. It leaves you exposed for the riposte. Netflix has now delivered just that, and it's not just a zinger, but a booby trap.
By codifying the fact that Netflix expects employees to be able to work on a wide breadth of content, which invariably means some of it might offend individuals from time to time, they've drawn the boundaries of employment. This is the work! If you're not fit to perform your duties in service of that work, well, you can't be on the payroll.
This didn't use to be controversial in the before times. Being, say, a proof reader at a publishing house did not mean you had to personally approve of every book that landed on your desk. That was the responsibility of the acquiring editor. And people broadly understood this.
But in our brave new world, it's become common place to consider your job an integral part of your identity. And thus feeling like you're personally and morally liable for all decisions made and actions taken by said company. That's bound to result in a bad experience all around as soon as there are material disagreements (and there always are).
It's not hard to see how we ended up here, though. After a few decades of tech companies insisting they're really families, craving unbridled passion from employees, and demanding a work-life balance that was all work and no life, the space and time needed for a personal, private identity has effectively been under corporate occupation. This is a predictable outcome.
So Netflix taking an explicit stand against this is good. It's an admission in part that the strategy of boundless accommodation isn't working well for anyone. Resetting expectations is overdue.",,,
basecamp-s-new-etiquette-regarding-societal-politics-at-work-b44bef69,https://world.hey.com/dhh/basecamp-s-new-etiquette-regarding-societal-politics-at-work-b44bef69,2021-04-26,Basecamp&#39;s new etiquette regarding societal politics at work,"Jason announced a raft of changes we've made to Basecamp earlier today. By far the most controversial is a new etiquette around societal politics at work, and the stances we'll take as a company. So to expand on that, here's a segment from what I wrote internally on that topic, as part of the announcement to employees at Basecamp.
As cliché as it may sound, these are very difficult times in many places of the world, and in America in particular. We're constantly confronted with terrible tragedies, pulled into polarized political fights, and egged on by social media to engage.
There are many places to be involved, exposed, and engaged in those conversations. Basecamp shouldn't be one of those places.
Basecamp should be a place where employees can come to work with colleagues of all backgrounds and political convictions without having to deal with heavy political or societal debates unconnected to that work.
You shouldn't have to wonder if staying out of it means you're complicit, or stepping into it means you're a target. That is difficult enough outside of work, but almost impossible at work.
By trying to have the debates around such incredibly sensitive societal politics inside the company, we're setting ourselves up for strife, with little chance of actually changing anyone's mind. These types of discussions are so difficult that even if we were having them at the best of times, together in person, with trust batteries fully charged, we'd struggle. And we have none of those advantages right now, so it's not a surprise the results have been poor.
We also like to tell ourselves that having these discussions with the whole company is ""healthy"". I used to think that too, but I no longer do. I think it's become ever more stressful, unnerving, and counterproductive. No comment thread on Basecamp is going to close the gap on fundamental philosophical and political differences. And we're left worse for wear when we try.
Therefore, we’re asking everyone, including Jason and me, to refrain from using our company Basecamp or HEY to discuss societal politics at work effective immediately.
This includes everything from sharing political stories in campfire, using message threads to elucidate others on political beliefs that go beyond the topic directly, or performing political advocacy in general.
If you're in doubt as to whether your choice of forum or topic for a discussion is appropriate, please ask before posting. But if you make a mistake, it's not the end of the world. Someone will gently remind you of the etiquette, and we'll move on. This isn't some zero-tolerance, max-consequences new policy.
We encourage you to continue these difficult discussions with willing colleagues on other systems. Signal is an excellent choice that provides end-to-end encryption and group support.
We also encouraged you to exercise your right to activism and political engagement outside of work. It's none of Basecamp's business how or whether you choose to spend your time, money, or voice to support charities, causes, or political action groups.
Note that we will continue to engage in politics that directly relate to our business or products. This means topics like antitrust, privacy, employee surveillance. If you're in doubt as to whether something falls within those lines or not, please, again, reach out for guidance.
Next, Basecamp, as a company, is no longer going to weigh-in publicly on societal political affairs, outside those that directly connect to the business. Again, everyone can individually weigh-in as much or as little as they want, but we're done with posts that present a Basecamp stance on such issues.
As cliché as it may sound, these are very difficult times in many places of the world, and in America in particular. We're constantly confronted with terrible tragedies, pulled into polarized political fights, and egged on by social media to engage.
There are many places to be involved, exposed, and engaged in those conversations. Basecamp shouldn't be one of those places.
Basecamp should be a place where employees can come to work with colleagues of all backgrounds and political convictions without having to deal with heavy political or societal debates unconnected to that work.
You shouldn't have to wonder if staying out of it means you're complicit, or stepping into it means you're a target. That is difficult enough outside of work, but almost impossible at work.
By trying to have the debates around such incredibly sensitive societal politics inside the company, we're setting ourselves up for strife, with little chance of actually changing anyone's mind. These types of discussions are so difficult that even if we were having them at the best of times, together in person, with trust batteries fully charged, we'd struggle. And we have none of those advantages right now, so it's not a surprise the results have been poor.
We also like to tell ourselves that having these discussions with the whole company is ""healthy"". I used to think that too, but I no longer do. I think it's become ever more stressful, unnerving, and counterproductive. No comment thread on Basecamp is going to close the gap on fundamental philosophical and political differences. And we're left worse for wear when we try.
Therefore, we’re asking everyone, including Jason and me, to refrain from using our company Basecamp or HEY to discuss societal politics at work effective immediately.
This includes everything from sharing political stories in campfire, using message threads to elucidate others on political beliefs that go beyond the topic directly, or performing political advocacy in general.
If you're in doubt as to whether your choice of forum or topic for a discussion is appropriate, please ask before posting. But if you make a mistake, it's not the end of the world. Someone will gently remind you of the etiquette, and we'll move on. This isn't some zero-tolerance, max-consequences new policy.
We encourage you to continue these difficult discussions with willing colleagues on other systems. Signal is an excellent choice that provides end-to-end encryption and group support.
We also encouraged you to exercise your right to activism and political engagement outside of work. It's none of Basecamp's business how or whether you choose to spend your time, money, or voice to support charities, causes, or political action groups.
Note that we will continue to engage in politics that directly relate to our business or products. This means topics like antitrust, privacy, employee surveillance. If you're in doubt as to whether something falls within those lines or not, please, again, reach out for guidance.
Next, Basecamp, as a company, is no longer going to weigh-in publicly on societal political affairs, outside those that directly connect to the business. Again, everyone can individually weigh-in as much or as little as they want, but we're done with posts that present a Basecamp stance on such issues.
Aftermath
Unsurprisingly, parts of Twitter is very. disappointed. in. us. And the search for the tweet to serve as a stake for that disappointment is in full swing. Several contenders have included my tweets about how I find it OK for leaders and employees to be political on Twitter. I still do! And I still will be. Not just on twitter, but on this here blog as well. These are my personal spaces.
Everyone at Basecamp has been, as you can read from the snippet above, actively encouraged to do the same! Bring all your political advocacy to whatever personal spaces you have. Twitter, Facebook, your local advocacy group, all of it. Just don't bring it into the internal communication platforms we use for work, unless it directly relates to our business. I'm applying that same standard to myself, and Jason is too.
Everyone at Basecamp has been, as you can read from the snippet above, actively encouraged to do the same! Bring all your political advocacy to whatever personal spaces you have. Twitter, Facebook, your local advocacy group, all of it. Just don't bring it into the internal communication platforms we use for work, unless it directly relates to our business. I'm applying that same standard to myself, and Jason is too.",,,
workfeed-goes-to-america-84b381d9,https://world.hey.com/dhh/workfeed-goes-to-america-84b381d9,2023-10-31,Workfeed goes to America,"During my three years in Denmark, I invested in five local startups. All on the premise that we'd work towards becoming profitable, remaining in the country, and avoiding the VC timebomb. The one that has already fulfilled all the objectives is Workfeed, and now they're ready to take on the American market. It's a proud moment!
Workfeed makes employee scheduling software. That might sound pretty boring, but if you run or work at a restaurant (or store or anywhere else in the service industry!) still trying to do things with Excel spreadsheets or call sheets, you know this can be a huge pain and time suck. That's exactly the kind of drudgery that software was meant to solve, and Workfeed does an amazing job at this.
What I found interesting about employee scheduling software is how localized much of it is. You need integrations with payroll and other employee systems to make inroads, and many of those solutions are anchored in the particulars of local labor laws, customs, and industry standards. It's quite unlike the universality afforded Jason and I working on something like Basecamp.
That also means entering a new territory is much harder. Workfeed got started in Denmark, quickly became the top-rated system there, blazed past a bunch of stale competitors, and built a profitable, successful business primarily on the basis of this market alone. But Denmark is tiny. Less than 6 million people. So since day one, I've been pushing them to get ready for the biggest software market in the world: America.
Now the day has finally come! Workfeed is bringing their Danish design and sensibilities to the US service industry. They've done a bunch of homework already, created a handful of key integrations, but could really use some help perfecting their solution for America. And, as a proud Dane now living in America, and as an investor in the company, I'm hoping that I can help them get just that.
So. If you run, or knows someone who runs, a service business, whether that's a restaurant, a store, or whatever, which needs to schedule employee time for shifts in America, Workfeed is giving away three months of free access, if you're willing to tell them what you think of the system and where it might be improved.
That's a pretty good deal, if you ask me, and it's a way to help a Danish startup fulfill the hypothesis that it's possible to build awesome SaaS solutions without going down the venture rabbit hole. And who doesn't want to help with that!
Workfeed makes employee scheduling software. That might sound pretty boring, but if you run or work at a restaurant (or store or anywhere else in the service industry!) still trying to do things with Excel spreadsheets or call sheets, you know this can be a huge pain and time suck. That's exactly the kind of drudgery that software was meant to solve, and Workfeed does an amazing job at this.
What I found interesting about employee scheduling software is how localized much of it is. You need integrations with payroll and other employee systems to make inroads, and many of those solutions are anchored in the particulars of local labor laws, customs, and industry standards. It's quite unlike the universality afforded Jason and I working on something like Basecamp.
That also means entering a new territory is much harder. Workfeed got started in Denmark, quickly became the top-rated system there, blazed past a bunch of stale competitors, and built a profitable, successful business primarily on the basis of this market alone. But Denmark is tiny. Less than 6 million people. So since day one, I've been pushing them to get ready for the biggest software market in the world: America.
Now the day has finally come! Workfeed is bringing their Danish design and sensibilities to the US service industry. They've done a bunch of homework already, created a handful of key integrations, but could really use some help perfecting their solution for America. And, as a proud Dane now living in America, and as an investor in the company, I'm hoping that I can help them get just that.
So. If you run, or knows someone who runs, a service business, whether that's a restaurant, a store, or whatever, which needs to schedule employee time for shifts in America, Workfeed is giving away three months of free access, if you're willing to tell them what you think of the system and where it might be improved.
That's a pretty good deal, if you ask me, and it's a way to help a Danish startup fulfill the hypothesis that it's possible to build awesome SaaS solutions without going down the venture rabbit hole. And who doesn't want to help with that!",,,
leave-it-to-the-germans-94dd4bbe,https://world.hey.com/dhh/leave-it-to-the-germans-94dd4bbe,2025-02-17,Leave it to the Germans,"Just a day after JD Vance's remarkable speech in Munich, 60 Minutes validates his worst accusations in a chilling segment on the totalitarian German crackdown on free speech. You couldn't have scripted this development for more irony or drama!
This isn't 60 Minutes finding a smoking gun in some secret government archive, detailing a plot to prosecute free speech under some fishy pretext. No, this is German prosecutors telling an American journalist in an open interview that insulting people online is a crime and retweeting a ""lie"" will get you in trouble with the law. No hidden cameras! All out in the open!
Nor is this just some rogue prosecutorial theory. 60 Minutes goes along for the ride with German police, as they conduct a raid at dawn with six armed officers to confiscate the laptop and a phone of a German citizen suspected of posting a racist cartoon. Even typing out this description of what happens sounds like insane hyperbole, but you can just watch the clip for yourself.
And this morning raid was just one of fifty that day. Fifty raids in a day! For wrong speech, spicy memes, online insults of politicians, and other utterances by German citizens critical of their government or policies! Is this is the kind of hallowed democracy that Germans are supposed to defend against the supposed threat of AfD?
As I noted yesterday, even Denmark has some draconian laws on the books limiting free speech. And they've been used in anger too. Although I've yet to see the kind of grotesque enforcement -- six armed officers at dawn coming to confiscate a laptop! -- but the trend is none the less worrying all across Europe, not just in Germany.
I suppose this is why European leaders are in such shock over Vance's wagging finger. Because they know he's dead on, but they're not used to getting called out like this. On the world stage, while they just had to sit there. I can see how that's humiliating.
But the humiliation of the European people is infinitely greater as they're gaslit about their right to free speech. That Vance doesn't know what he's talking about. Oh, and what about the Gulf of America?? It's pathetic.
So too is the apparent deep support from many parts of Europe for this totalitarian insanity. I keep hearing from Europeans who with a straight face will claim that of course they have free speech, but that doesn't mean you can insult people, hurt their feelings, or post statistics that might cast certain groups in a bad light.
Madness.
Madness.
""The party told you to reject the evidence of your eyes and ears. It was their final, most essential command.""
-- Orwell, 1949",,,
south-korea-just-killed-the-30-app-store-cut-232d2b16,https://world.hey.com/dhh/south-korea-just-killed-the-30-app-store-cut-232d2b16,2021-08-31,South Korea just killed the 30% app-store cut,"Apple and Google knew from the start of this fight that they couldn't afford to lose even once. That's why they pulled out all the stops stops to intimidate the Senate in North Dakota. That's why they spared no expense on the backroom deal to kill the Arizona bill. But now they've finally met a legislature they couldn't bully or buy: The National Assembly of the Republic of Korea.
The National Assembly just passed an amendment to the Telecommunications Business Act that'll prohibit app store operators from forcing developers to use a specific payment method. This change will most likely take effect within a fortnight, and when it does, it'll herald the end of the 30% app-store cut as we know it. Apple and Google will now have to compete for the business of developers on the merits.
Such competition is bound to cost Apple and Google billions. Operating these app store tollbooths are some of the most lucrative revenue streams flowing from the Android and iOS duopoly. They require little to no innovation to operate, just dominant market power, which both companies have in excess. Now that power has been countered in South Korea.
But as much as South Korea is an important market, particularly for Google, it's not the fifty million people there that truly scare either of these companies. It's the crack in the dam. The one that'll soon flood their scarecrow arguments on app-store payment mandates around the world.
South Korea just made it a lot easier for every other country in the world to pass their own laws outlawing anti-competitive app store payment mandates. These countries will be able to point to South Korea to show that allowing developers to use Stripe, Square, Braintree, PayPal, or whatever to charge their customers won't bring about app armageddon. Reality is going to refute the fear that Apple and Google have been working so hard to stoke.
This is a watershed moment that'll force Apple and Google to actually have to work for their cut. Yes, of course the cut is going to come down, and probably massively so, but there's still plenty of space for an integrated, low-friction payment solution for developers where they can charge a premium. Only that premium is likely to land somewhere between five and ten percent, not an outrageous thirty!
But I wouldn't even assume that Apple or Google is going to have the best solution in the long term! When you look at the innovation going on in payments at the moment, like Stripe's integrated sales-tax solution, it's likely that developers will soon have many excellent app-optimized payment choices to choose from. All competing with better features, better terms, and better rates.
That's how capitalism is supposed to work!
Anyway. Wow. It always seems impossible until it's done. When I gave my first testimony before the House Antitrust Subcommittee eighteen months ago, I knew this wasn't going to yield immediate results. When I testified in front of the North Dakota Senate earlier this year, I recoiled at seeing the political sausage get made with intimidation in real time. When I testified before the Arizona House of Representatives, I barely dared to hope it would be different, but still felt sucker punched when it wasn't.
And yet now it's done! The first, real, substantial loss inflicting upon this monopoly app store regime that nearly cost our new email service HEY.com its life last year. It's still ""just"" South Korea, but that's lit the light at the end of the tunnel. We're going to get there.
But why did it have to take so long? I mean besides a billion benjamins worth of short-term reasons. Couldn't there have been a long-term vision for these monopolists to see that this level of extortion was never going to stand the test of time?
Apple and Google set fire to their relationship with developers to forestall the inevitable. I hope they don't let it burn to the ground out of spite or more short-term profiteering. Time to accept the South Korean change universally.
  
The National Assembly just passed an amendment to the Telecommunications Business Act that'll prohibit app store operators from forcing developers to use a specific payment method. This change will most likely take effect within a fortnight, and when it does, it'll herald the end of the 30% app-store cut as we know it. Apple and Google will now have to compete for the business of developers on the merits.
Such competition is bound to cost Apple and Google billions. Operating these app store tollbooths are some of the most lucrative revenue streams flowing from the Android and iOS duopoly. They require little to no innovation to operate, just dominant market power, which both companies have in excess. Now that power has been countered in South Korea.
But as much as South Korea is an important market, particularly for Google, it's not the fifty million people there that truly scare either of these companies. It's the crack in the dam. The one that'll soon flood their scarecrow arguments on app-store payment mandates around the world.
South Korea just made it a lot easier for every other country in the world to pass their own laws outlawing anti-competitive app store payment mandates. These countries will be able to point to South Korea to show that allowing developers to use Stripe, Square, Braintree, PayPal, or whatever to charge their customers won't bring about app armageddon. Reality is going to refute the fear that Apple and Google have been working so hard to stoke.
This is a watershed moment that'll force Apple and Google to actually have to work for their cut. Yes, of course the cut is going to come down, and probably massively so, but there's still plenty of space for an integrated, low-friction payment solution for developers where they can charge a premium. Only that premium is likely to land somewhere between five and ten percent, not an outrageous thirty!
But I wouldn't even assume that Apple or Google is going to have the best solution in the long term! When you look at the innovation going on in payments at the moment, like Stripe's integrated sales-tax solution, it's likely that developers will soon have many excellent app-optimized payment choices to choose from. All competing with better features, better terms, and better rates.
That's how capitalism is supposed to work!
Anyway. Wow. It always seems impossible until it's done. When I gave my first testimony before the House Antitrust Subcommittee eighteen months ago, I knew this wasn't going to yield immediate results. When I testified in front of the North Dakota Senate earlier this year, I recoiled at seeing the political sausage get made with intimidation in real time. When I testified before the Arizona House of Representatives, I barely dared to hope it would be different, but still felt sucker punched when it wasn't.
And yet now it's done! The first, real, substantial loss inflicting upon this monopoly app store regime that nearly cost our new email service HEY.com its life last year. It's still ""just"" South Korea, but that's lit the light at the end of the tunnel. We're going to get there.
But why did it have to take so long? I mean besides a billion benjamins worth of short-term reasons. Couldn't there have been a long-term vision for these monopolists to see that this level of extortion was never going to stand the test of time?
Apple and Google set fire to their relationship with developers to forestall the inevitable. I hope they don't let it burn to the ground out of spite or more short-term profiteering. Time to accept the South Korean change universally.",,,
turbo-8-is-dropping-typescript-70165c01,https://world.hey.com/dhh/turbo-8-is-dropping-typescript-70165c01,2023-09-06,Turbo 8 is dropping TypeScript,"By all accounts, TypeScript has been a big success for Microsoft. I've seen loads of people sparkle with joy from dousing JavaScript with explicit types that can be checked by a compiler. But I've never been a fan. Not after giving it five minutes, not after giving it five years. So it's with great pleasure that I can announce we're dropping TypeScript from the next big release of Turbo 8.
The fact is that I actually rather like JavaScript. I'd go so far as to say it's my second favorite language after Ruby. Yes, a distant second, but a second none the less. This wasn't always the case. But after we got proper classes in JavaScript, and all the other improvements that flowed since ES6, it's become a real joy to write.
I still don't think JavaScript is well-suited for most of the work we do on the server side of the web-app equation, but fully respect and appreciate that others feel differently. To me, it's simply our good fortune that we now have such a capable JavaScript, which browsers are able to interpret without any need for a compiler at all.
TypeScript just gets in the way of that for me. Not just because it requires an explicit compile step, but because it pollutes the code with type gymnastics that add ever so little joy to my development experience, and quite frequently considerable grief. Things that should be easy become hard, and things that are hard become `any`. No thanks!
This isn't a plea to convert anyone of anything, though. As I discussed in Programming types and mindsets, very few programmers are typically interested in having their opinion on typing changed. Most programmers find themselves drawn strongly to typing or not quite early in their career, and then spend the rest of it rationalizing The Correct Choice to themselves and others.
That's part of the magic of this JavaScript v TypeScript dichotomy, and full credit to the TypeScript gang for realizing that a full take-over of JavaScript was never going to happen, so complete compatibility had to be baked in from the start. Just because Turbo 8 is dropping TypeScript won't mean you can't write your client code in it, or use any other library that employs it. We get to mix and match, which is wonderful.
It's also necessary. Because unlike languages like Ruby, which are languages of choice when it comes to the server side, JavaScript is a language of necessity when it comes to the client side. While you may compile dialects into it, you still have to accept the fact that running code in the browser means running JavaScript. So being able to write that, free of any tooling, and free of any strong typing, is a blessing under the circumstances.
So farewell, TypeScript. May you bring much rigor and satisfaction to your tribe while letting the rest of us enjoy JavaScript in the glorious spirit it was originally designed: Free of strong typing.
The fact is that I actually rather like JavaScript. I'd go so far as to say it's my second favorite language after Ruby. Yes, a distant second, but a second none the less. This wasn't always the case. But after we got proper classes in JavaScript, and all the other improvements that flowed since ES6, it's become a real joy to write.
I still don't think JavaScript is well-suited for most of the work we do on the server side of the web-app equation, but fully respect and appreciate that others feel differently. To me, it's simply our good fortune that we now have such a capable JavaScript, which browsers are able to interpret without any need for a compiler at all.
TypeScript just gets in the way of that for me. Not just because it requires an explicit compile step, but because it pollutes the code with type gymnastics that add ever so little joy to my development experience, and quite frequently considerable grief. Things that should be easy become hard, and things that are hard become `any`. No thanks!
This isn't a plea to convert anyone of anything, though. As I discussed in Programming types and mindsets, very few programmers are typically interested in having their opinion on typing changed. Most programmers find themselves drawn strongly to typing or not quite early in their career, and then spend the rest of it rationalizing The Correct Choice to themselves and others.
That's part of the magic of this JavaScript v TypeScript dichotomy, and full credit to the TypeScript gang for realizing that a full take-over of JavaScript was never going to happen, so complete compatibility had to be baked in from the start. Just because Turbo 8 is dropping TypeScript won't mean you can't write your client code in it, or use any other library that employs it. We get to mix and match, which is wonderful.
It's also necessary. Because unlike languages like Ruby, which are languages of choice when it comes to the server side, JavaScript is a language of necessity when it comes to the client side. While you may compile dialects into it, you still have to accept the fact that running code in the browser means running JavaScript. So being able to write that, free of any tooling, and free of any strong typing, is a blessing under the circumstances.
So farewell, TypeScript. May you bring much rigor and satisfaction to your tribe while letting the rest of us enjoy JavaScript in the glorious spirit it was originally designed: Free of strong typing.",,,
google-affirms-the-duopoly-grip-by-following-apple-s-15-on-the-first-million-scheme-c772c319,https://world.hey.com/dhh/google-affirms-the-duopoly-grip-by-following-apple-s-15-on-the-first-million-scheme-c772c319,2021-03-17,Google affirms the duopoly grip by following Apple&#39;s 15%-on-the-first-million scheme,"I can imagine Machiavelli advising Apple on attempting to appease App Store scrutiny by throwing some inconsequential concessions into the ring: What if y'all just lowered the totally obscene 30% cut of revenues to a merely utterly obscene 15%, but then only for the first million in revenue? It would cost you bupkis, but the plebs might buy it!
And he might have continued: Ye might empire could get to spin a tale of how it really cares about small developers, how you're being responsive to feedback, and, again, best of all, it damn near wouldn't cost you a dime! It's a beautiful political play, meant to split an opposition at the lowest possible cost. Classic Machiavelli!
I don't think he would have been so keen on Google following along, though. I bet he would have argued that it undercuts the entire premise of two meaningfully different choices in the market, that they'd be seen as the sheepish follower, and that it doesn't have any of the political punch to be second to a free buffet.
But here goes Google none the less: Yay, we're also doing 15% for the first million, but with slightly different small print conditions, so clearly, there's no problem with defacto collusion, dominance, or lack of choice in app stores!
Even Apple has to be kinda annoyed here, but I suppose that's the prisoner's dilemma. Google wasn't going to let Apple get away with appearing – and appearance was indeed all this was! – more benevolent, so they'd rather make both of them look like bandits than sit there with the lone bad hand.
Anyway, this is good news for the antitrust momentum. Not because these crumbs do anything to counter the core argument, because they most certainly do not, but because it shows the sweating on the other side.
Zero chance either Apple or Google would have announced these show-pony programs out of the goodness of their heart without the pressure. So that validates the strength of the pressure.
All we need now... is diamond hands.
  
And he might have continued: Ye might empire could get to spin a tale of how it really cares about small developers, how you're being responsive to feedback, and, again, best of all, it damn near wouldn't cost you a dime! It's a beautiful political play, meant to split an opposition at the lowest possible cost. Classic Machiavelli!
I don't think he would have been so keen on Google following along, though. I bet he would have argued that it undercuts the entire premise of two meaningfully different choices in the market, that they'd be seen as the sheepish follower, and that it doesn't have any of the political punch to be second to a free buffet.
But here goes Google none the less: Yay, we're also doing 15% for the first million, but with slightly different small print conditions, so clearly, there's no problem with defacto collusion, dominance, or lack of choice in app stores!
Even Apple has to be kinda annoyed here, but I suppose that's the prisoner's dilemma. Google wasn't going to let Apple get away with appearing – and appearance was indeed all this was! – more benevolent, so they'd rather make both of them look like bandits than sit there with the lone bad hand.
Anyway, this is good news for the antitrust momentum. Not because these crumbs do anything to counter the core argument, because they most certainly do not, but because it shows the sweating on the other side.
Zero chance either Apple or Google would have announced these show-pony programs out of the goodness of their heart without the pressure. So that validates the strength of the pressure.
All we need now... is diamond hands.",,,
three-sacred-cows-that-must-die-so-europe-can-live-1afb203d,https://world.hey.com/dhh/three-sacred-cows-that-must-die-so-europe-can-live-1afb203d,2026-07-16,Three sacred cows that must die so Europe can live,"The decline of Europe is not inevitable, despite how much Americans love to joke/proclaim that the continent is doomed to become an open-air museum. Sure, it's possible that things have to get worse before they get better, but believing that ""it's over"" is just loser talk. It's never over, but the old world also won't recover by itself.
So here's my pithy prescription for how Europe can find its way back to The Good Times.
#1 End mass migration
No single issue has cost Europe more than mass immigration when you add up the political, social, and economic consequences. You can't save the continent's declining birth rate, growing retiree burden, or even economy as a whole by importing millions of people from a culturally incompatible third world.
I can forgive the original architects of this disaster with the goodwill you should always allow those who dare dream about the future. If you were nurtured on the delusion of blank-slatism, it wasn't much of a stretch to believe the theory that integration and assimilation would correct all immigration ills in a generation or two.
But now that it hasn't, and the evidence is overwhelming that it won't, it's imperative that we collectively update our priors. To some of Europe's credit, this is already happening in places like Sweden, which has been on a fast track to copy many of the restrictive Danish ideas on immigration. But it's far, far from enough.
Because the sacred cow here is not just that mass migration must stop going forward. It's also that millions who are already in Europe must go. Remigration has gone from a fringe concept to the mainstream discourse in record time on account of that realization. The Overton window is swinging wide open, but the cow is still there.
#2 Drop climate austerity
This year has given us yet another installment of the old air-conditioning diaries. Tens of thousands of people die needlessly in Europe every year from something as simple as summer (more than the number of Americans who are killed by guns every year!). The climate catastrophizers have somehow married themselves to the moral argument that air conditioning in itself is a sin (because it uses ENERGY!), and the death of the old and the poor is a simple sacrifice they're willing to make. It's as callous as it is retarded.
But the fight over air conditioning is downstream from the larger delusion about Europe's role in climate change. Setting aside how much of global warming is due to man-made causes, the reality is that Europe is irrelevant to the equation either way. Just 6% of global emissions originate there. So even if the nirvana of net zero could be achieved, it would change nothing, yet cost the continent everything.
Behind this climate hysteria is an even deeper delusion, though: that degrowth will deliver us all from the sins of modernity. That energy use in and of itself is suspect. That salvation will be delivered through abstinence. It's all nonsense.
Europe can't be a competitive part of the global economy if its energy costs are several times those of its commercial counterparts. And if you combine uncompetitive industries with a naive free-trade posture toward the likes of China, you'll not only get a dirtier planet, but also a hollowed-out economic bloc.
#3 Stop fighting success
The best part of the American ethos is the belief that we can build our way out of anything. Behind China on chips and fabs? Let's build. Challenged by BYD? Let's build. Catch a glimpse of a future massively accelerated by AI? LET'S BUILD.
Europe needs to shamelessly copy this aspect of the American ethos. It might not be able to match those crazy dreamers across the Atlantic, but it can give them a much, much better run for their money than it does today.
This is the part that the European establishment already acknowledged with the Draghi report. This is what the seeds of promise from the Europe Inc initiative need to grow. But we need much more, much faster.
And a big part of that is making peace with success. I know, this is perhaps the hardest ask of all. A generational skepticism of capitalism and the institutional inertia that supports it means we probably need a deeper crisis before the ship can be turned around. But Germany is on a fast track to deliver a sequel to the economic dismantling of Britain, so perhaps that example can provide the ignition.
Now do it all at once
This pithy prescription is not meant to be applied sequentially. First we fix this, then we fix that. No, we have to fix all of it at once: remigration, energization, and entrepreneurialism.
It's all interconnected, but that actually makes the whole endeavor easier to pull off, not harder. Momentum in one area will feed momentum in the others. Europeans can rediscover their roots, their ancestry, their ingenuity, and choose to channel all those healthy national feelings toward a grand revival.
But first, we need to sacrifice these holy cows and prepare the feast. How is next Thursday for you?",,,
apple-actually-lost-a-court-case-for-once-but-they-refuse-to-comply-in-good-faith-2bc316a5,https://world.hey.com/dhh/apple-actually-lost-a-court-case-for-once-but-they-refuse-to-comply-in-good-faith-2bc316a5,2024-01-17,"Apple actually lost a court case for once, but they refuse to comply in good faith","Apple just lost an appeal on the ruling from the Epic case that mandated the company allow app developers the right to link to their own websites. And it seems like Apple had been preparing for this outcome, because immediately thereafter, Apple revealed an elaborate bad-faith compliance with the ruling.
Okay, sure, the company says, you can link to your website from your app, so consumers may know that there's a cheaper way to buy your software, but if you do so, we will charge a 27%(!!!) commission on that link, require you to submit financial reports every few weeks(?!), will reserve the right to audit your books at any time(???!), AND hold the threat of expulsion from the App Store over your head, in case we find you to be out of compliance.
Not even the mob is that greedy, capricious, or meticulous in its shakedown efforts!
Meanwhile, Apple can't stop padding itself on the back for just how awesome and benevolent they are, as they threaten to ram these poisonous terms down the throat of anyone even thinking about taking advantage of the judge's ruling.
I don't believe we've ever seen this level of arrogance from a major tech monopolist in the history of the computing industry. And that's saying something, because we've had to contend with a few! But just read this update of the terms. Bananas.",,,
don-t-wish-it-was-easier-9018b6d7,https://world.hey.com/dhh/don-t-wish-it-was-easier-9018b6d7,2022-11-22,Don’t wish it was easier,"One of the fascinating aspects of the TikTok algorithm is its ability to connect similarities from alien domains, and thus feed you more of what you’ve liked, but from an alternate angle. This brain hack is of course part of the addictive nature of TikTok, but it also occasionally unearths compelling connections you didn’t even know existed. 
I noticed this recently after clearly having tought the algorithm that I enjoyed Stoic quotes by lingering on those videos. So it first showed me Jim Rohn’s self-help version of embracing fate:
Don’t wish it was easier, wish you were better.
Don’t wish for less problems, wish for more skills.
Don’t wish for less challenges, wish for more wisdom.
What a wonderful way to combine the Stoic principles of amor fati (love your fate) and the separation of what you can control (getting better!) from what you can’t (what the world throws at you!).
Then, almost immediately after, and perhaps because I had let Rohn’s word loop a couple of times as I soaked in his articulation, I got this #christiantiktok version:
I asked for strength and god gave me difficulties to make me strong.
I asked for wisdom and god gave me problems to solve.
I asked for courage and god gave me dangers to overcome.
I asked for love and god gave me troubled people to help.
My prayers were answered.
So many of the most profound truths of life have been independently discovered by a great many thinkers from many great traditions over millennia. And some of them will find us in between cute puppies, silly dance videos, and crass humor on a Chinese video app. Majestic!",,,
google-s-sad-ideological-capture-was-exactly-what-we-were-trying-to-avoid-67fad361,https://world.hey.com/dhh/google-s-sad-ideological-capture-was-exactly-what-we-were-trying-to-avoid-67fad361,2024-03-08,Google&#39;s sad ideological capture was exactly what we were trying to avoid,"The Gemini AI roll out should have been Google's day of triumph. The company made one of the smartest acquisitions in tech when they bought DeepMind in 2014. They helped set the course for the modern AI movement with the Transformer paper in 2017. They were poised to be right there, right at the fore font of a whole new era of computing. And then they blew it.
 
If it wasn't all so terribly dark and sad, it would actually be funny. Rendering George Washington as a Black man. Equivocating on whether Musk's memes are worse or not than actual, literal Hitler. Oh, and defending pedophilia. Yeah, the Gemini launch had it all. Like a risqué stand-up comic shocking her audience for effect. Except, Gemini wasn't joking.
 
In pictures and texts, it ironically made the point of the ""AI safety"" crowd incredibly well, but in the opposite direction. The threat from AI will come less from ""perpetuating existing biases in the world"" and more from ""injecting the biases and ideology of its overseers"".
 
How on earth Google could release something so twisted, so wrong to the world? The company's executives, as well as Google co-founder Sergei Brin, tried to brush it off as ""bugs"", but few people bought that story. It seemed more likely that Gemini was working just fine by the company's muddle Google AI Principles. A set of principles that unapologetically puts social justice and anti-bias instincts as prime directives #1 and #2. While failing to even mention ""accuracy"" or ""usefulness"".
 
But this part of the story has already been diagnosed to death. Gemini was a catastrophic, confidence-shattering launch. It also caused Google's stock price to take quite the dive. Presumably because it called into question whether all of those investments and years of research will ultimately be squandered on a futile search for cosmic justice. Investors are right to worry.
 
The part that's even more fascinating to me than the hilarious broken product is what kind of organization could possibly design and release such an abomination to the world. The answer came courtesy of a Pirate Wires report this week. It's shocking reading. Even if you've paid attention to the institutional capture by the social justice/woke/whatever ideology that peaked from 2020-2022.
 
While the rest of tech has started to return to sanity on this issue, Google clearly has not. It appears completely captured and paralyzed by this stifling ideology. An asylum run entirely by its most deranged inmates, holding everyone else captive. Even its founder duo, who seem either incapable or unwilling to act to restrain it.
 
But I can totally see how they got there. How Sergei and Larry could feels like it's too late, too hard, too painful to deal with the cultural capitulation. Because that's almost how Jason and I felt at times prior to April 2021, when some of the same forces and sentiments were spreading inside our own company.
 
The Pirate Wires report was entitled ""Google's Culture of Fear"", and that's exactly what it felt like at times at our company leading up to April 2021. That the ship was being forced in a bad direction, by bad actors, with bad ideas, but that if you were going to question the compass, there'd be hell to pay. Both internally and externally. You were going to be called names. Accused of horrible things. And, really, do you want to deal with all that right now? Maybe it'd be easier to just let dragons lie.
 
But the problem with ideological dragons like this is that they're never content with the political scalps or capital accumulated. There's always a hunger for more, more, more. Every little victory is an opportunity to move the goal posts further north. Make ever smaller transgressions punishable by ostracization and shame. Label even bigger swaths of normal interactions and behaviors as ""problematic"". It just never fucking ends.
 
That is unless you say ""enough"". Enough with the nonsense. Enough with the witch hunts. Enough with the echo chamber.
 
That's what we did at our company in April of 2021, and it hurt like hell for a couple of weeks. And that was at a small software company with no board or investors. I can't even imagine how it would have gone then if we'd had either of those. Good odds that they'd buckled under the pressure, and Jason and I would have been pushed out in a futile attempt to appease the mob.
 
So I totally get why Sergei and Larry might have more than a little trepidation about rocking the boat. Google appears to be so deeply captured at this point, the rot has been left to fester for so long, that it's going to be extraordinarily painful to correct now.
 
On the other hand, there's more cover. The worst of the woke scourge has indeed passed in tech. Plenty of other companies have now dismantled their DEI bureaucracies or made them a shadow of their former might. It is possible to reverse course, and it's infinitely easier to do so in 2024 than it was in 2021. But it's still a motherfucker.
 
If I were a betting man, I'd bet it's going to happen, though. Maybe not as spectacularly and decisively as we did it at our company, with one clean cut. But gradually, like most major corporations have wound down the woke excesses while pretending it's all just a correction for ""over hiring"".
 
What's clear to me is that addressing this is existential to Google. Just like it was existential for us. If you follow these bad ideas to their logical conclusion, you end up with worse than useless products. You end up with a search engine that wants to lecture people rather than finding the facts. There's no mainstream market for such a bullshit product in the long run.
 
Eventually the market will force the correction. But Google is a very rich company. It could coast on the fumes of its former glory for a long time. Let's hope that there's more than an empty, hollowed out shell of a company left by the time they get this right and return to sanity.
 
I never thought I'd say this, but I'm actually rooting for Google on this one. Big tech is a game of thrones, and all us mere peasants are better off when the big powers all counter each other in a variety of ways. We need a stronger Google to counter a strong Apple and a strong Microsoft.
 
So. Hard choices, easy life. Easy choices, hard life. We made some incredibly hard choices in April of 2021. We've lived a comparably very easy life on that vector ever since we finished the cleanup. Sergei and Larry, you guys can do it too. But you have to want to do it. You have to want Google to be relevant in AI. You have to want to make the world's information accessible and useful again, without the ideological nonsense. Vamos!
If it wasn't all so terribly dark and sad, it would actually be funny. Rendering George Washington as a Black man. Equivocating on whether Musk's memes are worse or not than actual, literal Hitler. Oh, and defending pedophilia. Yeah, the Gemini launch had it all. Like a risqué stand-up comic shocking her audience for effect. Except, Gemini wasn't joking.
In pictures and texts, it ironically made the point of the ""AI safety"" crowd incredibly well, but in the opposite direction. The threat from AI will come less from ""perpetuating existing biases in the world"" and more from ""injecting the biases and ideology of its overseers"".
How on earth Google could release something so twisted, so wrong to the world? The company's executives, as well as Google co-founder Sergei Brin, tried to brush it off as ""bugs"", but few people bought that story. It seemed more likely that Gemini was working just fine by the company's muddle Google AI Principles. A set of principles that unapologetically puts social justice and anti-bias instincts as prime directives #1 and #2. While failing to even mention ""accuracy"" or ""usefulness"".
But this part of the story has already been diagnosed to death. Gemini was a catastrophic, confidence-shattering launch. It also caused Google's stock price to take quite the dive. Presumably because it called into question whether all of those investments and years of research will ultimately be squandered on a futile search for cosmic justice. Investors are right to worry.
The part that's even more fascinating to me than the hilarious broken product is what kind of organization could possibly design and release such an abomination to the world. The answer came courtesy of a Pirate Wires report this week. It's shocking reading. Even if you've paid attention to the institutional capture by the social justice/woke/whatever ideology that peaked from 2020-2022.
While the rest of tech has started to return to sanity on this issue, Google clearly has not. It appears completely captured and paralyzed by this stifling ideology. An asylum run entirely by its most deranged inmates, holding everyone else captive. Even its founder duo, who seem either incapable or unwilling to act to restrain it.
But I can totally see how they got there. How Sergei and Larry could feels like it's too late, too hard, too painful to deal with the cultural capitulation. Because that's almost how Jason and I felt at times prior to April 2021, when some of the same forces and sentiments were spreading inside our own company.
The Pirate Wires report was entitled ""Google's Culture of Fear"", and that's exactly what it felt like at times at our company leading up to April 2021. That the ship was being forced in a bad direction, by bad actors, with bad ideas, but that if you were going to question the compass, there'd be hell to pay. Both internally and externally. You were going to be called names. Accused of horrible things. And, really, do you want to deal with all that right now? Maybe it'd be easier to just let dragons lie.
But the problem with ideological dragons like this is that they're never content with the political scalps or capital accumulated. There's always a hunger for more, more, more. Every little victory is an opportunity to move the goal posts further north. Make ever smaller transgressions punishable by ostracization and shame. Label even bigger swaths of normal interactions and behaviors as ""problematic"". It just never fucking ends.
That is unless you say ""enough"". Enough with the nonsense. Enough with the witch hunts. Enough with the echo chamber.
That's what we did at our company in April of 2021, and it hurt like hell for a couple of weeks. And that was at a small software company with no board or investors. I can't even imagine how it would have gone then if we'd had either of those. Good odds that they'd buckled under the pressure, and Jason and I would have been pushed out in a futile attempt to appease the mob.
So I totally get why Sergei and Larry might have more than a little trepidation about rocking the boat. Google appears to be so deeply captured at this point, the rot has been left to fester for so long, that it's going to be extraordinarily painful to correct now.
On the other hand, there's more cover. The worst of the woke scourge has indeed passed in tech. Plenty of other companies have now dismantled their DEI bureaucracies or made them a shadow of their former might. It is possible to reverse course, and it's infinitely easier to do so in 2024 than it was in 2021. But it's still a motherfucker.
If I were a betting man, I'd bet it's going to happen, though. Maybe not as spectacularly and decisively as we did it at our company, with one clean cut. But gradually, like most major corporations have wound down the woke excesses while pretending it's all just a correction for ""over hiring"".
What's clear to me is that addressing this is existential to Google. Just like it was existential for us. If you follow these bad ideas to their logical conclusion, you end up with worse than useless products. You end up with a search engine that wants to lecture people rather than finding the facts. There's no mainstream market for such a bullshit product in the long run.
Eventually the market will force the correction. But Google is a very rich company. It could coast on the fumes of its former glory for a long time. Let's hope that there's more than an empty, hollowed out shell of a company left by the time they get this right and return to sanity.
I never thought I'd say this, but I'm actually rooting for Google on this one. Big tech is a game of thrones, and all us mere peasants are better off when the big powers all counter each other in a variety of ways. We need a stronger Google to counter a strong Apple and a strong Microsoft.
So. Hard choices, easy life. Easy choices, hard life. We made some incredibly hard choices in April of 2021. We've lived a comparably very easy life on that vector ever since we finished the cleanup. Sergei and Larry, you guys can do it too. But you have to want to do it. You have to want Google to be relevant in AI. You have to want to make the world's information accessible and useful again, without the ideological nonsense. Vamos!",,,
may-shopify-s-immunity-spread-to-the-whole-herd-7bd855ce,https://world.hey.com/dhh/may-shopify-s-immunity-spread-to-the-whole-herd-7bd855ce,2022-11-29,May Shopify&#39;s immunity spread to the whole herd,"I've lost count of how many times various groups have tried to cancel Shopify over some store they didn't like. But I do remember the first big one. The fight over the Breitbart merchandise store. It involved mass-media attention for weeks, a Twitter hashtag, 200,000 signatures gathered, and ripples across the tech ecosystem. Yet Shopify's leadership held the line, and withstood the immense pressure to compromise its common carrier principle. That was not cheap, especially in 2017, but in the years that have followed, it has proven priceless.
Because now we're back at it again. The same trite argument of transitive guilt is leveled against the company for refusing to shutdown a store owned by Libs of TikTok, a political enemy of the agitators. The store in question sells merchandise with political slogans, none of which violate Shopify's acceptable use policy. Just like was and remains the case with the Breitbart store.
So this latest cancelation drive is following the same failed path that was first attempted five years ago. The only novel element is that there's a new buzzword available to chant along the way: Stochastic terrorism. Which is really just a fancy term for the nonsense accountability leap that ""your political speech is directly responsible for violent outcomes that third parties might commit later"".
It doesn't seem like this new scientific-sounding buzzword is doing much to arrest the continuing decline in effectiveness of these cancelation tactics, though. Perhaps because American society at large seems to be getting tired of the extremists. Whether they be election deniers or woke scolds.
But perhaps also because enough companies like Shopify have developed organizational antibodies to fight off new cancelation attempts cultivated in the same stale ideological petri dish.
See, Shopify didn't just ""live to tell"" about their original refusal to back down from their common carrier principle, they thrived! They vastly expanded their market, they grew their stock valuation manyfold, and they've had no trouble attracting new customers or talent since.
We've seen the same dynamic with other high-profile cancelation targets who've become more and more impervious to the ridiculous demands of hysterical activists. In entertainment, think of Dave Chappelle or Joe Rogan. Both have survived so many attempts that they're practically immune now.
That's the anti-fragile progression here. The more companies or individuals that survive and thrive after being chased for ideological cancelation, the stronger the overall societal immune system will be to protect future targets. And the easier it becomes for everyone else to shrug and tune out the latest attempt.
Good thing too. It would be a dystopian dark road to travel, if we were to segregate all forms of commerce along political fault lines. If we needed a Shopify for the left-wingers and a Shopify for the right-wingers. If we had to gauge all our commercial relations on whether we approved of the political convictions held by other customers of our vendors. What an exhausting selection process it would be indeed!
And I think that's why the general public have begun to just ignore this nonsense. Even people who have no sympathy for Breitbart or Libs of TikTok can recognize that Shopify is simply an awesome platform that serves stores from across the political spectrum (and, thankfully, even more outside of it!). They don't have to love or agree with all the customers on this platform. Just like they don't have to love or agree with everyone who buys the same car as them, the same phone as them, or eat at the same restaurant as them.
I also think most people have a basic appreciation that if service companies are pushed to vet all customers for political beliefs, the day may soon come where service is denied them because of their views. And where does that end?
So bravo to Shopify for holding the line for the last five years. May the immunity they've developed against the virulent obsession with denying political enemies the right to transact or transmit spread to the whole herd.
Because now we're back at it again. The same trite argument of transitive guilt is leveled against the company for refusing to shutdown a store owned by Libs of TikTok, a political enemy of the agitators. The store in question sells merchandise with political slogans, none of which violate Shopify's acceptable use policy. Just like was and remains the case with the Breitbart store.
So this latest cancelation drive is following the same failed path that was first attempted five years ago. The only novel element is that there's a new buzzword available to chant along the way: Stochastic terrorism. Which is really just a fancy term for the nonsense accountability leap that ""your political speech is directly responsible for violent outcomes that third parties might commit later"".
It doesn't seem like this new scientific-sounding buzzword is doing much to arrest the continuing decline in effectiveness of these cancelation tactics, though. Perhaps because American society at large seems to be getting tired of the extremists. Whether they be election deniers or woke scolds.
But perhaps also because enough companies like Shopify have developed organizational antibodies to fight off new cancelation attempts cultivated in the same stale ideological petri dish.
See, Shopify didn't just ""live to tell"" about their original refusal to back down from their common carrier principle, they thrived! They vastly expanded their market, they grew their stock valuation manyfold, and they've had no trouble attracting new customers or talent since.
We've seen the same dynamic with other high-profile cancelation targets who've become more and more impervious to the ridiculous demands of hysterical activists. In entertainment, think of Dave Chappelle or Joe Rogan. Both have survived so many attempts that they're practically immune now.
That's the anti-fragile progression here. The more companies or individuals that survive and thrive after being chased for ideological cancelation, the stronger the overall societal immune system will be to protect future targets. And the easier it becomes for everyone else to shrug and tune out the latest attempt.
Good thing too. It would be a dystopian dark road to travel, if we were to segregate all forms of commerce along political fault lines. If we needed a Shopify for the left-wingers and a Shopify for the right-wingers. If we had to gauge all our commercial relations on whether we approved of the political convictions held by other customers of our vendors. What an exhausting selection process it would be indeed!
And I think that's why the general public have begun to just ignore this nonsense. Even people who have no sympathy for Breitbart or Libs of TikTok can recognize that Shopify is simply an awesome platform that serves stores from across the political spectrum (and, thankfully, even more outside of it!). They don't have to love or agree with all the customers on this platform. Just like they don't have to love or agree with everyone who buys the same car as them, the same phone as them, or eat at the same restaurant as them.
I also think most people have a basic appreciation that if service companies are pushed to vet all customers for political beliefs, the day may soon come where service is denied them because of their views. And where does that end?
So bravo to Shopify for holding the line for the last five years. May the immunity they've developed against the virulent obsession with denying political enemies the right to transact or transmit spread to the whole herd.",,,
the-rape-of-britain-610412f8,https://world.hey.com/dhh/the-rape-of-britain-610412f8,2026-06-17,The Rape of Britain,"Rupert Lowe, member of the British Parliament and leader of the Restore Britain party, released The Rape Gang Inquiry yesterday. It details the industrial-scale sexual atrocities committed by predominantly Pakistani Muslims against mostly White British girls in the United Kingdom over decades. It's the stuff of nightmares. 
In fact, it's so grim, so vile, and so dark that I can't in good conscience recommend reading the graphic details directly (even just a summary of the accounts is traumatizing). But at the same time, you can't look away either. The report estimates that 250,000 British girls have been victims of these rape gangs over the decades. It's an unimaginable scale of horrors.
The closest comparison to these accounts is the atrocities committed during times of war, but somehow this seems worse: The terror did not come as a result of losing an armed conflict, but aided and abetted by the national institutions sworn to serve and protect. From the report:
Police forces ignored repeated reports, criminalised victims instead of perpetrators, destroyed evidence, and allowed known rapists to walk free on bail.
Social care services undermined protective parents, placed children in trafficking hubs inside children’s homes, closed cases despite clear indicators of exploitation, and retaliated against whistleblowers.
The NHS recorded genital injuries, multiple sexually transmitted infections in children as young as 13, pregnancies caused by rape, and suicide attempts, yet discharged victims back to
their abusers without safeguarding referrals or trauma care.
Schools observed older men collecting girls at the gates, heard disclosures of rape on school premises, and responded by excluding victims rather than protecting them.
Taxi licensing authorities renewed permits for drivers who formed the logistical backbone of the networks and collapsed in the face of organised protests when basic safety measures were proposed.
But that's the collective, general assignment of complicity. The specific examples are so much worse. I promise I won't haunt you with more, but here's just one example from the report:
When Fiona's mother called the police to report her daughter missing and mentioned a history of abuse by Asian men, the call handler told her: “You can’t describe them as Asian men because that’s racist. You should just be glad your child is being taught a different culture.” On one occasion, a police officer returned Fiona to the house where the abuse was occurring and told the men to “have fun with her.” On another occasion, police instructed the abusers that if they could persuade Fiona to sign herself out of care, the police would stop bothering them.
Now let me touch on two related topics. First, the BBC reported yesterday that trust in traditional media is plummeting in many places, but the fall in Britain has been particularly steep:
The research published on Tuesday suggests that public trust worldwide is at 37%, three points down on this time last year. In the UK, it has fallen by five points to 30% - 20 points lower than 10 years ago.
So in 2016, half of Brits had trust in traditional media, like the BBC. Now that's down to 30%. Grim. So imagine my surprise when I couldn't find a single mention of The Rape Gang Inquiry on the BBC's news site from neither yesterday nor today. You don't have to be Sherlock Holmes to deduce a connection between narrative-driven coverage (and absence of it!) and lower trust.
Second is how the UK wants to track everyone's social media use under the guise of restricting access to those under 16. Which requires every adult to verify they're of age by providing a digital ID, passport, or credit card. Thus ending any hope of anonymity online. All wrapped in Protect The Children dressing.
So a state that not only failed to prevent these sexual atrocities, but in many cases abetted the horrors, now wants to end anonymity online to ""protect children"", so it can prosecute even more regime critics? The same country that leads the world with 12,000 yearly arrests for online speech already? It's painfully on the nose.
It's tragic what the Brits have had and continue to endure. They deserve so much better. Especially these abused children detailed in Lowe's report. And making them wait much longer is a dangerous cocktail.",,,
sitting-down-with-senra-69f5e368,https://world.hey.com/dhh/sitting-down-with-senra-69f5e368,2026-07-26,Sitting down with Senra,"Jason and I have been making the same argument for over a quarter of a century now: Small teams can do incredible things when they embrace their constraints. And when they work in software or media or other intellectual realms, they don't need loads of capital to get going, so they can skip the investor rat race, focus on their edge, and find customers to fund the journey.
With the rise of AI, this argument has never been more potent. When Jason and I got started, you could only do this if you had the skills to build everything with your own hands. You had to be a designer or a programmer to skip taking other people's money. But now, incredibly, The Idea Guy really does have a place and a path.
This old-and-new reality is what I sat down to talk with David Senra about in Malibu. Which was kinda meta, because Senra himself has run our playbook, built an incredible podcast success, and is killing it without investors to answer to as well.
And while it's not just about the money, the money is nice too! That's a central part of this claim. Making ""yellow Lamborghini money"" is far more achievable when it can be done bootstrapping a business to, say, $5–10M/year in revenue. No venture capitalist is going to let you settle for that! They'd rather kill the business than let it stall out there. It's unicorn or bust.
That's their business model. And it's fine, btw! I've actually come to appreciate far more the fruits of these big bets than I did when we got started. The world needs Shopify, Spotify, and SpaceX, to take just three examples of VC-powered success stories starting with S.
But you have to know what you want. If your aspiration is to run a meaningful part of world commerce or send rockets to Mars, I think you should swing for those fences, knowing that the odds are stacked sorely against you. I'm just not that ambitious!
What I am, at times, is obsessed with quality, control, and independence. And we stayed a ""lifestyle business"" primarily because Jason and I shared that obsession. Letting nobody tell us no, having zero expectations to carry but our own, and just focusing on building great software with a small team of superb employees with the best odds we could arrange.
Senra and I talk about this in many different ways. Like how James Cameron's original Terminator movie, shot on a shoestring, is a far superior movie to Avatar because of the constraints. Or how this Polish kid Vaxry was able to make a far more compelling window manager from his dormitory than Apple or Microsoft could do with a trillion-dollar market cap. Constraints provide the pressure that produce diamonds.
But we also talked about the bigger threats to business than just whether you take funding or not. How the early 2020s saw a horde of White Walkers march upon the Wall, and how entrepreneurs of all stripes eventually came to see the common threat to capitalism, prosperity, and self-determination in woke menance. And how Marc Andreessen turned out to be pivotal in our personal battle with these malevolent forces. Fate loves irony!
Anyway, if any of these topics resonate, I think you'll appreciate the episode. It's also less demanding on your time than the Lex marathon from last summer, and you'll only be asked for an hour and a half of your time. Enjoy!",,,
the-faith-of-andrew-tate-a8a4d448,https://world.hey.com/dhh/the-faith-of-andrew-tate-a8a4d448,2022-09-07,The faith of Andrew Tate,"Bitches ain't shit but hoes and tricks
Bitches ain't shit but hoes and tricks
Lick on these nuts and suck the dick
Get's the fuck out after you're done
— ""Bitches Ain't Shit"", Dr. Dre, 1992 [Lyrics | Video]
Dr Dre has 7M followers on Instagram. This 2011 derivative of the song by Tyga has 31M views on YouTube.
I don't love 'em, I fuck 'em
I don't chase 'em, I duck 'em
I replace 'em with another one
You had to see she keep calling me B.I.G
And my name is Jay-Z
She be all on my dick
Gradually I'm taking over your bitch
— ""Is That Yo Bitch?"", Jay-Z, 1999 [Lyrics | Video]
Jay-Z has sold over 140 million records, won 24 Grammy Awards, and is honored in the Songwriters Hall of Fame.
You can't run from me, Kim! It's just us, nobody else
You're only making this harder on yourself!
Ha-ha, gotcha! Go ahead, yell!
Here, I'll scream with you, ""Ah! Somebody help!""
Don't you get it, bitch? No one can hear you!
Now shut the fuck up, and get what's comin' to you!
You were supposed to love me!
Now bleed, bitch, bleed! Bleed, bitch, bleed! Bleed!
— ""Kim"", Eminem, 1997 [Lyrics | Video]
All the characters are still hip hop royalty. Walking red carpets, featuring in elite advertisement, and hosting the Super Bowl.
Good! I can look at these lyrics and go ""yeah, no, not for me"", STILL enjoy other parts of their music, and keep my pearls in the pocket.
But are you telling me that even the worst clips by Andrew Tate exist in a universe entirely different from the lyrics above? Or are we in this particular instance OK claiming ""but that was a different time""?
How about that slippery slope. This unique, terrible, unaccountable power to unperson someone from the entire realm of social media was supposed to be reserved only for unique, terrible dangers. Yet we've gone from Alex Jones in 2019 to Andrew Tate in 2022. Why on earth would you think the ride would stop with Tate? It took just a few years to lower the bar from ""batshit conspiracy theorist harassing Sandyhook parents"" to ""dude whose views on women we find abhorrent"".
Can you see why the formerly honorable ACLU sued the government in 1977 to allow literal nazis to march in Skokie? David Goldberger and his team knew that unless you take a stand for free speech in the cases most people would find repugnant, you'll gradually lose the right altogether. The ACLU unfortunately no longer takes this principled stance, but that doesn't mean we can't be inspired by the giants from the organization's past.
But as usual, the principled discussion is simply getting boiled away, and we're left with the dichotomous bones of ""are you for or against Andrew Tate""? That's been the depressing commentary even in Danish media. A breathless, doe-eyed coverage that centers entirely on whether this influencer is corrupting the moral fiber of the youth. With his crass rants, his expensive cars, his big cigars. Oh Lordy.
Here's Eminem again, from Cleanin' Out My Closet, 2002:
Have you ever been hated or discriminated against?
I have
I've been protested and demonstrated against
Picket signs for my wicked rhymes
Look at the times
Sick as the mind of the motherfucking kid that's behind
All this commotion, emotions run deep as oceans explodin'
Tempers flarin' from parents, just blow 'em off and keep goin'
Not takin' nothin' from no one, give 'em hell long as I'm breathin'
Keep kickin' ass in the mornin' and takin' names in the evenin'
Leavin' with a taste as sour as vinegar in their mouth
See they can trigger me
But they never figure me out
Look at me now
I betcha probably sick of me now
You don't have to like any of Andrew Tate's takes on men, women, wealth, or the world to see that this modern, coordinated unperson campaign against his ""wicked words"" is crazy. It's also likely to be counterproductive. I'd literally never heard of Andrew Tate until he got banned. Now he's everywhere, and has a credible martyr role to drape his spiel in.
Did progressives learn nothing from conservatives trying to ban rap music in the 90s?",,,
closing-the-borders-alone-won-t-fix-the-problems-aca49088,https://world.hey.com/dhh/closing-the-borders-alone-won-t-fix-the-problems-aca49088,2025-03-11,Closing the borders alone won&#39;t fix the problems,"Denmark has been reaping lots of delayed accolades from its relatively strict immigration policy lately. The Swedes and the Germans in particular are now eager to take inspiration from The Danish Model, given their predicaments. The very same countries that until recently condemned the lack of open-arms/open-border policies they would champion as Moral Superpowers. 
But even in Denmark, thirty years after the public opposition to mass immigration started getting real political representation, the consequences of culturally-incompatible descendants from MENAPT continue to stress the high-trust societal model.
Here are just three major cases that's been covered in the Danish media in 2025 alone:
- Danish public schools are increasingly struggling with violence and threats against students and teachers, primarily from descendants of MENAPT immigrants. In schools with 30% or more immigrants, violence is twice as prevalent. This is causing a flight to private schools from parents who can afford it (including some Syrians!). Some teachers are quitting the profession as a result, saying ""the Quran run the class room"".
- Danish women are increasingly feeling unsafe in the nightlife. The mayor of the country's third largest city, Odense, says he knows why: ""It's groups of young men with an immigrant background that's causing it. We might as well be honest about that."" But unfortunately, the only suggestion he had to deal with the problem was that ""when [the women] meet these groups... they should take a big detour around them"".
- A soccer club from the infamous ghetto area of Vollsmose got national attention because every other team in their league refused to play them. Due to the team's long history of violent assaults and death threats against opposing teams and referees. Bizarrely leading to the situation were the team got to the top of its division because they'd ""win"" every forfeited match.
Problems of this sort have existed in Denmark for well over thirty years. So in a way, none of this should be surprising. But it actually is. Because it shows that long-term assimilation just isn't happening at a scale to tackle these problems. In fact, data shows the opposite: Descendants of MENAPT immigrants are more likely to be violent and troublesome than their parents.
That's an explosive point because it blows up the thesis that time will solve these problems. Showing instead that it actually just makes it worse. And then what?
This is particularly pertinent in the analysis of Sweden. After the ""far right"" party of the Swedish Democrats got into government, the new immigrant arrivals have plummeted. But unfortunately, the net share of immigrants is still increasing, in part because of family reunifications, and thus the problems continue.
Meaning even if European countries ""close the borders"", they're still condemned to deal with the damning effects of maladjusted MENAPT immigrant descendants for decades to come. If the intervention stops there.
There are no easy answers here. Obviously, if you're in a hole, you should stop digging. And Sweden has done just that. But just because you aren't compounding the problem doesn't mean you've found a way out. Denmark proves to be both a positive example of minimizing the digging while also a cautionary tale that the hole is still there.",,,
europe-is-weak-and-delusional-but-not-doomed-8b10e7cb,https://world.hey.com/dhh/europe-is-weak-and-delusional-but-not-doomed-8b10e7cb,2025-12-09,Europe is weak and delusional (but not doomed),"The gap between Europe's self-image and reality has grown into a chasm of delulu. One that's threatening to swallow the continent's future whole, as dangerous dependencies on others for energy, security, software, and manufacturing stack up to strangle Europe's sovereignty. But its current political class continues to double down on everything that hasn't worked for the past forty years.
Let's start with free speech, and the €120 million fine just levied against X. The fig leaf for this was painted as ""deceptive design"" and ""transparency for researchers"", but the EU already bared its real intentions when they announced this authoritarian quest back in 2023 with charges of ""dissemination of illegal content"" and ""information manipulation"" (aka censorship).
Besides, even the fig leaf itself is rotten. Meta offers the very same paid verification scheme as X but, according to Musk, has chosen to play ball with the EU censorship apparatus, so no investigation for them. And the citizens of Europe clearly don't seem bothered much by any ""deceptive design"", as X continues to be a top-ranked download across every country on the continent.
But you can see why many politicians in Europe are eager to punish X for giving Europeans a social media that doesn't cooperate with its crackdown on wrongthink. The German chancellor, Friedrich Merz, is personally responsible for 5,000(!!) cases pursuing his subjects for insults online, which has led to house raids for utterances as banal as calling him a ""filthy drunk"".
Germany is not an outlier either. The UK has been arresting over 10,000 people per year since 2020 for illicit tweets, Facebook posts, and silent prayers. France has thousands of yearly cases for speech-related offenses too. No wonder people on X aren't eager to volunteer their name and address when their elected officials crash out over their tweets.
It's against this backdrop — thousands of yearly arrests for banal insults or crass opposition to government policies — that some Europeans still try to convince themselves they're the true champions of free speech and freedom of the press. Delulu indeed.
But this isn't just about the lack of free speech in Europe. The X fine also highlights just how weak and puny the European tech sector has become. Get this: The EU's tech-fine operation produced more income for European coffers than all the income taxes paid by its public internet tech companies in 2024!!
That's primarily because Europe basically stopped creating new, large companies more than half a century ago. So as the likes of Nokia died off, there was nobody new to replace them. In the last fifty years, the number and size of new European companies worth $10 billion or more is alarmingly small:
But even the old industrial titans of Europe are now struggling. Germany hasn't grown its real GDP in five years. The net-zero nonsense has seriously hurt its competitiveness, and its energy costs are now 2-3x that of America and China. This is after Germany spent a staggering ~€700 billion on green energy projects — despite Europe as a whole being just 6% of world emissions. All the while, the EU as a whole sent over twenty billion euros to Russia to pay for energy in 2024.
So cue the talk about security. European leaders are incensed by getting excluded from the discussion about ending the war in Ukraine, which is currently just happening between America and Russia directly. But they only have themselves to thank for a seat on the sidelines. Here's a breakdown of the NATO spending by country:
  
This used to be a joke to Europeans. That America would spend so much on its military might. Since the invasion of Ukraine, there's been a lot less laughing, and now the new official NATO target for member states is to spend 5% of GDP on defense.
But even this target fails to acknowledge the fact that even if European countries should meet their new obligations (and currently only Poland among the larger EU countries is even close), they'd still lag far behind America, simply because the EU is comparatively a much smaller and shrinking economic zone. 
In 2025, the combined GDP for the European Union was $20 trillion. America was fifty percent larger with a GDP of $30 trillion. And the gap continues to widen, as EU growth is pegged at around 1% in 2024 compared to almost 3% for the US.
Now this is usually when the euro cope begins to screech the loudest. Trying every which way to explain that actually Europe is a better place to live than America, despite having a GDP per capita that's almost half.
And on a subjective level, that might well be true! There are plenty of reasons to prefer living in Europe, but that doesn't offset the fact that America is simply a vastly richer country, and that matters when it comes to everything from commercial dominance to military power.
But it's the trajectory that's most damning. In 2008, Europe was on near-parity in GDP with America! But if the 1% vs 3% growth-rate disparity continues for another decade, America will grow its economy by another third to $40 trillion, while Europe will grow just 10% to $22 trillion. Making the American economy nearly twice as large as the European one. Yikes.
These should all be sobering numbers to any European. Whether it's the 10,000 yearly arrests in the UK for social media posts or the risk of an economy that's half the size of the American one in a decade. 
But Europe isn't doomed to fulfill this tragic destiny. It's full of some of the most creative, capable, and ambitious people in the world (like the fifth of US startup unicorns with European founders!). But they need much better reasons to stay than what the EU (and now a separate UK) is currently giving them.
Like drastically lower energy costs to for a competitive industrial base and to power the AI revolution, so best we quickly revive European nuclear ambitions. Like an immigration policy designed to rival America's cherry-picking of the world's best, rather than mass immigration from low-average-IQ regions of net-negative contributors to the economy (and society). Like dropping the censorship ambitions and bureaucratic boondoggles like the DSA. Like actually offering a European internal market for remote labor and a unified stock exchange for listings.
There are plenty of paths to take that do not end in a low-growth, censorious regime that continues to export many of its best brains to America and elsewhere. So: make haste, the shadows lengthen.",,,
the-current-villain-63710982,https://world.hey.com/dhh/the-current-villain-63710982,2022-11-16,The Current Villain,"One of Lefsetz's recurring topics is how music no longer drives culture. There's no longer a shared center. The biggest star of today is someone most of the world have never heard of. With tens of thousands of new tracks hitting Spotify every day, there's just too much volume, too much niche, for anyone ever to break through like the olden days. But humans still need something to come together around, thus: The Current Thing.
The concept of The Current Thing is simple enough. A centering political topic that brings everyone's attention together around a shared narrative. Russiagate, War in Ukraine, a decision from the US Supreme Court, whatever. The Current Thing needn't affect you personally, it needn't be particularly novel, not even singular in its expression of an issue. But it becomes the overwhelming topic for a moment. The thing everyone has to be up on, take a stand on, and preferably chime in with their support of on social media (whether it's for or against).
Watching The Current Thing unfold, then move on, can quickly become tiring once you recognize the pattern. Why this, why now? But at least there's usually some big overarching theme that you can find value in. Perhaps even the meta value of our niche-scattered culture finding a common topic, now that everything else is drifting apart. Although it seems that these days The Current Thing is almost exclusively some critical-theory derivative (utopian ideal -> contrast with imperfect world -> action plan to turn reality into utopia), and less, like in days past, a shared moment of glory: Man walking on the moon, your nation winning in sports, or some new invention.
But worse than the broad category of The Current Thing is the subcategory of The Current Villain. A subcategory that seems to eat more and more of its superset as time goes on. Just think about the number of characters that have occupied The Current Villain spot this year, and for what an absurd range of supposed transgressions: Joe Rogan, for having conversations about Covid. David Chapelle, for making jokes about trans people (and maybe soon again for jokes about jews?). Andrew Tate, for speaking about gender roles and masculinity. Jordan Peterson, for originally objecting to compelled speech. Kayne West, on accusations of anti-semitism. And finally, now, Elon Musk, for – I think? – buying a troubled social media platform and making changes.
Matt Taibbi has an excellent piece comparing this growing thirst for The Current Villain to the puritan witch hunts at the early days of the American colonies. To me, it's also startling how literal the echo of Emmanuel Goldstein from Orwell's too-frequently-quoted book 1984 is. This singular focus on an individual that has to absorb all our hate, our rage, our frustration with reality as we've come to see it.
But the larger intellectual framework that can help us explain what the hell is going on with this accelerating thirst for The Current Villain comes from René Girard. He's famous for his work on mimetic theory, which purports that almost all human behavior is guided by copying others. Specifically copying their desires. That we want what we want because others have it. But it's his work on scapegoating that is so fascinating to the analysis of The Current Villain.
In the book Wanting, Luke Burgis presents Girard's scapegoating mechanism as a process for discharging group tension. It's a defensive mechanism to prevent all-out internal war by placing all blame for whatever predicament that's creating the group tension on a single individual. The scapegoat selection is performed as follows:
The concept of The Current Thing is simple enough. A centering political topic that brings everyone's attention together around a shared narrative. Russiagate, War in Ukraine, a decision from the US Supreme Court, whatever. The Current Thing needn't affect you personally, it needn't be particularly novel, not even singular in its expression of an issue. But it becomes the overwhelming topic for a moment. The thing everyone has to be up on, take a stand on, and preferably chime in with their support of on social media (whether it's for or against).
Watching The Current Thing unfold, then move on, can quickly become tiring once you recognize the pattern. Why this, why now? But at least there's usually some big overarching theme that you can find value in. Perhaps even the meta value of our niche-scattered culture finding a common topic, now that everything else is drifting apart. Although it seems that these days The Current Thing is almost exclusively some critical-theory derivative (utopian ideal -> contrast with imperfect world -> action plan to turn reality into utopia), and less, like in days past, a shared moment of glory: Man walking on the moon, your nation winning in sports, or some new invention.
But worse than the broad category of The Current Thing is the subcategory of The Current Villain. A subcategory that seems to eat more and more of its superset as time goes on. Just think about the number of characters that have occupied The Current Villain spot this year, and for what an absurd range of supposed transgressions: Joe Rogan, for having conversations about Covid. David Chapelle, for making jokes about trans people (and maybe soon again for jokes about jews?). Andrew Tate, for speaking about gender roles and masculinity. Jordan Peterson, for originally objecting to compelled speech. Kayne West, on accusations of anti-semitism. And finally, now, Elon Musk, for – I think? – buying a troubled social media platform and making changes.
Matt Taibbi has an excellent piece comparing this growing thirst for The Current Villain to the puritan witch hunts at the early days of the American colonies. To me, it's also startling how literal the echo of Emmanuel Goldstein from Orwell's too-frequently-quoted book 1984 is. This singular focus on an individual that has to absorb all our hate, our rage, our frustration with reality as we've come to see it.
But the larger intellectual framework that can help us explain what the hell is going on with this accelerating thirst for The Current Villain comes from René Girard. He's famous for his work on mimetic theory, which purports that almost all human behavior is guided by copying others. Specifically copying their desires. That we want what we want because others have it. But it's his work on scapegoating that is so fascinating to the analysis of The Current Villain.
In the book Wanting, Luke Burgis presents Girard's scapegoating mechanism as a process for discharging group tension. It's a defensive mechanism to prevent all-out internal war by placing all blame for whatever predicament that's creating the group tension on a single individual. The scapegoat selection is performed as follows:
Scapegoats are often insiders who are perceived to violate the group’s orthodoxy or taboos. Their behavior makes them appear as a threat to the group’s unity. They come to be seen as cancers or monstrous outsiders who have violated or destroyed the social bonds that hold the group together. Eliminating the scapegoat is the act through which the group becomes unified again.
Nobody is safe from being made into a scapegoat. During a mimetic crisis, perception is distorted.. even the smallest differences are amplified. People project their worst fears onto a scapegoat rather than face the crisis head-on. Nobody wants to pay the price.
If that doesn't describe our current social-media fueled quest for reputational sacrifice, I don't know what does. Especially for characters like Dave Chapelle, Kayne West, or Elon Musk. Individuals who were all seen as insiders in good standing until they violated a taboo, and then became the object of overwhelming animosity, as a mob formed to discharge the unresolved crisis over, say, trans issues or censorship issues.
Burgis' continues:
The scapegoating mechanism does not hinge on the guilt or innocence of the scapegoat. It hinges on the ability of a community to use a scapegoat to accomplish their desired outcome: unification, healing, purgation, expiation. The scapegoat serves a religious function.
Girard's scapegoating mechanism recognizes that the human sacrifices made to dissolve the tension often wouldn't really fix the underlying issue. Frequently, it would just be a release valve, but then the tension would slowly start to build up again, and thus require another sacrificial scapegoat later.
That feels key to understanding the acceleration we're currently living through. The scapegoats barely release any tension any more, especially since the shift from the early day of cancel culture that focused on minor characters with limited power to resist the mob, to major characters who can actually fight back. So the underlying questions on, say, trans or censorship issues remain unanswered and unresolved. Thus mobs form with ever greater frequency and ferocity in ever-more desperate attempts to dissolve the tension and restore unification. But it's just not working, no matter how vicious the prosecution of each campaign becomes, no matter how much the bar is lowered for qualifying transgressions.
So that's the diagnosis, but what's the prescription? How do we get out of this mimetic cycle of scapegoating? Ironically, given Musk's role as The Current Villain, it might just be if we sacrifice the entertainment of the colosseum. If Musk somehow does manage to destroy the worst mimetic amplifier of our day, Twitter, we might see some actual release of tension. At least for a while.
Short of that, Girard offers that the last time we saw a real shift in scapegoating dynamics was when the crucifixion of Christ gave us the perspective of the victim through the gospels of Christianity: ""Let he who is without sin throw the first stone!"".
So I guess all we need to resolve the situation is the second coming of Christ? Let me say a little prayer.",,,
bad-therapy-08849dc9,https://world.hey.com/dhh/bad-therapy-08849dc9,2024-03-31,Bad Therapy,"This book nails it. What it's like to be a parent with school-age children in America right now. So many kids with a diagnosis of one sort or another, so much monitoring of children's every move, so much anxiety over the most trivial things, like the sugar content of a cupcake. Abigail Shrier ties all these threads together into a damning tapestry of well-cited arguments for why much of modern parenting in America is failing the kids it purports to care for so catastrophically.
I simply couldn't put it down. I've read a few parenting books, and I usually have to somewhat dig to find something to take away. But Bad Therapy required no digging. It is unusually dense with eye-opening and deeply resonating take-aways. From its diagnosis to its anecdotes.
It's also depressing. That this is what's become of the modern American childhood experience in so many places. The almost fully eroded sense of childhood independence, with its moderate dangers and teaching moments. Replaced with cotton-ball cocoons to keep kids from dealing with even the most minor of setbacks themselves. Lest accusations start flying of how somebody, somewhere OUGHT TO HAVE DONE SOMETHING.
It's without a doubt the worst thing about living in America for me at the moment. The hyper-active, hyper-involved parents who have hair-trigger intervention fingers ready to be pulled at the slightest appearance of social discomfort or disharmony. Eager to do calls, follow-ups, and long threads of texting to ""unpack"" whatever happened between so and so in the playground at recess. Placated by administrators and teachers all to eager to assume greater involvement with every living millisecond and millimeter of school life.
Combined with the fact that we, me, us are all complicit. All so easily sucked into it all. I hate it.
Which is how Shrier's book emerges like such an oasis in the middle of a desert of such arid ideas. From ""gentle parenting"", to social-emotional-learning programs, to trauma-me-this-and-trauma-me-that thinking, it's all seemingly spreading everywhere. So this forceful refutation of the lot of it quenches a deep thirst for opposition. And boy does it deliver!
It's delightfully polemic, with pointed and named refutations of the specific intellectuals who are at the center of advancing these bad ideas. It reads like it was written by a writer entirely unafraid of slaughtering the sacred cows of the upper-class zeitgeist. Because it is!
In 2020, Shrier wrote Irreversible Damage, about the dramatic surge in transgender identification, and the medical interventions and experiments that have come with it. It was so controversial that it made one of the leading lawyers at the ACLU, Chase Strangio, tweet that ""stopping the circulation of this book and these ideas is 100% a hill I will die on"". Yikes.
So to say Shrier has been through the cancellation ringer is an understatement of epic proportions. Her first appearance on Joe Rogan's podcast even prompted a fringe of Spotify employees to protest the company's sponsorship of the podcast.
But Shrier made it through. And there is perhaps nothing quite as fortifying as staring down a censorship mob, and then later seeing your testimony confirmed. See the WPATH Files or the NHS' reversal on puberty blockers, as just two examples validating the concerns raised in that book.
No wonder Bad Therapy has instantly become a best seller. Regardless of your parenting approach, I think you'll be forced to think long and hard about it after reading Shrier's book. It's all but ensured to push some buttons in almost everyone. When it does, don't quit it, stick with it.
The message couldn't be more timely. The mental health statistics on kids and young adults today are horrifying. What American parents have been doing for the last twenty-plus years is so resoundingly not working. All the therapy, the accommodations, the pills, and the interventions have failed to produce a generation of happy, independent kids. It's way over due for thee parents, us parents, to go back to drawing board. There's no way the answer is more of the same.
You gotta read it.",,,