shash,genre,years,alt,heading,text
ec5107486196f0d2,belonging_dei,"2021,2022",0.314,Why is belonging important at Google?,Can we create a world where we all belong?
a191e9320ab279fa,belonging_dei,"2021,2022",0.305,Why is belonging important at Google?,"Not all situated the same, but can we create a world in which our shared humanity becomes real?"
6d1285f06884f00f,belonging_dei,"2022,2023",0.292,"In a world where everyone belongs, anything is possible.","POWELL: How do we actually create a world in which our shared humanity becomes real, a world where everyone can belong?"
df1d9fdd4376634f,belonging_dei,"2024,2025",0.267,Explore more of our belonging work,"In 2023 we deepened our global belonging efforts to build a world where belonging is the norm, not the exception."
71c4872bdf642e4a,belonging_dei,"2022,2023",0.251,"In a world where everyone belongs, anything is possible.",JUAN RAJLIN: What we’re trying to create is a culture where literally everyone can reach their full potential.
59b2b2d5ae02ea31,belonging_dei,"2022,2023",0.248,Explore more of our belonging work,A world of belonging includes care for our planet.
6caf20beba1b3cd7,belonging_dei,"2021,2022",0.239,2020 was a year of challenges that had a profound impact on how we work and live.,"We recognize our responsibility to meet this moment and believe the greatest contribution we can make to changing these structural inequities is sustained action within our company, our communities, and the world."
fd711619ef07f7c5,belonging_dei,"2018,2019",0.223,3. Overarching strategy,We seek to embrace diversity and create the conditions for everyone to thrive.
ebe5971e4f3b5478,belonging_dei,2025,0.222,Shifting the story about how disabled people are represented in marketing and media,"We partnered with actor, author, and advocate Selma Blair to share these resources with the world and shine a spotlight on our shared mission to shift the story about how disabled people are represented in society."
e59a1b8cd82dd728,belonging_dei,"2019,2020",0.221,Conclusion,That’s why in 2019 we challenge ourselves and others to think differently so that we widen pathways to tech.
5f6fd67855d4c052,belonging_dei,2025,0.221,"In a world where everyone belongs, anything is possible.",“Building belonging for everyone means ensuring no one is left out and each person can thrive.”
c4230140ae9552c4,belonging_dei,"2017,2018",0.218,Building a Google that works for everyone,"And while progress will take time, our actions today will determine who we are in the future."
88da6424ace8ffbb,belonging_dei,"2019,2020",0.214,Community inclusion,"Objectives for the event were to build community, share human stories behind the trends we saw in the data, and align on a collective agenda to accelerate change."
2f9b17536fb5503d,belonging_dei,"2022,2023,2024,2025",0.214,"How we’re working to better recruit, hire, and co-create with Googlers with disabilities","We’re actively working to make Google a place where everyone can learn, grow, and have an impact."
855c6170dbc1c6ab,belonging_dei,"2021,2022",0.213,From awareness to action,It’s through collective action that we can make the largest impact on these deep structural issues.
356c08981123474e,belonging_dei,"2021,2022",0.212,2020 was a year of challenges that had a profound impact on how we work and live.,"These issues deeply impacted us all, at Google and around the world, serving as a reminder that systemic barriers still hold too many back."
82c441551a21b931,belonging_dei,2023,0.210,How we’re continuing to show up for communities at work and beyond,"Across Google, we’re sustaining our commitment to building sustainable equity for communities worldwide."
694a8534350242e8,belonging_dei,2020,0.205,2020 Diversity Annual Report,"We’re advancing a diverse, accessible, and inclusive Google where everyone feels like they belong."
33d6c755b451e630,belonging_dei,"2021,2022",0.205,"Building diversity, equity, and inclusion into our workplace, products, and programs is at the heart of creating a more helpful Google for everyone. When we get this right, we ensure that everyone feels like they belong at Google and beyond.","We’re advancing a diverse, accessible, and inclusive Google where everyone feels like they belong."
6479ab984eb5e873,belonging_dei,2024,0.202,"In a world where everyone belongs, anything is possible.",Building belonging for everyone means ensuring no one is left out and each person can thrive.
b69482230f7dbb1f,belonging_dei,"2021,2022",0.190,"Building diversity, equity, and inclusion into our workplace, products, and programs is at the heart of creating a more helpful Google for everyone. When we get this right, we ensure that everyone feels like they belong at Google and beyond.","We will continue to build with and for underrepresented groups where structural and systemic barriers to belonging are the highest, as well as co-create solutions to address racial equity, gender equity, and accessibility with experts and leaders around the world."
ebb3f9425d72a303,belonging_dei,"2019,2020",0.187,Community inclusion,We are scaling the impact of the State of Black Women Summit by empowering ambassadors to run local site programs to build community for Black+ women at Google.
961e269684204609,belonging_dei,2025,0.186,"Building technology, together",We’re designing with communities that are often overlooked so that what we build is truly helpful for everyone.
5e2095788a81cae5,belonging_dei,"2021,2022",0.185,"Building diversity, equity, and inclusion into our workplace, products, and programs is at the heart of creating a more helpful Google for everyone. When we get this right, we ensure that everyone feels like they belong at Google and beyond.","In order to tackle structural inequities we face as a society, we must take a systems-level approach."
7890c77db87b4a3a,belonging_dei,"2021,2022",0.180,What has Google learned?,"Melonie : Yes, I want to make sure that we’re not setting boundaries between the U.S. and outside of the U.S., that we are really co-creating our future together."
ca95d1459c6eed35,belonging_dei,"2020,2021,2022",0.179,"Our approach to diversity, equity, and inclusion","As Google continues to grow, we have a responsibility to scale our diversity, equity, and inclusion initiatives to increase pathways to tech in the communities we call home."
10f434fda9b7f439,belonging_dei,"2018,2019",0.178,2018 overall representation,"This represents the beginning of our exploration of intersectional data in the U.S., and we invite others in the tech industry to join us in a more rigorous examination of this space."
566e3a85a5022330,belonging_dei,2022,0.177,Our work to support the Asian American Pacific Islander community,We’re working to support this community and #StopAsianHate.
da4bf9b51c89be96,belonging_dei,"2019,2020",0.176,Business & product inclusion,"Around the world, Google engineers, designers, and marketers are working to understand the needs of communities who have been underrepresented in tech."
69b159c4f3a5ec3f,belonging_dei,"2019,2020",0.176,2. Data powers progress,We believe that data is an important catalyst for change and indicator of progress—that’s why we publish this report.
11067094e879a95f,belonging_dei,"2017,2018",0.175,Building a Google that works for everyone,Google should be a place where people from different backgrounds and experiences come to do their best work–a place where every Googler feels they belong.
c275890308cf67a6,belonging_dei,2023,0.174,"In a world where everyone belongs, anything is possible.","Belonging is not just critical to our survival, it’s essential if we are to thrive. john a. powell (he/him) Director, Othering & Belonging Institute"
ce5b785a49323956,belonging_dei,2022,0.173,Combat Antisemitism,"We recognize the importance of working together with governments and civil society to tackle these issues, and we have a shared responsibility to promote Holocaust remembrance and combat antisemitism, both online and offline."
f39495eae14dc3ca,belonging_dei,"2018,2019",0.172,From unconscious bias to conscious action,We also want to do more to challenge gender stereotypes in Google’s workplace.
1d9a6260141affb6,belonging_dei,"2022,2023,2024,2025",0.172,How we’re building belonging for the military-affiliated community at Google,We’re working to make Google a place where the military-affiliated community can thrive and grow.
e7e7365cd6793318,belonging_dei,"2014,2015,2016",0.170,Culture and Diversity,"We’ve always wanted Google to be a place that brought together smart, talented people from a diversity of backgrounds, and where you could bring your whole self to work."
680305cf41e06897,belonging_dei,"2021,2022",0.170,Why is belonging important at Google?,Everyone is in the circle of human concern.
73fef167d4f722e1,belonging_dei,"2017,2018",0.169,Building a Google that works for everyone,"These commitments require us to look at bias through a wider lens: at Google, in the industry, and in society."
f807c1ce334bb9d5,belonging_dei,"2019,2020",0.167,Community inclusion,"We hosted 19 global Women Techmakers summits and supported more than 300 community-led meet-ups to empower 25,000 women in the tech industry."
236c065fd9611f95,belonging_dei,"2021,2022",0.166,"Building diversity, equity, and inclusion into our workplace, products, and programs is at the heart of creating a more helpful Google for everyone. When we get this right, we ensure that everyone feels like they belong at Google and beyond.",And we’re excited to build on the goals we’ve set for ourselves such as increasing representation of underrepresented groups by 30% by 2025 and expanding hiring in cities that contribute to a high quality of life for Black+ Googlers all over the world.
1bd145165c9a7359,belonging_dei,"2022,2023,2024,2025",0.166,Pushing for more authentic representation of people with disabilities,Representing people with disabilities authentically and with respect for their full identities is an essential part of building more disability inclusion in the world.
fed58687abf8e910,belonging_dei,2025,0.166,Fostering community and belonging for LGBTQ+ Googlers and allies through employee resource groups,"Since the very beginning, we’ve worked together to make Google a place where LGBTQ+ communities feel welcome and respected – wherever they are in the world."
b4c2f483cf63ed86,belonging_dei,"2022,2023,2024,2025",0.165,Boosting support for spaces of belonging through Google tools and technology,We’re working to celebrate and protect these spaces through our tools.
23bc6302adf269d9,belonging_dei,2025,0.165,"Creating more diverse leadership teams, including historically underrepresented groups, together","In 2020, Google announced a commitment to improve leadership representation of underrepresented groups."
25861477230556cd,belonging_dei,"2022,2023,2024,2025",0.163,Celebrating the impact of the Asian American and Pacific Islander community,We’re celebrating this community for Asian American Heritage Month and beyond through storytelling and initiatives to uplift AAPI small business owners and creators.
44e04a5e855233c4,belonging_dei,2017,0.162,"In 2015, we moved in the right direction.","We’re still not where we want to be when it comes to diversity, but last year, we made progress in our efforts to build a more diverse Google."
68792c111dc6e1e7,belonging_dei,"2018,2019",0.161,Investing in tomorrow’s talent,"This year, in line with our efforts to support the Latinx community, we’re delighted to expand our Google in Residence program to include HSIs."
082bf33f770b700e,belonging_dei,"2018,2019",0.160,Conclusion,"It’s also why we are all committed to accelerating progress, generating equitable outcomes, and ensuring our culture is supportive for everyone."
0a83377803eb2210,belonging_dei,"2018,2019",0.160,Intersection of race and gender,We hope that increased transparency drives change.
98277383b245f467,belonging_dei,"2018,2019",0.160,From unconscious bias to conscious action,We will continue this work to support a fair and equitable Google.
3e5f18fe9dedba13,belonging_dei,"2018,2019",0.158,From unconscious bias to conscious action,This set the stage for our work to increase racial and social equity across Google in 2018.
3c183ccd56019b17,belonging_dei,"2022,2023",0.158,"In a world where everyone belongs, anything is possible.",But we can generate equitable outcomes and give everybody a level playing field.
5183529025304e08,belonging_dei,2025,0.158,"Creating more diverse leadership teams, including historically underrepresented groups, together","We met that goal in 2022 and will continue to build diverse representation, including underrepresented groups, to reflect the diversity of the world around us."
c6587425e5af4ebd,belonging_dei,"2018,2019",0.157,Investing in tomorrow’s talent,"In 2018, we are extending this opportunity to more scholars and faculty to include additional HBCUs and Hispanic-serving Institutions (HSIs)."
2f5d48bbd07c46e0,belonging_dei,"2020,2021,2022",0.155,Build For Everyone,"Google is committed to continuing to make diversity, equity, and inclusion part of everything we do—from how we build our products to how we build our workforce."
5213266880d74678,belonging_dei,2025,0.155,Supporting women in the global technology industry with mentorship and community resources,Shifting the global landscape of work for women and girls is a critical part of how our company – and the tech industry overall – can reach its representation goals.
542647786a6be81d,belonging_dei,"2021,2022",0.154,2020 was a year of challenges that had a profound impact on how we work and live.,"Violent and racist attacks against Asian, Black, and Latinx communities forced the world to reckon with its historic injustices."
85c2827a40ffdb64,belonging_dei,2022,0.154,Our work to support the Asian American Pacific Islander community,"In honor of Asian Pacific American Heritage Month 2021 , we set out to celebrate the rich history of the AAPI community through storytelling and initiatives, including a growing hub , made with help from more than 48 Google Arts & Culture partners, dedicated to Asian American and Pacific Islander experiences ."
6a899b728f16aa90,belonging_dei,2025,0.154,"Melonie Parker, Google employee’s quote","“To build products that help billions of people reach their goals, we’re bringing together talented people from everywhere and empowering them to do their best work.” MELONIE PARKER VP, Googler Engagement “To build products that help billions of people reach their goals, we’re bringing together talented people from everywhere and empowering them to do their best work.” MELONIE PARKER VP, Googler Engagement"
3c906fa884c4f1f0,belonging_dei,"2020,2021,2022",0.152,Build For Everyone,"Operating at this scale brings an elevated level of responsibility to everything we do—including a workforce that's more representative of our users, and a workplace that creates a sense of belonging for everyone."
d23767c6cf26ff62,belonging_dei,"2021,2022",0.152,From awareness to action,"Going forward, we will continue to transparently share our data and progress, and we encourage all companies to do the same."
522d7c6d2edbd43f,belonging_dei,"2022,2023,2024,2025",0.152,Boosting support for spaces of belonging through Google tools and technology,"For LGBTQ+ communities, spaces to belong make a big impact – they’re places of validation, safety, community, and joy."
597cbfa3049aac07,belonging_dei,"2018,2019",0.151,3. Overarching strategy,"We are determined to change our workforce representation numbers, because they reflect the career prospects of real people: Googlers and future Googlers, students, communities, and families."
78152fed52276fa6,belonging_dei,2018,0.151,Our accelerated approach to diversity and inclusion,"When we say we want to build for everyone, we mean everyone."
9b8f3b4188b3e4f4,belonging_dei,"2019,2020",0.151,Google diversity annual report 2019,"When we say we want to build for everyone, we mean everyone."
e6a2777b8d62d4bd,belonging_dei,"2021,2022",0.151,Why is belonging important at Google?,"But if we can begin to listen to each other and hear each other, and then to think about what can we do in terms of our structures, our products, our policies, to actually make this future real?"
0d85856361764cea,belonging_dei,"2022,2023,2024,2025",0.150,Pushing for more authentic representation of people with disabilities,"With the help of LaVant Consulting, we are featuring stories that show how people in the disability community are driving accessibility in the world."
ef921da8866f4d7c,belonging_dei,2012,0.149,Life at Google,"Take me to Life at Google At Google, we don’t just accept difference - we celebrate it, we support it, and we thrive on it for the benefit of our employees, our products and our community."
f57b5afff83fcb72,belonging_dei,"2018,2019",0.149,Investing in tomorrow’s talent,We also invest in future tech talent in under-represented communities.
0acdfc1b6e24b723,belonging_dei,"2018,2019",0.148,Conclusion,"Success is never guaranteed, but this work is fundamental to Google’s mission, and tens of thousands of Googlers are passionately committed to it."
8ee916b3a8cb88c5,belonging_dei,"2021,2022",0.148,Why is belonging important at Google?,"john : When we think about it, everyone has a sense of belonging whether it’s to a family or a community or a church, a synagogue, a mosque, but oftentimes it’s predicated on the notion that we belong and those people don’t."
d77a1f6d96893160,belonging_dei,"2019,2020",0.147,What would it take (for tech to reflect its consumer base)?,"Improving pathways to tech We are building a workforce that reflects the varied backgrounds, communities, and mindsets of our users, and we focus on finding future employees who have been historically excluded from the tech industry."
0115e560806ad7dc,belonging_dei,"2021,2022",0.147,"Building diversity, equity, and inclusion into our workplace, products, and programs is at the heart of creating a more helpful Google for everyone. When we get this right, we ensure that everyone feels like they belong at Google and beyond.","This means mobilizing every aspect of the company — from doubling down on the successful changes we’ve made to hiring, to creating a stronger culture of belonging, to continuing to build products and invest in communities in ways that are truly helpful — in order to drive meaningful and lasting change for everyone."
41d84252815caec0,belonging_dei,2023,0.147,Explore more of our belonging work,We’re making promising momentum on our workforce representation goals and helping Googlers everywhere thrive.
9a2044c70adb63e2,belonging_dei,"2021,2022",0.146,From awareness to action,Racial equity commitments launch to build sustainable equity for Google’s Black community and make our products and programs helpful to Black users.
056240ae14ef75e1,belonging_dei,2017,0.145,,"“A diverse mix of voices leads to better discussions, decisions, and outcomes for everyone.”"
b2babea9564bc37a,belonging_dei,"2022,2023,2024",0.145,Our progress toward gender equity in our workplace,"We’re cultivating community through conferences like Transcend , our first Women of Color Summit, and through our employee resource groups (ERGs) like Women@Google and Trans at Google."
de083caf023adb9b,belonging_dei,2025,0.145,Advancing gender equity in our workplace for Googlers around the world,"We’re cultivating community through conferences like Transcend , our first Women of Color Summit, and through our employee resource groups (ERGs) like Women@Google and Trans at Google."
6aeac3b868d1d762,belonging_dei,"2013,2014,2015,2016",0.144,Life at Google,"At Google, we don’t just accept difference - we celebrate it, we support it, and we thrive on it for the benefit of our employees, our products and our community."
e44694ff448d4566,belonging_dei,"2019,2020",0.144,What would it take (for tech to reflect its consumer base)?,We want to encourage a holistic response to an industry-wide challenge.
66987603213e4cf4,belonging_dei,"2017,2018",0.143,Building a Google that works for everyone,That’s why we continue to support efforts that fuel our commitments to progress.
14952d5628c5fce4,belonging_dei,2025,0.143,Supporting women in the global technology industry with mentorship and community resources,"We’re investing in programs to help women build community, support one another, and harness the power of mentorship – so that when women start careers in tech, they’re also able to stay in those careers."
b717b36b3e4951bb,belonging_dei,"2019,2020",0.142,What would it take (for tech to reflect its consumer base)?,"We also offer the Google in Residence program, where Google volunteers are embedded in 13 HBCU and HSI campuses to teach a computer science curriculum."
a611e081cb51e009,belonging_dei,"2022,2023,2024,2025",0.142,Celebrating the impact of the Asian American and Pacific Islander community,"Here are a few highlights from recent years: Our Asian Pacific American Cultures hub , made in partnership with more than 48 Google Arts & Culture partners, is a growing platform created to celebrate the rich history of the AAPI community and to honor Asian American and Pacific Islander experiences ."
c76472b829509110,belonging_dei,2019,0.141,Our accelerated approach to diversity and inclusion,Google is committed to creating a diverse and inclusive workforce.
1654fe0c721097ad,belonging_dei,2020,0.141,"Making progress on diversity, equity, and inclusion",Google is committed to creating a diverse and inclusive workforce.
ad26d691cb11c04e,belonging_dei,"2021,2022",0.141,"Building diversity, equity, and inclusion into our workplace, products, and programs is at the heart of creating a more helpful Google for everyone. When we get this right, we ensure that everyone feels like they belong at Google and beyond.","In addition to this report, we will share regular progress with Alphabet’s board through transparency reports covering representation, hiring, retention, performance, and promotion equity. 2020 has left us more committed than ever to creating a workplace and world where we all feel a sense of belonging."
7bd4920d8d196f26,belonging_dei,"2018,2019",0.140,From unconscious bias to conscious action,"While Google’s benefits for women are best-in-class, the stereotypes they face in the media, playground, classroom, and at home remain a barrier."
310a0498a32e0e95,belonging_dei,"2022,2023,2024,2025",0.140,Supporting the mental well-being of service members and Veterans through technology and resources,"We are committed to supporting Veterans in mental wellness and recovery, and focusing on creating helpful tools and resources: 1 in 14 Americans is in recovery from addiction."
7411f40b4969c7e1,belonging_dei,2025,0.140,Advancing gender equity in our workplace for Googlers around the world,"Through programs and partnerships, we’re working toward gender parity at all levels – both at Google and across the tech industry."
9e188d7e85cd7d3a,belonging_dei,"2019,2020",0.139,Community inclusion,"We’re hosting a second, expanded State of Black Women Summit in 2019, and applying what we learned to create a Latina summit later this year."
a676490d3ed18abe,belonging_dei,"2022,2023",0.139,"In a world where everyone belongs, anything is possible.",PERNELL CEZAR: We have a role and requirement to do right by the communities that we come from.
adf2d4f8ecb2f67b,belonging_dei,"2022,2023,2024,2025",0.139,How we’re making progress on our representation goals,"As of 2021, we've reached our goal of improving leadership representation of Black+, Latino+, and Native American+ Googlers by 30% , and we're on track to double Black+ representation throughout our U.S. offices by 2025."
79f51e9f82d0fdd2,belonging_dei,2025,0.139,Shifting the story about how disabled people are represented in marketing and media,Actress and advocate Selma Blair with disability inclusion expert Andraéa LaVant We’re working with the disability community to improve the quality of disability representation across marketing and media by leading the way and showing how it’s done.
7c1e457597d64fe7,belonging_dei,"2018,2019",0.138,Google diversity annual report 2018,"While we’re moving in the right direction, we are determined to accelerate progress."
caabfcd3dfef1cfe,belonging_dei,2019,0.137,Our accelerated approach to diversity and inclusion,"We aim to create a workplace that celebrates the diversity of our employees, customers, and users."
bdf4b3d880f486fe,belonging_dei,2020,0.137,"Making progress on diversity, equity, and inclusion","We aim to create a workplace that celebrates the diversity of our employees, customers, and users."
52542116f64a6d15,belonging_dei,"2018,2019",0.136,Investing in tomorrow’s talent,"So we are also deepening our relationships with Historically Black Colleges and Universities (HBCUs) in the U.S., and extending our programs to the Latinx community."
dee99e2ee286d4f9,belonging_dei,"2019,2020",0.136,A quick note about our methodology,We look forward to improving this data collection so in future we’ll have a more inclusive representation of gender.
70879cfa6971ed66,belonging_dei,2017,0.135,Inclusion,We’re ensuring Google continues to be a fair and inclusive place to work for everyone.
6b5e12c45ec54d28,belonging_dei,"2018,2019",0.133,From unconscious bias to conscious action,"So we’ve designed and implemented a series of interactive learning labs, with the aim of expanding racial awareness and explaining the impact of stereotypes for all Googlers from all backgrounds."
a65db822c6f2d6bf,belonging_dei,"2018,2019",0.132,3. Overarching strategy,"Endeavor to attract, develop, progress, and retain more underrepresented talent at all levels of Google’s workforce, reaching or exceeding the available talent pool."
d038fb9e9b4cd0df,belonging_dei,"2018,2019",0.132,"2017 attrition index by race/ethnicity, U.S.",So we are accelerating efforts to ensure all Googlers—and in particular those from underrepresented groups—experience Google as an inclusive workplace.
afb71e8836281b4b,belonging_dei,"2018,2019",0.131,Intersection of race and gender,We are also using this opportunity to represent the experience of multiracial individuals.
9807409202f3f1c7,belonging_dei,2019,0.130,Fostering inclusion for all,"Last year over 5,100 Googlers participated in Google’s annual global Accessibility Week."
d7d91a53ecd130dd,belonging_dei,"2019,2020",0.130,Google diversity annual report 2019,We are committed to a set of goals to increase workforce representation and to create a more inclusive culture.
bbca63052f15bd02,belonging_dei,"2018,2019",0.128,Google diversity annual report 2018,We care deeply about improving workforce representation and creating an inclusive culture for everyone.
f78dc0259f269b1f,belonging_dei,"2023,2025",0.128,Ensuring equity in benefits and healthcare for LGBTQ+ Googlers,We are working to ensure that all Googlers have access to the health resources they need.
eb389ee356542872,belonging_dei,"2019,2020",0.127,What would it take (for tech to reflect its consumer base)?,Google Sandbox connects people from underrepresented communities to career opportunities at Google.
9294989d3234d79b,belonging_dei,"2019,2020",0.127,Conclusion,"Our results in diversity, equity, and inclusion don’t yet match our ambitions."
2f78eb221a742efa,belonging_dei,"2019,2020",0.127,3. Leadership accountability matters,"Progress accelerated this past year, in part because Google's leaders share responsibility for a company-wide goal to foster a representative and inclusive workplace for everyone."
dc9e0c8e31d2bd9b,belonging_dei,"2018,2019",0.126,Fostering inclusion for all,"Here are just a few highlights: Disability Alliance DA promotes awareness of disability, special needs, and neuro-diversity."
1be0f8223ca76b32,belonging_dei,"2019,2020",0.126,Community inclusion,"These principles build on our ongoing commitment to a diverse and inclusive workplace for all, as well as support for education and economic opportunity for women globally."
48c324fac581d648,belonging_dei,"2019,2020",0.126,Employee Resource Groups,HOLA (Hispanic Googlers Network) HOLA (Hispanic/Latinx Opportunities in Leadership and Advocacy) is a community of employees across 24 countries who pursue their passions with an intention of making an impact on the Latinx+ community.
c43f9f8275f9a253,belonging_dei,"2019,2020",0.125,3. Leadership accountability matters,"Before we dive into the data, we want to take a moment to thank the thousands of employees who champion this work and help make meaningful progress towards a more representative and inclusive workplace."
feebf06b377d12af,belonging_dei,2018,0.124,Fostering inclusion for all,"Last year over 1,100 Googlers participated in Google’s annual global Accessibility Week."
502f60087755ce51,belonging_dei,"2022,2023,2024,2025",0.124,Our progress toward gender equity in our workplace,That’s why we’re focused on ensuring fairness throughout the employee lifecycle to help women and gender-expansive people thrive.
aa8a9d4397ad8b9c,belonging_dei,"2019,2020",0.123,Employee Resource Groups,"Women@ Women@ is a global network of more than 15,000 members committed to advancing gender equity at Google and in our world."
16b37be356af6a05,belonging_dei,"2021,2022",0.123,Why is belonging important at Google?,"And so what we’re talking about is belonging without othering, where people belong at multiple levels, but everyone belongs and so no one is other."
7240eed81fd924f0,belonging_dei,"2018,2019",0.122,3. Overarching strategy,"Ensure Google is a workplace where every employee feels welcomed, respected, supported, and valued."
c8cb89e1228bbcc5,belonging_dei,"2019,2020",0.122,Community inclusion,"We more than doubled our global women-focused leadership events for International Women’s Day, bringing more than 300 women leaders together across six events."
156173ee95b23282,belonging_dei,"2018,2019",0.121,Investing in tomorrow’s talent,We’ve made huge strides in improving the diversity of early pipeline talent.
7136213f82620844,belonging_dei,"2019,2020",0.120,1. Systemic change is sustainable change,"Only a holistic approach to these issues will produce meaningful, sustainable change."
bc2990fbef21abca,belonging_dei,"2021,2022",0.119,2020 was a year of challenges that had a profound impact on how we work and live.,"Hear from our Chief Diversity Officer, Melonie Parker; Vice President of Global Sales, Pedro Pina; and University of California at Berkeley’s Director of the Othering & Belonging Institute , john a. powell, on the unique challenges of 2020 and how we’re taking decisive action to make diversity, equity, and inclusion part of everything we do."
5522221620ae387e,belonging_dei,"2019,2020",0.118,Community inclusion,We decided to invite all Black+ women employees from around the world to meet at our headquarters for a State of Black Women Summit.
2d027cf39cdb373b,belonging_dei,"2022,2023,2024",0.118,Our progress toward gender equity in our workplace,"We’ve engaged over 4,000 Google managers and leaders in #ItsUpToMe, an internal allyship campaign to hold them accountable as they craft and reach our diversity, equity, and inclusion goals."
943acfa9be7fc53d,belonging_dei,2025,0.118,Advancing gender equity in our workplace for Googlers around the world,"We’ve engaged over 4,000 Google managers and leaders in #ItsUpToMe, an internal allyship campaign to hold them accountable as they craft and reach our diversity, equity, and inclusion goals."
0fc25860e829fef8,belonging_dei,"2019,2020",0.117,Community inclusion,"On International Women’s Day this year, 120 Women@Google global chapters from 52 countries engaged tens of thousands of employees to discuss career development and programs to improve our culture."
3033cf35d0b74a8b,belonging_dei,"2019,2020",0.116,What would it take (for tech to reflect its consumer base)?,"This course specifically targets young people from underrepresented communities in tech and has welcomed more than 1,600 students over the past 11 years. 92% of the most recent cohort identified as Black+, Latinx+, or women."
5895e1c1dcc476db,belonging_dei,"2018,2019",0.115,Investing in tomorrow’s talent,"Overall, in 2017, we welcomed 96 students from HBCUs to Google, up from 14 students in 2014."
49076699894971ff,belonging_dei,"2018,2019",0.115,3. Overarching strategy,"Third, we are taking a more systemic approach to improve outcomes in workforce representation, and to create an inclusive culture."
992338cff91240c3,belonging_dei,"2018,2019",0.115,Hiring,"There are modest but hopeful signs of success in hiring, where our focus is on reaching greater workforce representation of women globally, and for Black and Latinx Googlers in the U.S."
1ba866448cf2e6a7,belonging_dei,"2018,2019",0.114,Intersection of race and gender,"We want to understand everyone’s experience, including those likely to face the greatest disadvantage."
ecbe661fafc54c7d,belonging_dei,"2019,2020",0.114,Community inclusion,"Intersectionality: The State of Black Women Summit When we reviewed last year’s representation data intersectionally, in combination with employee sentiment, we saw Black+ women were not experiencing Google as positively as other groups."
78dcf27069c3318d,belonging_dei,2007,0.113,,"Googlers are bright, passionate people with diverse backgrounds, coming together to create a unique culture."
d523fd9aedb734a1,belonging_dei,"2021,2022",0.113,From awareness to action,"A few years after our founding we began to focus on finding solutions to the longstanding challenges of diversity, equity, and inclusion (DEI) in the workplace."
a799f55a836873f4,belonging_dei,"2019,2020",0.112,What would it take (for tech to reflect its consumer base)?,These are just some of the investments Google makes to increase access and opportunity for those from backgrounds that have historically been excluded from the tech industry.
09e43a26eb6bab8f,belonging_dei,"2021,2022",0.112,From awareness to action,"Today, we publish one of the largest sets of diversity data in the industry and transparently share our learnings with the world."
deb757cd069f2078,belonging_dei,"2019,2020",0.111,Community inclusion,"Our Women@Google Employee Resource Group also runs mentorship programs, community-building events, and speaker series to create visibility and inspire female role models."
45c2cc3e952ef394,belonging_dei,"2021,2022",0.111,What has Google learned?,"We have to be systemic in the way we address systemic issues, and that’s why I think this is a long process."
33380e9f3ba173b2,belonging_dei,"2022,2023,2024,2025",0.111,Pushing for more authentic representation of people with disabilities,"We worked with Disability:In to create specific guidelines for eliminating stereotypes in representations of people with disabilities , and share these insights in the hopes of driving progress in the industry overall."
7c88cd73406053ad,belonging_dei,"2019,2020",0.110,Community inclusion,"At Google, we want to help celebrate the spaces and businesses that are accepting of their customers, regardless of sexual orientation or gender identity."
95b8d1ea02c2d32c,belonging_dei,"2019,2020",0.110,Community inclusion,Community inclusion is the work of building strong networks that help all communities thrive both inside and outside Google.
8b7f92dfe43667db,belonging_dei,"2021,2022",0.110,What has Google learned?,"Systemic biases and systemic racism manifest not in so much big moments, but also in small moments."
99f856bf335e3c1d,belonging_dei,"2022,2023,2024,2025",0.109,Celebrating the impact of the Asian American and Pacific Islander community,We worked with Gold House to help launch its A100 list of the most impactful AAPI talent with a film highlighting search trends like “Asian representation.” YouTube’s Asian Pacific American Heritage Month playlist features videos from Asian and Pacific Islander creators and artists.
3ace3557661df10d,belonging_dei,2025,0.108,Driving groundbreaking research,We’re working with experts and researchers with deep expertise and cultural context of the communities we’re designing for.
09b59d1ecad97e7d,belonging_dei,"2019,2020",0.106,1. Systemic change is sustainable change,"We must continue our work to expand the talent pool externally, and improve our culture internally, if we want to create equitable outcomes and inclusion for everyone."
8d4aadbbf869224b,belonging_dei,"2021,2022",0.106,2020 was a year of challenges that had a profound impact on how we work and live.,"This report details five key insights we’ve realized this year — successes and challenges — and the concrete actions we’re taking to build diversity, equity, and inclusion into everything we do."
d73a9af27d9c50a1,belonging_dei,"2022,2023,2024,2025",0.106,"How we’re working to better recruit, hire, and co-create with Googlers with disabilities","Here are a few ways we’re doing it: Launched a new careers site to better recruit people with disabilities, including information about workplace accommodations Created a training on Disability Fundamentals for managers at Google, then partnered with Disability:In to make the course available to their partner companies."
ce211974f1b05bc8,belonging_dei,"2022,2023,2024,2025",0.106,"How we’re working to better recruit, hire, and co-create with Googlers with disabilities","Cultivating community through Disability Alliance , our internal employee resource group (ERG), which was named ERG of the Year 2020 by Disability:IN Joined the Valuable 500 as one of 14 iconic companies, working to “co-create solutions which will transform the business system to be more inclusive of people with disabilities.”"
dc6a24af5b83051d,belonging_dei,2023,0.105,"In a world where everyone belongs, anything is possible.","We’ll learn lessons, which we can then combine to build something that really works for everyone."
2ee501db785d8fc1,belonging_dei,"2019,2020",0.104,Business & product inclusion,"When communities are underrepresented in our workforce, they can be underserved by our products."
461797de64e4c208,belonging_dei,"2018,2019",0.102,Conclusion,"Google’s workforce data demonstrates that if we want a better outcome, we need to evolve our approach."
240f25574d5dff7c,belonging_dei,"2019,2020",0.102,Employee Resource Groups,"Inter Belief Network Inter Belief Network became a formal Employee Resource Group this year to promote a diversity of beliefs, compassion, and mutual respect for all people at Google and to help our products contribute to a peaceful and knowledgeable world."
b15a5f84b6db2ca2,belonging_dei,"2019,2020",0.102,What would it take?,These are the greatest gains in representation for any underrepresented groups since we began reporting.
3ebcb3156c7f4601,belonging_dei,"2020,2021",0.101,Consider a career at Google.,"We want to bring new, diverse perspectives to our workforce."
400c05c5b90f27f7,belonging_dei,"2021,2022",0.101,What has Google learned?,"And I think, john, that’s what you would say is really core to belonging — is that we kind of knit the fabric of the quilt together."
0d788be583c11b45,belonging_dei,"2012,2013,2014,2015,2016",0.100,Life at Google,Google is proud to be an equal opportunity workplace and is an affirmative action employer.
fa30cb53cbbd78f0,belonging_dei,"2018,2019",0.100,Investing in tomorrow’s talent,"This year our internship program welcomes our largest ever cohort from underrepresented backgrounds, with 49% of Google’s global interns identifying as Black, Latinx, and/or women. 8 Yet, it’s important to continue to invest in tomorrow’s talent."
cefa37a600bbf496,belonging_dei,"2019,2020",0.100,Community inclusion,"From a hiring perspective, we are committed to building connections with women in tech from their time in college through their professional careers."
294cb95ab977b9ae,belonging_dei,2025,0.100,Fostering community and belonging for LGBTQ+ Googlers and allies through employee resource groups,"Having earlier spoken out in support of same-sex marriage, in 2010, we extended health insurance and family or medical leave benefits to same-sex partners for Googlers in the U.S."
0363c12cac08232b,belonging_dei,"2018,2019",0.099,Inclusion inside and out,We also encourage our own diverse populations of Googlers to contribute insights to help us create better products for everyone.
bd4cdc6c8fde59be,belonging_dei,"2018,2019",0.098,Fostering inclusion for all,We are proud of Google’s extraordinarily passionate Employee Resource Groups (ERGs).
e6b9093a3558e876,belonging_dei,"2020,2021,2022",0.098,"Our approach to diversity, equity, and inclusion","Through our Employee Resource Groups , Leadership Councils, and Diversity councils, we foster a sense of belonging throughout the company, even while many of us are working from home ."
304b0f8fcec16970,belonging_dei,"2022,2023,2024,2025",0.098,Pushing for more authentic representation of people with disabilities,"In 2021, we also launched All In , our inclusive marketing toolkit, which shares our learnings and ongoing work to improve representation of people with disabilities, as well as other groups who are marginalized by structural inequalities due to their identities."
eef01850591293b4,belonging_dei,"2018,2019",0.097,Fostering inclusion for all,"These groups are led by more than 500 employee volunteers, with 20,000+ Googlers participating as members, which demonstrates the extent of our workforce engagement around diversity and inclusion."
0481582876805888,belonging_dei,"2019,2020",0.097,Leadership hires,"We’re expanding outreach to women leaders in Europe and Asia, and doubling the number of focused leadership events for women globally."
5b403e8a5bd98352,belonging_dei,"2017,2018",0.096,Building a Google that works for everyone,We also know challenging bias–inside and outside our walls–is the right thing to do.
d1be9357e732744b,belonging_dei,"2021,2022",0.094,What are some of the responsibilities Google has?,"Pedro : If we are to be producing services that are for everyone, we need to look at ourselves and we need to see our users in ourselves."
7c1718b6e28079ff,belonging_dei,"2021,2022",0.094,What has Google learned?,"Melonie : But there’s also the reality of standing in the work because the work that we’re doing is structural, and when you stand in the work and you get closer to the root cause of the work, there’s more to be done, because at each step we understand more of what we need to get there and we’re very committed until it gets done."
1eb5aa107c8e8679,belonging_dei,"2022,2023,2024,2025",0.094,Our progress toward gender equity in our workplace,"2020 was our best year yet for hiring women in tech, and we know that equity doesn’t end with hiring."
c6347ba48d3807a7,belonging_dei,"2005,2006,2007",0.093,,"We believe in hard work, a fun atmosphere, and the sort of creativity that only comes about when talented people from diverse backgrounds approach problems from varying perspectives."
fa3843d3d8e603b9,belonging_dei,"2009,2010",0.093,Let’s work together.,"At Google, we understand that our worldwide success results from our globally diverse workforce."
0b03a3feff67b870,belonging_dei,"2017,2018,2019,2020",0.093,How we hire,"There’s no one kind of Googler, so we’re always looking for people who can bring new perspectives and life experiences to our teams."
f0d513ae1250c005,belonging_dei,"2019,2020",0.093,Employee Resource Groups,"These Googler-initiated networks are passionate about promoting diversity, equity, and inclusion at Google."
ea753f9f7fc3535f,belonging_dei,"2018,2019",0.092,Google diversity annual report 2018,"The data in this report shows that despite significant effort, and some pockets of success, we need to do more to achieve our desired diversity and inclusion outcomes."
05159d6e1b27cb24,belonging_dei,"2021,2022",0.092,2020 was a year of challenges that had a profound impact on how we work and live.,"COVID-19 strained well-being and burdened caregivers, many of whom are women."
709dd6201df7da2d,belonging_dei,2025,0.092,Advancing gender equity in our workplace for Googlers around the world,"Internally, we’re focused on ensuring fairness throughout the employee lifecycle to help women and gender-expansive people thrive."
a5b940dd7228fdc1,belonging_dei,2025,0.092,Fostering community and belonging for LGBTQ+ Googlers and allies through employee resource groups,"In 2011, we pioneered transgender-inclusive healthcare benefits to cover transitioning procedures and treatment."
173681ec193f18cf,belonging_dei,"2018,2019",0.091,3. Overarching strategy,"We must also renew our focus on development, progression, and retention, and ensure Google's culture is inclusive for everyone."
da27d2ee796a9464,belonging_dei,"2019,2020",0.091,Community inclusion,"These partnerships allow us to share our research, learn from others, and collaborate across industries to collectively improve the experiences for women in leadership."
45eee8d0ef8c6193,belonging_dei,"2018,2019",0.088,Intersection of race and gender,That’s why we’re releasing our workforce representation data cut by race and gender for the first time.
266036dcdc6089f9,belonging_dei,"2019,2020",0.088,What would it take?,"We’re investing great effort, and we’re improving—but we recognize we have a long way to go."
a3d4f03b628b7846,belonging_dei,1999,0.086,Reasons to work at Google!,"We encourage excellence at all levels in our organization, and are not influenced by race, color, gender, sexual orientation, age, handicap, religion, or any other factor irrelevant to doing a great job."
a2da8cc78cd0d4c9,belonging_dei,2000,0.086,Join Our Team!,"We encourage excellence at all levels in our organization, and are not influenced by race, color, gender, sexual orientation, age, handicap, religion, or any other factor irrelevant to doing a great job."
657153ea8b9e3e63,belonging_dei,"2019,2020",0.085,What would it take (for tech to reflect its consumer base)?,We also conduct outreach at 13 historically black colleges and universities (HBCUs) and 30 hispanic serving institutions (HSIs).
1bcc4825f1266b44,belonging_dei,"2020,2021,2022",0.085,"Our approach to diversity, equity, and inclusion","To support this, we build diversity, equity, and inclusion capabilities among all Googlers from managers and leaders, to front line human resources."
e55a641b15e0e02f,belonging_dei,"2019,2020",0.084,Employee Resource Groups,We are proud to support the Employee Resource Groups (ERGs) that provide additional support and community for underrepresented employees and their allies.
8e94fb4f1279ba2d,belonging_dei,"2022,2023,2024,2025",0.083,Pushing for more authentic representation of people with disabilities,"We’ve officially partnered with LaVant Consulting , a disability-focused strategy and communications firm founded by Andraéa LaVant (she/her), to guide our work in disability representation."
a36b8b1cf52ca22f,belonging_dei,"2017,2018",0.082,Building a Google that works for everyone,We know diversity and inclusion are values critical to our success and future innovation.
5806b9df882f5cb6,belonging_dei,"2019,2020",0.082,Employee Resource Groups,Here are some highlights: Black Googler Network Black Googler Network spans 30 chapters with the aim of supporting the unique needs of the Black+ community both inside and outside of Google.
90aa93667849ff43,belonging_dei,"2020,2021,2022",0.082,"Our approach to diversity, equity, and inclusion","Responsible growth means looking beyond the demands of our industry, to consider how our work impacts the cities, sites, and countries where we operate."
159ebfad84e3d7b9,belonging_dei,"2020,2021",0.082,Looking back. Stepping forward.,Data continues to inform our efforts to lead in building a workforce that represents our users and our world.
df8b981d45281c71,belonging_dei,"2018,2019",0.080,Our accelerated approach to diversity and inclusion,That’s why we’ve embraced a refreshed and accelerated approach to diversity and inclusion.
655c6b152bee9dbe,belonging_dei,"2022,2023",0.080,"In a world where everyone belongs, anything is possible.","PEDRO PINA: If we are to be producing products and services that are for everyone, we need to look at ourselves and we need to see our users in ourselves."
e79123d3d6527059,belonging_dei,2025,0.080,3 Advancing fairness in everything we do,We’re always working to ensure our systems support everyone and our managers are equipped to help every employee thrive.
30cad7c43a1f33ab,belonging_dei,"2019,2020",0.079,Community inclusion,"Over 70% of Black+ women employees attended the summit, which included an honest discussion on our workforce and culture, and a meaningful Q&A session with Google’s CEO, Sundar Pichai."
74276034ade8c207,belonging_dei,"2019,2020",0.079,Intersectional attrition index,We’ll continue to focus on achieving equitable attrition outcomes by creating an inclusive culture where all employees can thrive.
15163175ef23e664,belonging_dei,2025,0.079,Advancing gender equity in our workplace for Googlers around the world,"Here’s how: We’ve sought to provide pay equity for all women employees globally since 2017, and have shared our approach for others to use ."
09e9dfc7e55437f7,belonging_dei,2012,0.077,Why work at Google?,"At Google, we know that every employee has something important to say, and that every employee is integral to our success."
b78c00e126f1786c,belonging_dei,"2019,2020",0.077,Community inclusion,"Women at Google In 2018, we focused on developing, progressing, and retaining women at all stages of their careers."
11f6f64902c42b8d,belonging_dei,"2021,2022",0.077,What are some of the responsibilities Google has?,"Melonie : It’s so important that the lived experiences of every person in our workforce is the same or at parity, and I think it’s so different than taking the approach of equality, which has that broad brush."
c85e9d77320a3c85,belonging_dei,"2022,2023,2024,2025",0.077,How we’re making progress on our representation goals,"We're launching new onboarding programs for all Black Googlers, and doubling down on our commitment to support Googlers of color through expanded mental health resources, and through internal mentorship programs like Stay and Thrive ."
a3f1e386fca3756e,belonging_dei,"2018,2019",0.076,Fostering inclusion for all,"Gayglers LGBTQ+ Googlers have 50 global chapters, and a mission to help attract, recruit, and retain top LGBTQ+ talent."
f7c2d44fe3d614f2,belonging_dei,"2019,2020",0.076,A quick note about our methodology,"This year, we now count multiracial people as a member of all the racial categories they identify with 1 ."
b7f56155e3f53899,belonging_dei,2018,0.075,Our accelerated approach to diversity and inclusion,"To do that well, we need a workforce that’s more representative of the users we serve."
eda6def7239c4d73,belonging_dei,"2019,2020",0.075,Community inclusion,"We scaled Polaris, a cohort program that supports the career development of rising women leaders."
044d9d4f788a5dc3,belonging_dei,"2019,2020",0.075,Google diversity annual report 2019,"To do that well, we need a workforce that’s more representative of the users we serve."
a15589674c20accb,belonging_dei,2025,0.075,Fostering community and belonging for LGBTQ+ Googlers and allies through employee resource groups,"Today, we offer health coverage for all Googlers and their spouses or partners of any gender, nearly everywhere in the world."
25a8e0a9bd9a6c33,belonging_dei,"2022,2023,2024,2025",0.074,How we’re making progress on our representation goals,"We're also focusing on hiring more employees of color in key growth sites , and we're working with external partner organizations and Minority Serving Institutions in order to strengthen pathways to careers in tech for those historically excluded from the industry."
26a187f91c4ad928,belonging_dei,"2023,2025",0.072,Ensuring equity in benefits and healthcare for LGBTQ+ Googlers,All Googlers are entitled to quality healthcare regardless of gender identity or sexual orientation.
bdcd85c3b6e91d74,belonging_dei,"2018,2019",0.071,1. Extending D&I,"First, the responsibility and work to achieve a more diverse and inclusive Google is shifting from a primarily People Operations and grassroots-led model, to one of shared ownership with Google’s most senior leaders."
6925fbdd16f8e99d,belonging_dei,"2019,2020",0.071,Employee Resource Groups,"Disability Alliance Disability Alliance has 15 sub-groups for employees who care about disabilities, learning differences, special needs, or neurodiversity for themselves or a child, relative, or friend."
94eb61b85baccb23,belonging_dei,"2021,2022",0.071,What has Google learned?,"And when we think about the underrepresented Googlers, what does underrepresented really mean across each of the countries that we serve?"
1c9b104de87a93ff,belonging_dei,"2018,2019",0.070,Fostering inclusion for all,"Trans members set up and organized the Trans@ conference, an internal 2-day event that welcomed 50+ trans and allied Googlers globally."
69158dd038264f5f,belonging_dei,"2018,2019",0.070,Fostering inclusion for all,They covered topics ranging from healthcare benefits to promoting understanding of non-binary gender identities.
8687534867c9a83f,belonging_dei,"2019,2020",0.070,Employee Resource Groups,Greyglers Greyglers advocate for the needs of employees and users as they age.
f5223f8bf0c8e780,belonging_dei,"2021,2022",0.070,From awareness to action,"Diversity Annual Report expands to include LGBTQ+, people with disabilities, military and veterans, and non-binary Googlers globally."
b441323a5b1a13d1,belonging_dei,"2022,2023,2024,2025",0.070,"How we’re working to better recruit, hire, and co-create with Googlers with disabilities",Googlers with disabilities make critical contributions across the company.
61939462595d8af2,belonging_dei,"2019,2020",0.069,Community inclusion,We are investing in our relationships with women of color across the tech industry and are also focused on connecting with women leaders in tech.
4071f8267d9469a1,belonging_dei,"2019,2020",0.069,Intersectional attrition index,"* Native American includes Native Americans, Alaska Natives, Native Hawaiian and Other Pacific Islanders as categorized by U.S. government reporting standards Our focus on retaining underrepresented talent drove progress, and we’re pleased to see improvement here."
ea78425dc61eee69,belonging_dei,"2018,2019",0.068,Fostering inclusion for all,"Greyglers Greyglers represents 2,000 older Googlers, and advocates for employees (for example, around retirement benefits) and users (around product accessibility)."
3c761690bc09f676,belonging_dei,"2018,2019",0.068,Conclusion,"That’s why from now on ownership for diversity and inclusion will be shared between Google’s leadership team, People Operations, and Googlers."
7c866e2844533614,belonging_dei,2022,0.068,Explore more of our belonging work,Hiring changes drove our best year yet for women in tech globally and Black+ and Latinx+ people in the U.S.
39b1ec8091ad8b09,belonging_dei,"2022,2023",0.068,Explore more of our belonging work,"We expanded how we help Googlers thrive at work, reaching hiring and retention milestones."
bf1c61267a0c5a8f,belonging_dei,2025,0.068,Fostering community and belonging for LGBTQ+ Googlers and allies through employee resource groups,"Here are a few of the ways we’ve shown up for LGBTQ+ Googlers over the years: In 2003, our very first employee resource group, the Gayglers (later renamed PRIDE at Google), was created by LGBTQ+ Googlers."
1a7e5b8354b7b4b1,belonging_dei,"2019,2020",0.067,Employee Resource Groups,"This year, we saw a nearly 50% increase in employees engaged in Accessibility Week sessions, product demos, tech talks, discussion panels, social events, and awareness activities."
ad2d23b20cac7556,belonging_dei,"2019,2020",0.067,Employee Resource Groups,"The group hosted over 10,000 employees, family, and friends at Pride parades around the globe including Cuba, Bucharest, and Johannesburg."
ea4b03ca031217ce,belonging_dei,"2019,2020",0.067,New demographic data,"However, for the first time, we have introduced a non-binary self-ID approach for gender data."
f4d01c8d3a913777,belonging_dei,"2019,2020",0.067,What would it take?,"Our efforts paid off: the rate of increase in representation tripled for Black+, and quadrupled for Latinx+ groups."
c5dbf54b736751a4,belonging_dei,"2019,2020",0.067,3. Leadership accountability matters,"We work with numerous Employee Resource Groups, driven by passionate employees across our workforce, to improve both the experience of underrepresented groups at Google and our products that impact billions of people globally."
febf124878f12e77,belonging_dei,"2020,2021,2022",0.067,"Our approach to diversity, equity, and inclusion","We are building a robust, diverse talent pool to support our industry’s growth."
ca4bca852d361f09,belonging_dei,2017,0.066,"In 2015, we moved in the right direction.","We’re hiring above our current representation of Blacks and Hispanics, and we increased representation of women in leadership and in technical roles."
a4ed525513c5ca91,belonging_dei,"2019,2020",0.065,Intersectional attrition index,We also recognize the value of an intersectional approach as we consider the best way to achieve fair outcomes across groups.
1e3ac430bf520576,belonging_dei,"2018,2019",0.064,Fostering inclusion for all,Google currently sponsors 20+ ERGs with 250+ chapters across 99 offices and 46 countries.
1eaa04724e032efc,belonging_dei,"2019,2020",0.064,Google diversity annual report 2019,In 2019 for the first time we are publishing data from employees who have chosen to self-identify as LGBTQ+ or as having a disability.
3bcd720872ca8ca6,belonging_dei,2017,0.063,"In 2015, we moved in the right direction.","Of new hires in 2015 were Black, compared to 2% of our current population."
a7d6e1f71ca80dd9,belonging_dei,"2019,2020",0.063,Tech hires,Our focus on hiring more women in tech is having meaningful results.
ee0152e5de4a0bfe,belonging_dei,"2022,2023,2024,2025",0.063,How we’re building belonging for the military-affiliated community at Google,"Here are a few programs and policies that help strengthen the military-affiliated community here at Google: Growing the global military-affiliated community at Google through VetNet: The Google Veterans Network (VetNet) was formed to unify and connect Veterans, service members, military spouses and partners, and civilian allies."
b6730674fdb97047,belonging_dei,"2019,2020",0.062,What would it take?,"For example, we focused on improving representation for Black+ and Latinx+ employees following last year’s Diversity Annual Report."
865b58d89063ebe9,belonging_dei,"2022,2023,2024,2025",0.062,Our progress toward gender equity in our workplace,"We’ve ensured pay equity for all women employees globally since 2017, and have shared our approach for others to use ."
1e3266b3d272c1b7,belonging_dei,"2022,2023,2024",0.062,Our progress toward gender equity in our workplace,"To address issues of inappropriate conduct in the workplace, we overhauled our internal processes and added new care programs for people who report concerns."
b23568d540dbc32d,belonging_dei,2025,0.062,Advancing gender equity in our workplace for Googlers around the world,"To address issues of inappropriate conduct in the workplace, we overhauled our internal processes and added new care programs for people who report concerns."
d6ba0fcd07d7e0b5,belonging_dei,"2018,2019",0.060,From unconscious bias to conscious action,"Last year, we made parental benefits gender-neutral."
796c676848659066,belonging_dei,"2019,2020",0.060,Employee Resource Groups,"Gayglers Gayglers is a global network of LGBTQ+ employees across 50 chapters that seeks to attract, recruit, and retain top LGBTQ+ talent."
71c7d06acbde385c,belonging_dei,"2019,2020",0.060,Employee Resource Groups,"VetNet VetNet provides a Googler support network for military veterans, service members, friends, and family in helping solve challenges in the veteran community."
e949c6ea3671bdc4,belonging_dei,"2019,2020",0.059,Google diversity annual report 2019,"They improve outcomes for our employees, our products, and our users."
b32fee1a50d5f954,belonging_dei,"2022,2023,2024",0.059,Our progress toward gender equity in our workplace,We’ve created internal policies to alleviate stressors that tend to disproportionately impact women.
4cf07dbae53ce789,belonging_dei,2025,0.059,Advancing gender equity in our workplace for Googlers around the world,We’ve created internal policies to alleviate stressors that tend to disproportionately impact women.
7a1a4189a2198022,belonging_dei,"2019,2020",0.058,Community inclusion,"As we look to expand our workforce in the U.S., we have formed a team of recruiters specifically dedicated to hiring veterans to join Google."
a5749e41964a99f5,belonging_dei,"2019,2020",0.056,What would it take?,"Despite those gains, Black+ and Latinx+ representation has only reached 3.3% and 5.7% of our workforce, respectively."
fa1076cb368d93e0,belonging_dei,2000,0.054,Join Our Team!,"Google seeks to hire only the best, and conducts business following the spirit and the intent of the equal opportunity laws."
3e7e930cc8b28b24,belonging_dei,"2018,2019",0.054,3. Overarching strategy,"Our company-wide strategy is anchored in further operationalizing four longstanding commitments: Drive fairness within Google’s processes, as well as in our distribution of resources and opportunity."
3cffbfcc1938cda1,belonging_dei,"2019,2020",0.054,What would it take (for tech to reflect its consumer base)?,About 70% of these interns identify as Black+ or Latinx+.
8f0a0a362645275c,belonging_dei,"2019,2020",0.054,Leadership hires,"Similar to the measures above, we are looking to increase Black+ and Latinx+ leadership hires by matching the available talent pool."
6143fa8e4f4b8b6c,belonging_dei,2025,0.053,Connecting job seekers with in-demand digital skill training,"People from underrepresented groups are far less likely to have access to digital skills training, and this can limit opportunities for career growth."
3c2bd5b01f442b2d,belonging_dei,2025,0.052,Fostering community and belonging for LGBTQ+ Googlers and allies through employee resource groups,"In 2019, for the first time, our Diversity Report included data on the representation of employees who have chosen to self-identify as LGBTQ+, as well as nonbinary genders."
baf674625c218102,belonging_dei,"2018,2019",0.051,Intersection of race and gender,We know various social identities can overlap to influence the amount of bias or disadvantage someone faces.
3fa3ac7ddca6f38c,belonging_dei,"2022,2023,2024,2025",0.051,How we’re building online safety for people marginalized because of their gender,Nearly all forms of online violence disproportionately affect vulnerable groups like women and others who are marginalized due to their gender.
6235050a94e84518,belonging_dei,2017,0.050,"In 2015, we moved in the right direction.","Of new hires in 2015 were Hispanic, compared to 3% of our current population."
50a1173e6051b56e,belonging_dei,"2018,2019",0.050,Hiring,"Since 2014, women hires in tech have increased from 20.8% to 24.5% (+3.7 ppts), which shows that our focus on hiring more women into technical positions is having impact."
4122c6ac31d20900,belonging_dei,"2021,2022",0.050,Why is belonging important at Google?,"When I think about belonging, I think about the different spaces where I’ve been invited into or been the only person who looks like me, but being welcomed in those spaces is something different than being invited."
f85055af0e1cc618,belonging_dei,"2022,2023,2024,2025",0.050,How we’re making progress on our representation goals,"We're driving allyship and holding leaders accountable by incorporating diversity, equity, and inclusion into performance reviews for all vice president+ levels."
f48296bff2b4c70e,belonging_dei,"2023,2025",0.049,Ensuring equity in benefits and healthcare for LGBTQ+ Googlers,"We offer health coverage for all Googlers and their spouses or partners of any gender, nearly everywhere in the world."
d68bd89a7d908b18,belonging_dei,"2019,2020",0.048,New demographic data,"We are also publishing data voluntarily provided by employees along the lines of disability status, LGBTQ+, gender identity, and military experience."
65f251d8f5da1065,belonging_dei,"2019,2020",0.046,Google diversity annual report 2019,"Diversity, equity, and inclusion are business imperatives for Google."
835ec475fb679c33,belonging_dei,"2019,2020",0.045,Employee Resource Groups,"Collectively, more than 25,000 employees actively participate as members of our 16 Employee Resource Groups."
581063c07b80bf39,belonging_dei,"2022,2023,2024,2025",0.045,How we’re making progress on our representation goals,"As we work towards our representation goals, we're focusing on more than just hiring."
339a12d9b6a71a61,belonging_dei,"2021,2022",0.043,What are some of the responsibilities Google has?,"To really go to what’s the unique or customized strategy that’s needed across all of the communities that we serve at Google, across our users, etc. john : And we’ve understood from the very beginning that people who are situated differently, fairness and equality requires you treat them differently."
2162c6d6eb2e8fb0,belonging_dei,"2018,2019",0.041,Fostering inclusion for all,"VetNet VetNet represents Googlers who served, or are actively serving in the military."
7ce0754ea04fd852,belonging_dei,"2019,2020",0.041,What would it take?,"Over the past year, we accelerated progress via leadership accountability, more detailed and intersectional data, and a company-wide strategy pulling in the same direction."
5e1c2b3743cd4ac7,belonging_dei,"2022,2023",0.041,"In a world where everyone belongs, anything is possible.",LUCY PINTO: We know that the starting point is uneven.
54f21b9c55ac9d33,belonging_dei,"2019,2020",0.040,Community inclusion,"We launched new initiatives, including a sponsorship program that pairs high-potential women directors with VPs who provide coaching and advocacy to advance their careers."
9513d4199fbfa7fa,belonging_dei,"2019,2020",0.040,Community inclusion,"The result has been an ongoing conversation about the urgency of improving diversity, equity, and inclusion at senior leadership levels, and specific proposals around retention and talent development within our 2019 strategy."
316e7755151fda35,belonging_dei,"2019,2020",0.038,Leadership hires,This is an area we are prioritizing in 2019 by ensuring all leadership searches include candidates representative of the available talent pool.
7211afcd55abac15,belonging_dei,"2019,2020",0.038,Leadership hires,We also continue to deepen relationships with Black and Latinx executives and professional associations outside Google.
586c7fd951dd00cb,belonging_dei,"2021,2022",0.038,What are some of the responsibilities Google has?,"And so I could be saying we have to pay attention to how people are situated, to look at communities that have been left behind, that have been underfunded, but not to the exclusion of other groups."
92d73ba2e3ce01f7,belonging_dei,"2021,2022",0.036,What are some of the responsibilities Google has?,"The point is that we learn from each other, and part of having people come in is not coming in as guests."
20523c06546b4215,belonging_dei,"2021,2022",0.036,What has Google learned?,"And when we do find that, we are going deeper to figure out localized strategies to the communities to find out what we need to do."
07705d098858db97,belonging_dei,"2022,2023,2024,2025",0.034,How we’re making progress on our representation goals,"Our recruiting leads are working closely with internal groups like the Black Googler Network to improve hiring, progression, and retention for underrepresented groups at Google."
e494e4d3468db6c0,belonging_dei,"2018,2019",0.033,Hiring,Black Googler hires (3.2% of all U.S. hires) remain above current representation (2.5% of all U.S.
4f9d38ba82831941,belonging_dei,"2022,2023,2024",0.032,Our progress toward gender equity in our workplace,"We’ve created targeted career development and promotion programs for women Googlers at every hiring level, from entry-level to director."
961b99b0fa045a63,belonging_dei,2025,0.032,Advancing gender equity in our workplace for Googlers around the world,"We’ve created targeted career development and promotion programs for women Googlers at every hiring level, from entry-level to director."
83e89bbea8be9694,belonging_dei,"2018,2019",0.031,Hiring,"Googlers), and hires of Black Googlers in tech positions increased from 1.9% to 2.0% (+0.1 ppt)."
870486930c93c49f,belonging_dei,"2019,2020",0.031,Employee Resource Groups,"Trans@ Trans@ became a formal Employee Resource Group to advocate for transgender, transsexual, genderqueer, genderfluid, agender, gender variant, intersex, non-binary, and questioning employees as well as allies."
7c4fad50871be713,belonging_dei,"2019,2020",0.030,Employee Resource Groups,"Launched this year, the #YouTubeBlack Brand Summit welcomed decision-makers from top clients and agencies for an advertising inclusion investment program."
8b03f9d480f64c71,belonging_dei,2014,0.028,Employee networks at Google,Diversity is a core part of our business and who we are.
4bdf9ebd3b0dd6a7,belonging_dei,"2018,2019",0.028,Hiring,"In 2017, overall Latinx hires increased to 4.2% (+0.4 ppts), while Latinx hires in non-Tech roles increased to 7.2% (+1.5 ppts)."
bae53ce817bc3c0a,belonging_dei,"2021,2022",0.028,2020 was a year of challenges that had a profound impact on how we work and live.,Those already facing social and economic disadvantages were hit disproportionately hard.
da3f7e26ad848da6,belonging_dei,"2022,2023,2024,2025",0.027,How we’re building belonging for the military-affiliated community at Google,"VetNet members mentor newly hired Googlers, supporting them in the transition to corporate civilian life."
6fa711ca0f872bc1,belonging_dei,"2018,2019",0.024,3. Overarching strategy,Diversity is a business imperative because Google builds for everyone—and diverse teams produce better products and services.
e4b3d8b6d922da43,belonging_dei,"2019,2020",0.023,What would it take (for tech to reflect its consumer base)?,The tech industry cannot meaningfully increase the diversity of its workforce simply by hiring each other’s talent.
db486f50ce96b4fd,belonging_dei,2012,0.022,Ten things we know to be true,"We put great stock in our employees–energetic, passionate people from diverse backgrounds with creative approaches to work, play and life."
ff6d9fb574b5295b,belonging_dei,"2018,2019",0.021,"2017 attrition index by race/ethnicity, U.S.","Put simply, to improve workforce representation we must focus not only on hiring, but also on developing, progressing, and retaining members of underrepresented employees, and creating an inclusive culture."
4388eb49efe72665,belonging_dei,"2018,2019",0.020,"2017 attrition index by race/ethnicity, U.S.","Black Googler attrition rates, while improving in recent years, have offset some of our hiring gains, which has led to smaller increases in representation than we would have seen otherwise."
5b55f67809d4bc66,belonging_dei,"2021,2022",0.019,What has Google learned?,"And one of the ways that we’re trying to get really close to what’s happening locally is by developing country plans, and so we’re looking at not just what each region needs, but what does each country need?"
f3c0cb782bf0f06f,belonging_dei,2025,0.018,Advancing gender equity in our workplace for Googlers around the world,"For example, we expanded our Carer’s Leave from 4 to 14 weeks of paid time away with reimbursement for up to 20 days of caregiver costs."
e5222b6079a37f2a,belonging_dei,"2019,2020",0.016,Google diversity annual report 2019,"We are also looking at the experience of those who have served in the military, as we recognize their unique needs and skills."
f3671b6788a53d55,belonging_dei,"2018,2019",0.015,Fostering inclusion for all,VetNet has done work to improve pay policies and leave for Googlers who still actively serve.
e4ecfac15f181a5b,belonging_dei,"2019,2020",0.014,Leadership representation,"We made gains across underrepresented leadership through external hiring as well as internal development, progression, and retention of talented employees."
f8ec26bb5c633803,belonging_dei,"2021,2022",0.012,What has Google learned?,"Pedro : As much as we like to think about the idea of having a diversity and inclusion and belonging strategy globally, we also understand that the tensions that exist and need to be mended will differ and will change significantly when you look at them on a local level."
30018a33d5a2ea29,belonging_dei,"2018,2019",0.010,From unconscious bias to conscious action,Google’s efforts in this space include a strong focus on pay equity.
474ab3b55cd49d4a,belonging_dei,2017,0.007,"In 2015, we moved in the right direction.","Of employees in leadership positions were women, a 2% increase from last year."
7f4aaa6912408e2f,belonging_dei,"2018,2019",0.007,"2017 attrition index by race/ethnicity, U.S.","Based on employee surveys, we have learned that feeling included is associated with lower attrition for all employees, especially people of color."
6ad966b3700ceabd,belonging_dei,"2021,2022",0.006,What has Google learned?,"You’re shaping their value system, and you realize that the education process is a process full of biases where they all creep in as well."
45046f5cb478cb1b,belonging_dei,"2021,2022",0.005,What has Google learned?,"And then making sure that as Googlers exit our company, are they doing that at parity or are we seeing some groups exiting more than others?"
86fb900360fdc73f,belonging_dei,"2018,2019",0.001,"2017 attrition index by race/ethnicity, U.S.","Equally important, the data shows us that it’s critical to place an intentional focus on knowing and growing our talent from underrepresented groups, including opportunities for sponsorship, visibility, and development; we have a number of initiatives in place to do this."
e443930ea452860d,belonging_dei,"2021,2022",0.001,What has Google learned?,"I think where we’ve done really well is the holistic strategy, that we’ve really integrated across our business to focus on representation."
2d42eebaa852c5e4,belonging_dei,"2021,2022",-0.007,What has Google learned?,"So having leaders locally that understand what kind of representation do they need to have in our local operations in order to develop a truly inclusive culture is absolutely critical, and arming our leaders with that skill set and that capability and that sensitivity is absolutely critical."
af866a5c8ff96451,belonging_dei,"2020,2021,2022",-0.014,"Our approach to diversity, equity, and inclusion","The Equity Programs Team focuses on ensuring parity in how we source and hire Nooglers as well as in performance reviews, promotions, and retention ."
899f6e2c6c013e67,belonging_dei,"2018,2019",-0.027,"2017 attrition index by race/ethnicity, U.S.",We’re working hard to better understand what drives higher attrition and taking focused measures to improve it.
4d1d458c29855011,belonging_dei,"2019,2020",-0.030,Workforce representation,"Because representation is a function of hiring, progression, and retention, our strategy focuses on measurable goals, focused talent development, and an inclusive culture."
919f52fb1ab345a3,belonging_dei,"2021,2022",-0.084,What has Google learned?,"So the very simple formula that says hiring minus attrition, so that we’re really looking at net gains and we’re looking at who we’re hiring, who we’re partnered with to hire, where we’re sourcing our talent."
28aa696c4870c81c,csr_philanthropy,"2020,2021,2022",0.237,"Our approach to diversity, equity, and inclusion",Google.org is committed to philanthropy in support of STEM access for underserved communities.
0916c0ea592551b7,csr_philanthropy,"2020,2021,2022",0.217,"Our approach to diversity, equity, and inclusion","By providing computer science education from primary school through university we are growing the next generation of Black and Latinx tech leaders through programs like CS First , Code Next , and Tech Exchange ."
a40d90607d942910,csr_philanthropy,"2022,2023,2024,2025",0.211,$25M Google.org Impact Challenge for Women and Girls,"In 2021, we launched the Google.org Impact Challenge for Women and Girls , which focused on gender inequity, one of the most urgent challenges we face as a society."
fc075edd46e6cbf7,csr_philanthropy,"2022,2023,2024,2025",0.202,$25M Google.org Impact Challenge for Women and Girls,"The challenge, launched in partnership with Vital Voices and Project Everyone, was an open call to organizations that create pathways to prosperity for women and girls."
458cc7cc86619842,csr_philanthropy,"2019,2020",0.201,What would it take (for tech to reflect its consumer base)?,An example of this is Google.org's $25 million commitment to increase Black+ and Latinx+ students’ access to computer science and artificial intelligence education across the U.S.
30e91a737876d4a1,csr_philanthropy,"2021,2022",0.189,From awareness to action,"By 2020, it has dedicated $104 million in grants and 25,000 pro bono hours to advancing racial equity."
68de7af985b91c0d,csr_philanthropy,"2021,2022",0.188,From awareness to action,Google.org launches a racial justice portfolio.
4a155ab58ec20d78,csr_philanthropy,"2018,2019",0.184,From unconscious bias to conscious action,And it’s why we inspire girls and young women to consider a career in the Tech sector via projects like Made With Code .
ac1c07e816c2a067,csr_philanthropy,"2022,2023,2024,2025",0.184,Celebrating the impact of the Asian American and Pacific Islander community,"As part of our 2021 campaign to honor Asian American Heritage Month and #StopAsianHate, we committed $10 million to organizations fighting for safety, dignity, and equity for the AAPI community."
a90a9da4f5a24eff,csr_philanthropy,"2021,2022",0.183,From awareness to action,"By 2020, it has dedicated $55 million to create economic empowerment for women and girls."
85aabeb4a73c4bca,csr_philanthropy,"2021,2022",0.177,From awareness to action,Google.org launches a gender equality portfolio.
8ae6349264f498cc,csr_philanthropy,"2022,2023,2024,2025",0.165,Helping The Trevor Project support LGBTQ+ youth in crisis,"In 2020, Google.org Fellows assisted The Trevor Project in building an artificial intelligence system that could identify and prioritize high-risk contacts while also reaching more people."
c14ebdc7ad99763e,csr_philanthropy,"2019,2020",0.164,Employee Resource Groups,"The group helped Google celebrate Native American Heritage Month with a Google Doodle, episode on Google’s documentary series, and a CS First program to strengthen computer science in Native classrooms."
ad184485d7186d4a,csr_philanthropy,"2022,2023,2024,2025",0.159,Helping the military-affiliated community build meaningful careers,"Helping trusted military-serving organizations scale their impact through Google.org grants: In 2021, we committed a $10 million grant to help Hiring Our Heroes launch Career Forward ."
6336a75c9bc9b8ab,csr_philanthropy,"2019,2020",0.150,Community inclusion,"Google also signed the Women’s Empowerment Principles from UN Women, which was developed to help organizations advance and empower women in the workplace and beyond."
1b90855208050ddd,csr_philanthropy,"2019,2020",0.148,What would it take (for tech to reflect its consumer base)?,"That’s why we continue to make long-term investments in education, so that we increase pathways to tech for underrepresented groups."
487d868c4a2e0bd4,csr_philanthropy,"2019,2020",0.148,What would it take (for tech to reflect its consumer base)?,At the same time we will deepen our efforts around our educational equity programs—for example with Tech Exchange and Code Next .
689cc1a26529e480,csr_philanthropy,"2022,2023,2024,2025",0.143,Helping the military-affiliated community build meaningful careers,"Since 2015, we’ve committed over $29 million to support the efforts of U.S."
2be10d179a8b91e1,csr_philanthropy,2022,0.142,Our work to support the Asian American Pacific Islander community,"We also recognize the urgency of supporting the physical and psychological safety of this group, which is why we committed $10 million to organizations on the front lines fighting for safety, dignity, and equity for the AAPI community."
8bde9000902467d9,csr_philanthropy,2025,0.142,Supporting LGBTQ+ communities around the world through Google.org,"In the last couple of years, Google.org has allocated millions of dollars in grant money to support LGBTQ+ communities around the world."
902ffd346474ae8f,csr_philanthropy,2025,0.141,Connecting job seekers with in-demand digital skill training,"Here are some of the ways we’re working to close that gap: Tech Equity Collective (TEC), an initiative started by Google employees in the summer of 2020, accelerates Black innovation and representation in tech by bringing together community and industry partners to create programs and experiences that lead to tangible progress for Black tech innovators."
1a1e2670633404d8,csr_philanthropy,"2019,2020",0.140,Community inclusion,"We know that this work is done better in partnership with others, so we engage closely with external organizations like Anita B.Org , UN Women , Black Girls Code (who run a lab inside dedicated Google office space in NYC ), National Center for Women in Technology (to whom we gave dedicated office space in Boulder valued at $1.3M), Lesbians Who Tech , and Stanford Clayman Institute for Gender Research ."
9e8f262a17252824,csr_philanthropy,"2014,2015",0.139,Fortune Names Google the 2014 “Best Company to Work For”,"While we’re honored to be included, what makes us proud is the recognition of the great contributions Googlers make to the communities in which we live and work."
e77237a93aa34ee7,csr_philanthropy,2025,0.138,Supporting LGBTQ+ communities around the world through Google.org,"This includes: $2.7 million and a team of 30 Google.org Fellows in 2021 to use AI to help The Trevor Project scale its LGBTQ+ youth crisis support resources, including expanding its services to more countries starting with Mexico $2 million in grants and $1 million in Ad Grants to help OutRight Action International support LGBTQ+ people affected by the COVID-19 crisis in 2021 Free search ads for Turn2Me in 2022, an Irish nonprofit on a mission to offer safe and timely mental health services online Support for {reprograma} , a training initiative that aims to increase opportunities for Black and transgender women in Brazil’s tech sector"
358e8874ad42f759,csr_philanthropy,"2022,2023,2024,2025",0.127,Helping the military-affiliated community build meaningful careers,"We have pledged $10 million in ad grants over the next five years, to military- and Veteran-serving organizations."
11c89f879d97d79c,csr_philanthropy,"2018,2019",0.122,From unconscious bias to conscious action,Our grant funding supports many organizations that tackle bias; read about them here .
7d45a5900a87ec67,csr_philanthropy,2023,0.119,How we’re continuing to show up for communities at work and beyond,"Our efforts include strengthening workplace onboarding programs, developing entrepreneurial tools and creating economic opportunities for underrepresented groups."
439af9a0d5b78a12,csr_philanthropy,"2018,2019",0.118,From unconscious bias to conscious action,That’s why Google invests in teaching girls and other under-represented groups to code.
fa8673107258089c,csr_philanthropy,"2020,2021,2022",0.116,"Our approach to diversity, equity, and inclusion","We approach this work by building long-term partnerships with educational institutions, policymakers, and community organizations."
86d599d2c65fec30,csr_philanthropy,"2020,2021",0.115,Looking back. Stepping forward.,We’ve made investments to strengthen the diverse communities both within and outside Google.
5bc28157312b2dc7,csr_philanthropy,"2019,2020",0.114,Community inclusion,Events also included giving back to local communities.
dc4bb5036c65fefa,csr_philanthropy,2024,0.114,Relief for Israel and Gaza,Googlers and Google.org have committed more than $8 million to nonprofits providing relief to civilians affected in Israel and Gaza.
332762a65fe9fb16,csr_philanthropy,"2022,2023,2024,2025",0.109,Helping the military-affiliated community build meaningful careers,"As of 2022, we’ve given $800,000 toward organizations including Code Platoon and Student Veterans of America, so they can better connect with those searching for their services on Google."
139f3808025c5654,csr_philanthropy,"2022,2023,2024,2025",0.108,Helping the military-affiliated community build meaningful careers,That’s why we’re working to increase access to portable career credentials and employment opportunities.
7908394c4eba4f1a,csr_philanthropy,"2019,2020",0.107,Employee Resource Groups,Members organized a service trip to Puerto Rico that provided mentoring for 100 small businesses and nonprofit organizations there.
16db9f96c3f08a89,csr_philanthropy,"2019,2020",0.107,Employee Resource Groups,"Among the many programs, the #IAmRemarkable empowerment workshops have accelerated the career progression of 25,000 women both inside and outside Google in 50+ countries."
194b51eb3663985e,csr_philanthropy,"2022,2023,2024,2025",0.107,Helping the military-affiliated community build meaningful careers,"In addition, we’re developing tools and programs to help service members and military spouses and partners prepare for careers in tech and beyond."
2f5c6ed40d5d85b9,csr_philanthropy,"2022,2023,2024,2025",0.107,Helping The Trevor Project support LGBTQ+ youth in crisis,"To support youth in crisis, The Trevor Project offers free, confidential, 24/7 crisis services via phone, chat, and text."
396912891c79572b,csr_philanthropy,2016,0.106,Give back,We value giving back to the community just as much as we value the products we create.
3cef3967ef103059,csr_philanthropy,"2019,2020",0.106,Community inclusion,We also partner with Women in Computer Science chapters across 100+ universities to host 200+ events annually.
ebf8b5f1faed7a55,csr_philanthropy,"2022,2023,2024,2025",0.106,Helping The Trevor Project support LGBTQ+ youth in crisis,"Since 2019, Google.org has provided the Trevor Project with $2.7 million in funding and 20,000 hours of pro bono support from almost 30 Googlers through the Google.org Fellowship ."
d2d2095125d7bf4b,csr_philanthropy,2025,0.105,Supporting women in the global technology industry with mentorship and community resources,"In 2022, over 50 women graduated from the program and joined Google for Startups Accelerator (GFSA) as mentors, resulting in a 22% increase in women mentors in the GFSA pool across Latin America alone."
3494e82e1fc69696,csr_philanthropy,"2022,2023,2024,2025",0.104,How we’re building belonging for the military-affiliated community at Google,"With help from nearly 500 Google volunteers, VetNet has hosted hiring workshops for 1,600+ service members and their families transitioning to civilian life."
f9800827f33932f5,csr_philanthropy,2025,0.100,Supporting women in the global technology industry with mentorship and community resources,"Programs like Mind the Gap , Women Techmakers , #IamRemarkable , and Google for Startups Accelerator for Women Founders provide mentorship and coaching to women in tech at different stages of their careers."
6390ad57660a2284,csr_philanthropy,"2019,2020",0.099,Community inclusion,"For example, we hosted computer science workshops for high school girls and digital skills training for women entrepreneurs."
15c0ec0fe4eb6169,csr_philanthropy,2025,0.099,Connecting job seekers with in-demand digital skill training,"We also partner with the nonprofit Instituto Rede Mulher Empreendedora, which has trained over 200,000 Black Brazilian women in digital skills and entrepreneurship."
8d5d02a747bb051d,csr_philanthropy,2025,0.098,Connecting job seekers with in-demand digital skill training,"In 2022, we launched the Japan Reskilling Consortium , which brings together more than 40 partners from business, local government, and the nonprofit sector to address Japan’s digital skills gap through training and business support."
4074a85ecca2fb90,csr_philanthropy,2025,0.094,Connecting job seekers with in-demand digital skill training,"For example, TEC oversees a $1 million commitment to organizations dedicated to forging career pathways for aspiring Black technical talent."
9dc87187b290cebc,csr_philanthropy,"2019,2020",0.093,Community inclusion,We conduct campus outreach at 9 women’s colleges.
f26249694ee379f4,csr_philanthropy,2025,0.092,Ensuring more inclusive hiring practices for candidates with disabilities around the world,"In 2022, we introduced a new global e-learning program to help hiring managers better assess candidates with disabilities, including neurodivergence."
d6050fcca3593b10,csr_philanthropy,2016,0.090,Give back,We match Googlers’ charitable donations and add donations for hours Googlers work as volunteers.
8426b06018acdda4,csr_philanthropy,"2019,2020",0.090,What would it take (for tech to reflect its consumer base)?,"The funding will go toward addressing the systemic barriers Black+ and Latinx+ students often face, including increasing the number of AP classes in high-poverty or high-minority schools ( currently those schools have 12x fewer AP classes than their low-poverty and low-minority counterparts )."
e7e9509a75cf8a08,csr_philanthropy,"2019,2020",0.088,Community inclusion,"For transitioning service members who are interested in the growing field of IT support, Google.org gave a $2.5 million grant to the United Service Organizations (USO) to provide training and career guidance that will enable USO to incorporate the Google IT Support Professional Certificate into their programming."
ad8bd6c0cef38905,csr_philanthropy,2025,0.088,Supporting women in the global technology industry with mentorship and community resources,"In particular, Women Techmakers Mentor Development Program empowers women in tech to pursue mentorship opportunities through one-on-one coaching, practical mentoring experience, networking, and skill development opportunities."
4b53b7359738d9c3,csr_philanthropy,2025,0.088,Ensuring more inclusive hiring practices for candidates with disabilities around the world,"Created in partnership with Google’s Disability Alliance Employee Resource Group , the program helps participants address their biases and adopt more inclusive approaches to communication etiquette, job descriptions, interviews, and more."
751b881f1f6ad76c,csr_philanthropy,"2022,2023,2024,2025",0.077,Supporting the mental well-being of service members and Veterans through technology and resources,"In hopes of increasing the visibility and availability of resources, our internal military-connected employee group, VetNet , partnered with Code of Support and other Veteran-service organizations to launch Serving Veterans , a wellness hub with mental health resources and a series of personal stories from Veterans on the value of asking for help."
5f626b68232db917,csr_philanthropy,"2022,2023,2024,2025",0.077,$25M Google.org Impact Challenge for Women and Girls,"Thirty-four organizations have been selected and will receive between $300,000 and $1 million in funding, plus opportunities for mentorship and additional support from Google."
9536ca3866d3288d,csr_philanthropy,"2022,2023,2024,2025",0.070,How we’re building online safety for people marginalized because of their gender,The Economist Intelligence Unit (EIU) was commissioned by Jigsaw to study prevalence of online violence against women .
31e704663791d3cc,csr_philanthropy,"2022,2023,2024,2025",0.069,Helping the military-affiliated community build meaningful careers,"The new initiative is training 8,000 service members and their families in transition to the civilian workforce for in-demand jobs through access to Google Career Certificates ."
fb939c19b2e49c5a,csr_philanthropy,"2022,2023,2024,2025",0.069,Helping the military-affiliated community build meaningful careers,"These trusted partners propel the workshops into communities, helping to train nearly 20,000 military members and Veterans so far."
c1be44fbfc898a59,csr_philanthropy,"2018,2019",0.066,Fostering inclusion for all,A dozen Google offices also provide Veterans with career development; serve Military families through the Fisher House Foundation; support Veterans through the Stanford Ignite and 2 to 4 Accelerator programs; and mark our global Veterans’ service and sacrifice year-round.
4be0d8122327e887,csr_philanthropy,"2022,2023,2024,2025",0.064,Helping the military-affiliated community build meaningful careers,"Google for Education offers an Applied Digital Skills collection with tailored lessons, including resume building and workplace skills, helping Veterans maximize their experience and prepare for their new careers."
59c16a6371f1b57d,csr_philanthropy,2025,0.062,Shifting the story about how disabled people are represented in marketing and media,"In 2021, we launched an in-depth accessible marketing playbook to give marketers, advertisers, and all creatives the tools they need to make work that both resonates with people with disabilities and accurately represents the disability community."
e06368d1cb962b8d,csr_philanthropy,"2019,2020",0.053,Community inclusion,"This year we are announcing several tools and resources for transitioning military personnel, military spouses, and veterans."
6cc9eb4a8865a9c2,csr_philanthropy,2025,0.053,Connecting job seekers with in-demand digital skill training,Our Skills Ignition SG training program is helping thousands of Singaporeans and permanent residents get the skills they need for changing technology and a shifting job market.
5e8ec3943f4ebb39,csr_philanthropy,2025,0.051,Shifting the story about how disabled people are represented in marketing and media,"This work builds on All In , our inclusive marketing toolkit, and was created in partnership with disability inclusion experts like Disability:IN, a nonprofit resource for business disability inclusion worldwide, and LaVant Consulting, a disability-focused strategy and communications firm founded by Andraéa LaVant."
42a60f6041e22078,csr_philanthropy,"2022,2023,2024,2025",0.046,How we’re building belonging for the military-affiliated community at Google,"VetNet supports the military-affiliated community and brings more Veterans to Google by providing resume-building, training workshops , and mentorship programs, like its annual Google VetNet Career Week ."
ec8644d1728e53e3,csr_philanthropy,"2018,2019",0.044,Inclusion inside and out,"Google launched a Supplier Diversity Program in late 2014, and since then we’ve spent over $1B 9 with minority-, women-, Veteran-, disabled- and LGBTQ-owned businesses."
3a6a76edb3aa97d4,csr_philanthropy,"2020,2021,2022",0.033,"Our approach to diversity, equity, and inclusion",Grow With Google’s Digital Coaches provide digital skills training and coaching to help Black and Latinx small businesses grow.
50eb87c5c3460501,csr_philanthropy,"2022,2023,2024,2025",0.033,Helping the military-affiliated community build meaningful careers,"Expanding digital skills training for service members and their spouses and partners in transition to the civilian workforce through tools and online workshops: Workshops are available on demand year round in English and Spanish through Grow with Google OnAir and the Grow with Google Partner Program , which includes over 1,000 military- and Veteran-serving organizations across the U.S."
c92a41856fa6c638,csr_philanthropy,"2018,2019",0.029,Inclusion inside and out,"Many of these businesses also use our Grow with Google program, which allows individuals and companies to upskill themselves for free."
59b1b5bb8e949d0e,csr_philanthropy,"2019,2020",0.028,Business & product inclusion,"For example, our Digital Coaches host workshops as part of the Grow with Google program, working with minority- and women-owned businesses that are part of Google's Supplier Diversity program."
0fe773e01ed4d5f2,csr_philanthropy,2025,0.027,Connecting job seekers with in-demand digital skill training,"In Brazil, the Black Ads Academy program offers certifications to equip Black entrepreneurs and professionals with digital marketing skills and knowledge of Google advertising solutions."
6d31684a4c905adb,csr_philanthropy,"2021,2022",0.022,From awareness to action,"Supplier diversity program achieves $1 billion cumulative spend with minority-, women-, veteran-, disabled-, and LGBTQ-owned businesses."
e937fa1180d09e5f,csr_philanthropy,"2019,2020",0.017,Business & product inclusion,"In 2018, Google spent $400 million with businesses owned by people from underrepresented groups 4 ."
b06de5a632454980,mission_scope,2012,0.260,Ten things we know to be true,"Our hope is to bring the power of search to previously unexplored areas, and to help people access and use even more of the ever-expanding information in their lives."
12fee4dfd3fe86bf,mission_scope,2008,0.256,Top 10 Reasons to Work at Google,"Uniting the world, one user at a time."
6941532a987f8052,mission_scope,"2021,2022",0.232,What are some of the responsibilities Google has?,Can we really make it available to all humans in a responsible way?
7e148b5ca50b740e,mission_scope,"2014,2015,2016",0.221,Google: A great workplace for women,"At Google, our mission is to organize the world’s information and make it universally accessible. ..."
243801b8871d5168,mission_scope,2018,0.212,Our accelerated approach to diversity and inclusion,Google’s mission is to organize the world's information and make it universally accessible and useful.
4ab7375630cfcff8,mission_scope,"2019,2020",0.212,Google diversity annual report 2019,Google’s mission is to organize the world's information and make it universally accessible and useful.
793cee29e1f58a98,mission_scope,2021,0.194,Why is belonging important at Google?,Think about it: organizing the world’s information and making it universally accessible and useful.
968453e2f9da9d14,mission_scope,2012,0.188,Ten things we know to be true,And our researchers continue looking into ways to bring all the world’s information to people seeking answers.
186a733cc98b402d,mission_scope,2021,0.180,Why is belonging important at Google?,Pedro : The mission of Google has never been more relevant than today.
d30b4a81819a9337,mission_scope,"2018,2019",0.179,3. Overarching strategy,And it aligns with our mission: to organize the world’s information and make it universally accessible and useful.
55ba75b01f534e74,mission_scope,"2023,2024",0.167,Find your team,"Together, we create access to information and build products for everyone."
3ca1dcb0b8317780,mission_scope,2025,0.163,2 Strengthening our culture of bold and responsible innovation,We work as Team Google - one mission-driven team that solves meaningful challenges for our users while cheering each other on along the way.
aee332f471b0f099,mission_scope,"2021,2022",0.159,What are some of the responsibilities Google has?,john : One of our big issues in the world today is knowledge.
b1dde4efbf2c71bc,mission_scope,2012,0.158,Ten things we know to be true,"Our company was founded in California, but our mission is to facilitate access to information for the entire world, and in every language."
b43f2b4fba7f955c,mission_scope,2012,0.156,Google+,"In June 2011, we introduced the Google+ project, aimed at bringing the nuance and richness of real-life sharing to the web, and making all of Google better by including people, their relationships and their interests."
b1220c0d78f8f06d,mission_scope,"2014,2015,2016",0.151,Do Cool Things That Matter,Googlers solve complex problems everyday in the name of our core mission to organize the world’s information and make it universally accessible to our users.
5f4c0edaf121c1b1,mission_scope,2012,0.139,What we do for the web,"We’re also committed to the open web, so we’re involved in various projects to make it easier for developers to contribute to the online ecosystem and move the web forward."
d5cf86d9e4ab2431,mission_scope,2014,0.123,,"Search volume around the world, visualized on the WebGL Globe Google’s mission is to organize the world’s information and make it universally accessible and useful."
ad3ce5cd314693ba,mission_scope,2004,0.121,,"With more than 82 million visitors every month, Google has become an essential part of everyday life—like a good friend—connecting people with the information they need to live great lives. 2."
3706e6063b4117fa,mission_scope,"2003,2004,2005",0.116,,Google's approach is to foster creativity and cooperation in the pursuit of a common goal: creating the world's best search service .
0859d46a0d4ec5ae,mission_scope,2012,0.116,Ten things we know to be true,"With these tools and the help of volunteer translators, we have been able to greatly improve both the variety and quality of services we can offer in even the most far–flung corners of the globe."
a5df58fbeea49865,mission_scope,2008,0.077,Life at Google,"Google has offices around the globe, from Bangalore to Zurich, but regardless of where we are, we nurture an invigorating, positive environment by hiring talented, local people who share our commitment to creating search perfection and want to have a great time doing it."
556997c3881d6088,mission_scope,2012,0.067,Ten things we know to be true,"Since the beginning, we’ve focused on providing the best user experience possible."
c8b5ff12d0d88e3f,mission_scope,2012,0.027,Ten things we know to be true,"Whether we’re designing a new Internet browser or a new tweak to the look of the homepage, we take great care to ensure that they will ultimately serve you , rather than our own internal goal or bottom line."
306d5ffb1f006851,mission_scope,"2023,2024",0.006,Find your team,Equip businesses with the right tools to help them grow.
ea2a0b5cc07c8033,mission_scope,2012,0.003,Ten things we know to be true,Google search works because it relies on the millions of individuals posting links on websites to help determine which other sites offer content of value.
d46b11ca50a62767,mission_scope,2012,-0.014,Ten things we know to be true,Focus on the user and all else will follow.
4b347a74c6e0cdc0,mission_scope,2012,-0.055,Ten things we know to be true,You don’t need to be at your desk to need an answer.
3bec3c170bdce065,mission_scope,2025,-0.055,Supporting community businesses,Business owners in the U.S. can add attributes to their Business Profiles that customers can see in their listings on Google Search and Google Maps.
a6ad7e463cbd3e7e,other,"2005,2006,2007",0.240,,There's still so much for us to dream and do.
031b662f96db3e40,other,"2021,2022",0.232,Why is belonging important at Google?,Can we recognize that we’re all human?
a4b35b20f4d14573,other,"2021,2022",0.217,How do you feel about the future of this work?,"So I hope that we are starting to be more bridge builders, being more deliberate both at the institutional level as well as the personal level."
3e5a21ab7e3d9576,other,"2021,2022",0.208,"Building diversity, equity, and inclusion into our workplace, products, and programs is at the heart of creating a more helpful Google for everyone. When we get this right, we ensure that everyone feels like they belong at Google and beyond.","We hope you’ll join us on this ongoing journey of listening, learning, and taking action."
34b94b5f816e2b46,other,"2021,2022",0.207,Why is belonging important at Google?,"That’s what we’re striving for, and I think Google is a really wonderful platform and company to advance that."
04f3aa47a2fad9fa,other,2023,0.199,We’re building belonging through:,A more inclusive Workplace Learn more Co-creation in our Products Learn more Unlocking opportunity in Society Learn more
b392a768c9fde3bb,other,"2021,2022",0.194,How do you feel about the future of this work?,"These problems are going to be with us for a while, but I hope we see more expressions of bridging, more expressions of empathy, and, frankly, I’m hoping that Google’s space in this is more robust internally and externally."
809f0177c5fdc47e,other,"2023,2024",0.192,We’re building belonging through:,A more inclusive Workplace Learn more Co-creation in our Products Learn more Unlocking opportunity in Society Learn more A more inclusive Workplace Learn more Co-creation in our Products Learn more Unlocking opportunity in Society Learn more
14265e12bdd173be,other,"2018,2019",0.176,From unconscious bias to conscious action,"To help provide tools and build skills to overcome bias, we’ve taken this work further."
9d98fcb9e30eab12,other,"2021,2022",0.176,Why is belonging important at Google?,Corporations like Google are being called upon to do more.
2ea1194c0b39c2d4,other,"2021,2022",0.176,How do you feel about the future of this work?,"I am heartened by the executive leadership at Google, and I’m really encouraged by this and I find incredible hope there too"
f73088ad72156a21,other,"2020,2021,2022",0.175,Build For Everyone,Thank you for joining us on this journey.
a54de83e728d8956,other,"2022,2023",0.174,Explore more of our belonging work,That’s why we’re committed to making every day more sustainable.
7e09356359ec597a,other,"2022,2023,2024,2025",0.173,Pushing for more authentic representation of people with disabilities,The stories we tell shape the way we see each other and ourselves.
bc872b523b876a76,other,"2018,2019",0.169,Investing in tomorrow’s talent,"To date, we’ve engaged over 1,500 students through the Google in Residence program, and look forward to serving many more."
0a5f9d84b23d8bc0,other,"2014,2015,2016",0.160,Going green for good,We want people to feel good about using Google products.
820423fd28e4855f,other,"2022,2023",0.160,"In a world where everyone belongs, anything is possible.","ERNEST JOHNSON: Being able to set somebody on a better path in their life, I can't put into words the satisfaction you get from something like that."
7e6cb55c38b0120f,other,"2022,2023",0.153,"In a world where everyone belongs, anything is possible.","CASSANDRA JOHNSON: No matter what background you are, your experiences, at the core of it is your heart and your soul."
602138b8edc7e48a,other,"2019,2020",0.151,What would it take (for tech to reflect its consumer base)?,This initiative will help students develop the skills and confidence they need for the future.
a7a7bf9261dca576,other,"2020,2021,2022",0.148,Build For Everyone,Google is growing to fulfill that vision.
ae6e70cf3dfcff77,other,"2021,2022",0.148,How do you feel about the future of this work?,"john : If we’re going to sustain this, we have to make it sustainable and create institutions, cultures, possibilities."
5e9f867d0f496288,other,"2018,2019",0.144,From unconscious bias to conscious action,"Changing the way we think about bias is a huge and complex task, both inside and outside Google."
c3f1d9a3b598bd2e,other,"2014,2015,2016",0.138,Thinking big: Larry Page talks moon shots,"This perspective is not limited to our engineering teams and technical roles, but extends to all Googlers who share a desire to challenge what’s possible."
c7a895168c54d7da,other,2012,0.136,Ten things we know to be true,"Through innovation and iteration, we aim to take things that work well and improve upon them in unexpected ways."
7ab334503ebe751a,other,2003,0.135,,Here's a glimpse into a typical day in the life. ••• YOU can be part of this experience! •••
80344235dd4e7047,other,2012,0.135,Ten things we know to be true,We hope it does—and you can hold us to that.
cde30fefd3737a91,other,2008,0.133,Top 10 Reasons to Work at Google,Being a part of something that matters and working on products in which you can believe is remarkably fulfilling.
a957946ce7ca81eb,other,2025,0.132,Fostering community and belonging for LGBTQ+ Googlers and allies through employee resource groups,"In 2009, Googlers marched in cities around the U.S. to honor the 40th anniversary of the Stonewall riots."
1758dbc8d3bc9ba8,other,2012,0.130,Ten things we know to be true,"Ultimately, our constant dissatisfaction with the way things are becomes the driving force behind everything we do."
1bb0d5adab3301e7,other,"2018,2019",0.128,From unconscious bias to conscious action,"In 2017, we expanded our Decoding Race series, which grappled with wide-ranging topics on race, reaching over 15,000 Googlers."
508ab7d4fb0c0554,other,"2023,2024,2025",0.128,Our locations,"Large or small, each one of our offices is designed to inspire innovation, big ideas, and community."
437401d824c15f18,other,"2018,2019",0.127,Google diversity annual report 2018,That’s why we’re making some changes to how we approach diversity and inclusion at Google.
604a718df77ec1a2,other,2012,0.124,Ten things we know to be true,"We see being great at something as a starting point, not an endpoint."
33d1ddb154d7ce41,other,"2019,2020",0.124,Google diversity annual report 2019,"Since then, we’ve used this report to show progress towards a more representative workforce, and share both what we’ve learned along the way and our commitments moving forward."
5cd6a5d16e588563,other,"2018,2019",0.122,Leadership,"of Google’s leaders are women (Global, 2017) We have made progress in our leadership ranks, by gender and ethnicity."
c0766e3acfb85bfe,other,"2018,2019",0.120,Conclusion,We look forward to inviting you back next year to see what progress we make.
6d272e48a5cc12ab,other,2012,0.118,Ten things we know to be true,"We believe that great, creative things are more likely to happen with the right company culture–and that doesn’t just mean lava lamps and rubber balls."
61403bb6154ae2ad,other,"2019,2020",0.118,Product area highlights,This will lead to a better camera for everyone.” “I care passionately about our products.
ea7db87cc8e25651,other,"2004,2005,2006,2007",0.117,,Being a part of something that matters and working on products in which you can believe is remarkably fulfilling. 3.
446e072ffa3bc149,other,"2018,2019",0.116,Fostering inclusion for all,"The Greygler ERG also brings seniors to Google to experience the culture, promotes student coding by sponsoring Hour of Code events, and hosts Talks@Google with speakers such as Vint Cerf, Atul Gawande, and Dan Cohen, the founder of Music and Memory."
2d17923c5a6daa33,other,2012,0.115,Out of the office,"There’s now a team of “doodlers” and we’ve posted more than 1,000 different doodles on homepages worldwide."
92b28f7bd0ef7d40,other,2012,0.113,Google Los Angeles,We do not intend to become one.”
87f29db2fbc54845,other,"2019,2020",0.113,Community inclusion,Click here to learn more about Live Transcribe .
1863993738aa7c8b,other,"2022,2023",0.113,"In a world where everyone belongs, anything is possible.","GIRL: It feels nice not to be like, “Oh, she’s a special kid."
a4035553d0f28650,other,2012,0.112,Ten things we know to be true,"We set ourselves goals we know we can’t reach yet, because we know that by stretching to meet them we can get further than we expected."
b4068ca2eb5f3682,other,"2018,2019",0.111,Current workforce representation numbers,"It’s been a year since we last reported Google’s workforce representation numbers, so where are we today 1 ?"
1d5a38e088043bca,other,"2021,2022",0.111,From awareness to action,"First company-wide goal for diversity, equity, and inclusion is set."
fc837d1c38fb76ca,other,2018,0.110,Investing in tomorrow’s talent,"Students engaged at HBCUs through Google in Resdience campus program The number of schools we recruit from, up from 75 in 2014"
be36f66089a1dd1c,other,"2022,2023",0.110,"In a world where everyone belongs, anything is possible.","MAYA SCOTT: Very much in our lives, we’re invited to watch or listen, instead of witnessing or doing."
8f0f87b81926e2ca,other,"2021,2022",0.108,How do you feel about the future of this work?,They know the journey ahead of us.
0e1e053d5408f09c,other,"2019,2020",0.107,What would it take (for tech to reflect its consumer base)?,"If so, what would an industry-wide diversity standard in the tech industry look like?"
7ca82036c5b7de24,other,"2023,2024",0.107,Find your team,"Find, grow, and support the people who make Google great."
815516dad0fc16aa,other,"2018,2019",0.105,From unconscious bias to conscious action,We know that having meaningful conversations around race can be difficult and uncomfortable.
5bd7d47308edfbbb,other,"2018,2019",0.105,2. Increasing transparency,"We aim to take the conversation—and our work—to the next level as we further refine our approach, so this year we’ve published new and more detailed workforce representation data."
1768068e2c083e3a,other,"2021,2022",0.105,"Building diversity, equity, and inclusion into our workplace, products, and programs is at the heart of creating a more helpful Google for everyone. When we get this right, we ensure that everyone feels like they belong at Google and beyond.",And we will continue to hold ourselves accountable.
bba50549f3f763dc,other,"2018,2019",0.104,3. Overarching strategy,"Set a high bar for Google and Googlers to operate in accordance with our values, our Code of Conduct, and the law."
c0134038b82d90cd,other,2019,0.104,Investing in tomorrow’s talent,"Students engaged at HBCUs through Google in Residence campus program The number of schools we recruit from, up from 75 in 2014"
147e7cb043e96059,other,"2021,2022",0.104,How do you feel about the future of this work?,Pedro : What makes me hopeful is the fact that I know the leaders at Google get it.
f2ea008a97fa976f,other,"2007,2008",0.102,Let's work together.,"At Google, we've designed a culture that helps you get there."
83b68f3472650cf0,other,2014,0.102,,Ten things we know to be true
5d4bdca66c10f05c,other,"2014,2015,2016",0.102,Going green for good,One way we try to ...
dc2f18458f6e6051,other,"2018,2019",0.102,From unconscious bias to conscious action,"Everyone is biased—science shows that’s how the human brain works. 6 We don’t expect people to rid themselves of all bias, but we want them to recognize it."
e0f3a9d3dd48632f,other,"2018,2019",0.102,Leadership,"Over the last four years, the percentage of women in leadership globally has increased from 20.8% to 25.5% (+4.7 ppts)."
e57a9624bd685b89,other,"2022,2023,2024,2025",0.101,Supporting the mental well-being of service members and Veterans through technology and resources,"The impact of service can leave Veterans quietly battling invisible injuries, including post-traumatic stress, substance use disorder, traumatic brain injury, and depression."
1ea82c2c71cb09fa,other,"2022,2023,2024",0.100,Build your future with Google,"Whether it's business or engineering & technology, we're here to help get you to your future."
0a1e3f86f82e8460,other,2017,0.099,Hiring,We're expanding the ways we find and hire our next Googlers.
7d919706ac7e6fe5,other,"2019,2020",0.099,Community inclusion,We continued our flagship Women’s Leadership Summit.
fa0f2d83e8d0569e,other,"2024,2025",0.099,Google named the world’s most inclusive brand,"Google was awarded World's Most Inclusive Brand on Kantar's 2024 Brand Inclusion Index, as well as the most inclusive brand in India."
c53fb734ba62870a,other,"2018,2019",0.098,Investing in tomorrow’s talent,"Over the past five years, we’ve grown this program to 10 schools."
e824fda11015b527,other,2025,0.098,Skin tone representation,Helping people find and support community businesses
1ee7e6d846f4d3aa,other,"2019,2020",0.097,Google diversity annual report 2019,Each year we endeavor to provide greater data transparency.
e6937c5cc1c6f766,other,2012,0.096,Ten things we know to be true,"Our founders built Google around the idea that work should be challenging, and the challenge should be fun."
dceeb654e5d1e8cd,other,"2017,2018",0.096,Building a Google that works for everyone,The truth is that we’re not there yet.
fb4fa27bc866ec86,other,2025,0.095,Fostering community and belonging for LGBTQ+ Googlers and allies through employee resource groups,Growing numbers of Googlers have continued to do so in Pride celebrations around the world every year since.
46459cc71ed5dcd5,other,2020,0.094,"Making progress on diversity, equity, and inclusion",Read our 2019 Diversity Annual Report.
d00af7797c4eeeab,other,2023,0.094,"In a world where everyone belongs, anything is possible.","DMITRI KANEVSKY: To understand and be understood, it’s absolutely unbelievable."
d3d98fd29780649c,other,2025,0.093,Ensuring more inclusive hiring practices for candidates with disabilities around the world,"Based on its impact, we made the program available to all Google employees in 2023."
d168949b14f5c3b7,other,"2019,2020",0.092,Employee Resource Groups,"This past year, the group hosted the TechTalk “Wisdom@ Work: The Making of a Modern Elder” featuring entrepreneur Chip Conley."
cfd9a5a660ea756d,other,"2012,2013,2014,2015,2016",0.090,Life at Google,Get to know who we are - from the inside out.
f1a8ce92907bbd6d,other,2023,0.090,How we’re continuing to show up for communities at work and beyond,Learn more about our actions (Opens in a New Browser Tab)
b9cbd12e797ed910,other,2025,0.090,Fostering community and belonging for LGBTQ+ Googlers and allies through employee resource groups,"In 2005, Googlers marched together in San Francisco’s Pride parade for the first time."
7c197a4751086b48,other,2007,0.089,,"One where the open exchange of ideas is encouraged and thinking beyond the norm is expected, no matter what position you happen to hold."
e1a157c1c52eab01,other,2012,0.089,More reasons to work at Google,We are one of FORTUNE's Best Companies to Work For!
fc34eaa3099399e2,other,"2017,2018,2019,2020",0.089,How we hire,"If you’re looking for a place that values your curiosity, passion, and desire to learn, if you’re seeking colleagues who are big thinkers eager to take on fresh challenges as a team, then you’re a future Googler."
01de954272488175,other,"2019,2020",0.089,Leadership representation,"We made progress in our leadership ranks, especially with regard to women."
58a7a0cfd62af2bc,other,"2021,2022",0.088,Why is belonging important at Google?,"And that’s really the journey that we’re on at Google. john : No, I think that’s extremely important."
823bb2cf89852cdc,other,"2019,2020",0.087,Leadership representation,"Over the last five years, the percentage of women in leadership globally has increased from 20.8% to 26.1% (+5.8 ppts)."
ad86f3289507cccd,other,"2021,2022",0.087,What has Google learned?,"Pedro : Well, we have to have the courage to have the conversations, and I believe that leaders really have to be role models here."
1768ca46222b565e,other,"2005,2006,2007",0.084,,"At Google, our strategy is simple: we hire great people and encourage them to make their dreams a reality."
94d7f340680a3a54,other,2008,0.084,Search openings,"At Google, our strategy is simple: we hire great people and encourage them to make their dreams a reality."
88fbabce0b540830,other,2012,0.084,What's it like to work in Los Angeles?,"Our solutions revolve around Google principles: we put the users first, we love academic endeavors and active learning, and we encourage engineers to spend 20% of their time on their own projects to inspire creativity."
805d1ac5a48c8f0a,other,"2013,2014,2015,2016",0.082,Life at Google,Take me to Life at Google Still a student?
681dbdb032adb481,other,"2019,2020",0.082,Leadership representation,"* Native American includes Native Americans, Alaska Natives, Native Hawaiian and Other Pacific Islanders as categorized by U.S. government reporting standards Globally, women hold 26.1% of Google’s leadership positions (+0.6 ppts)."
d867ae0cc7800858,other,"2019,2020",0.081,Google diversity annual report 2019,It’s been five years since we published our first Diversity Annual Report in 2014.
07cf8039abc799fa,other,"2019,2020",0.081,Leadership representation,"In the U.S., women hold 26.4% of Google’s leadership positions (+1.1 ppts)."
8d76411ad964fe0a,other,2007,0.080,,"We work hard here, and play here, and dream here."
60cc17c21f0fa83f,other,"2014,2015,2016",0.079,Creating an office for work and play,"Simply put, we aim to make our offices a place that Googlers want to be."
e568ac77aa2e67cc,other,"2018,2019",0.078,From unconscious bias to conscious action,"Research shows that when we are more aware of unconscious bias, we make more objective decisions."
b0ee9293975cd423,other,"2019,2020",0.078,Community inclusion,"This year, one winning project idea came from employees who are deaf or hard of hearing and wanted to explore ways to improve spontaneous communication."
b072cea15c70ac84,other,"2020,2021,2022",0.078,Build For Everyone,"In the past few years, we’ve doubled in size—today, we have more than 100,000 employees in 170 cities spanning nearly 60 countries."
fc60b4a2b3883e7a,other,2007,0.077,,"Search openings At Google, our strategy is simple: we hire great people and encourage them to make their dreams a reality."
64cd19267d2e7c1b,other,2008,0.077,Life at Google,"At Google, we know that every employee has something important to say, and that every employee is integral to our success."
570e8ab4dfcbbf50,other,2012,0.077,Why work at Google?,"Google has offices around the globe, from Bangalore to Zurich, but regardless of where we are, we nurture an invigorating, positive environment by hiring talented, local people who share our commitment to creating search perfection and want to have a great time doing it."
09b7edddec8751ed,other,"2014,2015",0.077,Googler's Voice,"People are at the core of who we are, and Googlers have taken all kinds of paths in their careers to get here."
4ab53f2cad2f7645,other,"2019,2020",0.077,Workforce representation,"In non-tech, representation for women increased slightly to 50.7% (+0.5 ppt) in the U.S. and to 47.9% (+0.1 ppt) globally."
8dbfb98990f9cf0e,other,"2018,2019",0.076,From unconscious bias to conscious action,"To date, 84% of Google’s people managers have taken Unconscious Bias training, and we’ve also introduced Unconscious Bias workshops into all “Noogler” (new Googler) orientations."
417e0dbb4da7dd21,other,"2019,2020",0.076,Tech hires,"We also saw solid progress in Black+ and Latinx+ tech hires: Latinx+ tech hires increased to 5.3% (+0.4 ppt), and Black+ tech hires increased to 2.8% (+0.2 ppt)."
ceaac04823912c9c,other,"2018,2019",0.075,Current workforce representation numbers,"However, we saw progress in several key areas"
a8720bec59dd189e,other,"2004,2005,2006,2007",0.072,,"In fact we have them every day: healthy, yummy, and made with love."
0810bd5c187f130d,other,2008,0.072,Top 10 Reasons to Work at Google,"In fact we have them every day: healthy, yummy, and made with love."
724e338e5615c795,other,"2019,2020",0.072,Non-tech hires,Black+ non-tech hires increased to 9.2% (+0.8 ppt)—quadruple the progress made in 2017.
354886d07048487c,other,"2021,2022",0.072,From awareness to action,Google publishes our diversity data publically.
af8c8f31d6c6332a,other,"2014,2015,2016",0.070,Creating an office for work and play,"When you want people to think creatively and push the boundaries of what’s possible, their workspace shouldn’t be a drab maze of beige cubicles."
749fcbd8981b89f0,other,2019,0.069,"Making progress on diversity, equity, and inclusion","Read our 2019 Diversity Annual Report to hear from Danielle Brown, Vice President of Employee Engagement, and Melonie Parker, Global Director of Diversity, Equity, & Inclusion, on how we plan to deliver our strategy."
0328d673b9acf866,other,"2019,2020",0.069,Hires,"* Native American includes Native Americans, Alaska Natives, Native Hawaiian and Other Pacific Islanders as categorized by U.S. government reporting standards Our hiring of women rose to 33.2% (+1.9 ppts) globally and to 34.9% (+4.5 ppts) in the U.S.; this is one of the biggest increases for any underrepresented group."
c1f728d0aef6a24b,other,"2014,2015,2016",0.068,Do Cool Things That Matter,"Watch Alan Eustace, SVP of knowledge, explain the secret ingredient that makes Google a great place to work: our people."
9a5b02577ce80d7b,other,"2022,2023",0.068,"In a world where everyone belongs, anything is possible.",FEMALE VOICE: Let’s try it out and see how it goes.
926a1c7103f41fdc,other,"2005,2006,2007",0.067,,"We value talent and intelligence, group spirit and diversity, creativity and idealism."
21d9a1cc49569b89,other,2007,0.067,,"At Google, our strategy is simple: we hire great people and support them in turning their aspirations into reality."
c38b113678c62d66,other,2014,0.067,#1: Focus on the user and all else will follow.,"Since the beginning, we’ve focused on providing the best user experience possible."
f43875e71594651a,other,"2019,2020",0.066,Attrition index by race / ethnicity,"In tech, we saw large improvements for Black+ and Latinx+ women with attrition shifting from well above the Google average to well below the Google average."
e3487998c096b753,other,"2018,2019",0.065,Leadership,Latinx representation in Google’s leadership is 1.8% (up from 1.7%).
6290d611cfb9c9c9,other,"2021,2022",0.065,What has Google learned?,"And we want to make sure that we don’t just show our successes, but that we show the areas that we need to get better as well."
81505d6924fb9f35,other,"2019,2020",0.064,A quick note about our methodology,"In last year’s Diversity Annual Report, we only counted multiracial people in a single category, which doesn't fully represent their identity."
488f03976a5ac4c8,other,"2021,2022",0.064,What has Google learned?,"It’s funny ... as a dad … the implications of becoming a dad were huge for me as an executive because as a dad you all of a sudden realize that you’re actually shaping the life of a human being, and you are shaping the way they have to look at the world."
d5ef498f960c3da3,other,"2022,2023",0.064,"In a world where everyone belongs, anything is possible.","We got to do everything different just for her.” FEMALE VOICE: Who is that, Owen?"
5b3f1b964cf10015,other,"2012,2014",0.062,Locations,"A rundown of our offices around the world, and what makes an office feel ""Googley."""
8eff5c58338787a4,other,"2018,2019",0.062,Investing in tomorrow’s talent,"And, since 2014 we’ve more than tripled the number of schools where we recruit, from 75 to 225."
749876af16dd56d3,other,"2018,2019",0.062,3. Overarching strategy,Although hiring and investing in the talent of tomorrow is critical—and we’ll continue our work here—it’s not enough.
3292b4f30998d79d,other,"2018,2019",0.061,2. Increasing transparency,"Second, we are further increasing transparency."
b636687c8aa295e6,other,2007,0.060,,"Our most valuable resource is our people: energetic, innovative thinkers who care equally about doing great work and developing a culture that's great for all our employees. • What's it like to work at Google ? • Benefits of working at Google • Google celebrates diversity • The engineer's life at Google and what we do . • Information for students What's going on at Google? • Check out our newest videos • Google recognized by Fortune Magazine among 100 Best Companies to Work For • Google announces partnership with Teach for America. • Google selected by U.S. undergraduate and MBA students as an ideal employer in 2006 Universum Survey . • Check our Google Blog or subscribe to the Google Friends newsletter ."
cc2d23e60903d9f2,other,2008,0.060,Life at Google,"Google is not a conventional company, and we don’t intend to become one."
996cfd5e1bfd7ee7,other,2012,0.060,Why work at Google?,"Google is not a conventional company, and we don’t intend to become one."
b1d8a5abe639f59b,other,2008,0.059,Life at Google,"Google is not a conventional company, and we don't intend to become one."
417715526be35ee7,other,"2019,2020",0.059,Google diversity annual report 2019,"As we reflect on the last five years, here are three things we’ve learned:"
38b07efdece5834c,other,"2019,2020",0.058,Intersectional workforce representation,Representation of Native American+ women is 0.3%.
68b99bde59b702cb,other,"2019,2020",0.057,Workforce representation,"Now that we’ve looked at who joined Google and who left Google in 2018, let’s take a look at where our workforce representation stands overall."
08aecc0d7edb1917,other,"2018,2019",0.056,Our accelerated approach to diversity and inclusion,"Read our 2018 Diversity Annual Report to hear from Danielle Brown, VP - Chief Diversity & Inclusion Officer, on how we plan to deliver our strategy."
d69005e4d5249671,other,"2019,2020",0.056,Attrition index,"However, the group with the highest attrition rate at Google remains Black+."
8cdce2d9b5e746e6,other,"2022,2023",0.056,"In a world where everyone belongs, anything is possible.",THOMAS PANEK: The safest thing for a blind person to do is to sit still.
3c9d189a141f99e8,other,"2018,2019",0.055,Current workforce representation numbers,"Women make up 30.9% of our global workforce, and men 69.1%. 2 In terms of race and ethnicity (U.S. data only) 2.5% of Google’s workforce is Black; 3.6% is Hispanic/Latinx; 3 36.3% is Asian; 4.2% is multiracial (two or more races); 0.3% are Native American, 4 Alaska Native, Native Hawaiian or Pacific Islander; and, 53.1% is White."
50a7b580bf30df89,other,"2020,2021,2022",0.055,"Our approach to diversity, equity, and inclusion",Here’s how we’re approaching that work.
e065d621e8d94e5b,other,"2021,2022",0.055,From awareness to action,Unconscious bias training launches and is completed by more than 50% of employees around the world.
97ec02c2ba5c2e55,other,"2021,2022",0.055,From awareness to action,"By 2020, it has been completed by more than 84% of Google’s people managers."
38777d3f3bdb08ba,other,"2022,2023,2024,2025",0.055,How we’re building belonging for the military-affiliated community at Google,VetNet also shares tips and highlights from the military-affiliated community at Google through a YouTube video series .
aa301216c0422b76,other,2025,0.055,1 Offering tools for wellbeing and growth,"We offer generous benefits and targeted programs to support the whole person, no matter who you are."
e2b1348f7f3b737b,other,2004,0.054,,Here's a glimpse into a typical day in the life.
fe15207f2cdbbb71,other,2007,0.054,,"Our most valuable resource is our people: energetic, innovative thinkers who care equally about doing great work and developing a culture that's great for all our employees. • What's it like to work at Google? • Benefits of working at Google • The engineer's life at Google and what we do . • Information for students What's going on at Google? • Google recognized by Fortune Magazine among 100 Best Companies to Work For • Google announces partnership with Teach for America. • Google Anita Borg Scholarship accepting US and Europe applications until January 2007. • Google selected by U.S. undergraduate and MBA students as an ideal employer in 2006 Universum Survey . • Google Ireland recognized among Best Companies to Work For . • Check our Google Blog or subscribe to the Google Friends newsletter ."
0b16366f45f14b5a,other,"2018,2019",0.054,Investing in tomorrow’s talent,"And in the fall, we’ll add three additional schools, including two HSIs."
38321242f42c637b,other,"2019,2020",0.054,New demographic data,To date we’ve reported race data for our U.S. workforce and binary gender data for our global workforce.
8f953b4abeff1056,other,"2021,2022",0.054,What has Google learned?,"At the same time, pointing in the direction of how each and every one of their team members can find the resources to progress and evolve."
b3cf08de984b0d33,other,2024,0.054,Relief for Israel and Gaza,Read the message from our CEO (Opens in a New Browser Tab)
23da7b0292ff4d65,other,"2006,2007",0.053,,Find an opening in the U.S.
64f62782f5a89879,other,"2014,2015",0.053,Googler's Voice,Learn more about what we do and some of the choices we’ve made along the way.
86976a9b20b9240e,other,"2018,2019",0.053,Conclusion,"Our strategy doesn’t provide all the answers, but we believe it will help us find them."
5a8cdfbcbad45e31,other,"2019,2020",0.053,New demographic data,"While we’re encouraged that 39% of employees have chosen to self-ID thus far, we’re also conscious that this is not representative of our entire workforce."
d36a44f6934f3665,other,"2023,2025",0.052,Ensuring equity in benefits and healthcare for LGBTQ+ Googlers,We’ve offered coverage for gender affirming surgery and related services for Googlers in the U.S. since 2011.
f90fcdea22b6d209,other,"2019,2020",0.051,Product area highlights,"And I care even more about the people who build our products, and the people who use our products."
70ecdd90155cf4d1,other,"2019,2020",0.050,Intersectional workforce representation,"Looking at U.S. data intersectionally, representation of Black+ and Latinx+ women is 1.4% and 2.0%, respectively."
6609b7cfd7c7c1cc,other,"2019,2020",0.050,Tech hires,"In this four-year period, women tech hires have increased from 22.1% to 25.7% (+3.6 ppts)."
32ae447ce84d5e1c,other,"2021,2022",0.050,What has Google learned?,"They themselves have to admit where they failed, and they themselves have to create the space for others to fail."
d9085443f4ae03cc,other,"2022,2023,2024,2025",0.050,How we’re building belonging for the military-affiliated community at Google,The Veteran-focused career website has information about resources at Google and job opportunities.
53e497cada1c0a7b,other,2006,0.049,,"Our most valuable resource is our people: energetic, innovative thinkers who care equally about doing great work and developing a culture that's great for all our employees. • What's it like to work at Google? • Benefits of working at Google • The engineer's life at Google and what we do . • Information for students What's going on at Google? • Google announces partnership with Teach for America. • Google Anita Borg Scholarship accepting US and Europe applications until January 2007. • Google selected by U.S. undergraduate and MBA students as an ideal employer in 2006 Universum Survey . • Google Ireland recognized among Best Companies to Work For . • Check our Google Blog or subscribe to the Google Friends newsletter ."
f35cee8d784e15c5,other,2007,0.049,,Working at Google is as much a mindset as it is a job.
3d2968481fd8b245,other,"2019,2020",0.049,Tech hires,Both Black+ and Latinx+ tech hiring have increased since last year and are contributing to gains in representation.
c5532ec03182a2ee,other,"2019,2020",0.048,Community inclusion,Click here to learn more .
4f6b7fd14758ade9,other,"2004,2005,2006,2007",0.047,,There is such a thing as a free lunch after all.
945a0aa2a1a531c4,other,2008,0.047,Top 10 Reasons to Work at Google,There is such a thing as a free lunch after all.
240698dc0246a4f1,other,"2018,2019",0.047,2018 overall representation,Representation of Latinx+ men in Google’s workforce increased three times more than Latinx+ women (0.6 ppts compared to 0.2 ppts).
44efe88a10c38640,other,"2019,2020",0.047,Attrition index,We saw improved attrition rates for Google’s employees of color in the U.S. compared to previous years (with the exception of Native American+ employees).
846a9c9275cb09ce,other,"2019,2020",0.047,3. Leadership accountability matters,"Your work matters, and we are deeply appreciative."
96414fa7c0caed72,other,"2019,2020",0.046,New demographic data,"Of the 39% of global employees who have self-identified, we know that: self-identified as LGBQ+ and / or Trans+ self-identified as being, or having been, members of the military We look forward to improving our data collection so that we’ll have a better picture of our workforce in 2020 3 ."
859d6b997cbc7310,other,"2019,2020",0.046,Workforce representation,"* Native American includes Native Americans, Alaska Natives, Native Hawaiian and Other Pacific Islanders as categorized by U.S. government reporting standards Representation of women in our global workforce increased by 0.7 ppt year over year."
c439b33a40c3571a,other,"2019,2020",0.046,Workforce representation,"In the U.S., 54.4% of our workforce is White+, 39.8% is Asian+, 3.3% is Black+, 5.7% is Latinx+, and 0.8% is Native American+."
01004733b29b94bb,other,"2023,2025",0.046,Ensuring equity in benefits and healthcare for LGBTQ+ Googlers,Our inclusive life insurance policy guarantees a Googler’s spouse or partner of any gender with 3X their salary and 50% of their income for 10 years in the U.S.
71a573958c76457e,other,2014,0.045,Measure by measure: Analytics Advocate Adam Singer talks Google Analytics,As an Analytics Advocate for Google ...
0ace1a573d89c5ef,other,"2019,2020",0.045,Business & product inclusion,And all employees around the world can participate in inclusive product testing.
e9100e1d1d340a60,other,"2019,2020",0.045,Workforce representation,"In the U.S., representation of Black+, Latinx+, and Asian+ employees increased by 0.3 ppt, 0.4 ppt, and 1.7 ppts, respectively, while the representation of Native American+ employees remained stable and representation of White+ employees, our largest racial demographic group at Google, decreased."
58993f6e02f8928b,other,"2021,2022",0.045,What are some of the responsibilities Google has?,"We want you to help shape the company, help us learn, bring what you have to the table."
7825e8b67f6939b3,other,"2018,2019",0.044,Leadership,"In the U.S. in 2017, leadership hires were 5.4% Black, and Black representation in leadership increased from 1.5% in 2017 to 2% in 2018."
691f1f31d4c9a8d9,other,"2019,2020",0.043,Attrition index,"In 2017, women were 6% less likely to leave Google vs. the average; in 2018, they were 10% less likely to leave than the average."
b4c182594585896c,other,2007,0.041,,What is it that you really want to do?
186e2ce4b3d0aa0a,other,"2014,2015,2016",0.041,Google by design,"Since Larry Page took over as CEO in 2011, we've been more focused than ever on improving the user experience across all of our products."
c427eb61efd8b602,other,"2019,2020",0.040,What would it take (for tech to reflect its consumer base)?,We are committed to exploring these questions with a variety of industry stakeholders.
c95d121939dfe7b7,other,"2019,2020",0.040,Leadership representation,"Within the U.S., leadership representation is 2.6% for Black+ (+0.2 ppt) and 3.3% for Latinx+ (+0.6 ppt) employees."
d33b64cef68d8b6a,other,2008,0.039,Top 10 Reasons to Work at Google,No matter what their backgrounds Googlers make for interesting cube mates.
5b0ef1f91c2950c7,other,"2018,2019",0.039,Intersection of race and gender,The data in this section allows people of two or more races to more accurately state their racial background.
48a97c9315d4d600,other,"2018,2019",0.039,Current workforce representation numbers,"Representation for women, Black, and Latinx Googlers is similar to last year, increasing by only 0.1 percentage point (ppt) for each of these groups."
e7b85e673a8f1092,other,"2019,2020",0.039,Employee Resource Groups,The group continued the annual Trans@ Conference for the third year in a row to discuss Trans+ inclusion in the workplace.
3e897858a22dde17,other,"2019,2020",0.039,A quick note about our methodology,All race and ethnicity data is for the U.S. only.
4ecda0c4e42d9bf4,other,"2019,2020",0.039,A quick note about our methodology,"All gender data, unless otherwise stated, is global."
540c7f755f113388,other,"2021,2022",0.039,From awareness to action,First head of diversity is hired.
55b1b6c9943646a8,other,"2019,2020",0.038,Attrition index by race / ethnicity,This was largely driven by Black+ men who saw improvements across both tech and non-tech roles.
410991456b8e3f36,other,"2019,2020",0.038,Hires,"We saw hiring gains for women, Black+ and Latinx+ groups."
cb49117b60f3c013,other,"2021,2022",0.038,Why is belonging important at Google?,"Melonie : I love how you frame that, john."
3fdda9f1863f0773,other,"2005,2006,2007",0.037,,"Please do not forward resumes to our jobs alias, Google employees or any other company location."
64b0404872ce7bec,other,2003,0.036,,Main All Openings Top 10 Reasons Culture Benefits Inside View Work/Life Balance Top Ten Reasons to Work at Google 1.
ce1d8b9ab2b49394,other,"2019,2020",0.036,Leadership representation,"Although our women leadership hires decreased ( see leadership hiring section above ), the proportion of women in leadership overall increased; this is a sign our progression efforts are working."
bdfe48773b1aa609,other,2020,0.036,Intersectional leadership representation,"* Native American includes Native Americans, Alaska Natives, Native Hawaiian and Other Pacific Islanders as categorized by U.S. government reporting standards"
b7ee55b8b307547c,other,2012,0.035,Ten things we know to be true,The need for information crosses all borders.
777b8d2c1bfbfd0c,other,"2018,2019",0.035,2018 overall representation,"Representation of Asian+ women increased considerably to 12.5% of Google’s workforce, up from 10% overall in 2014 (+2.5 ppts)."
e521a7244d9940e1,other,"2018,2019",0.035,3. Overarching strategy,"Our leadership will share ownership for improved outcomes, taking actions based on the current state of their organization."
0f227da6cd3a430f,other,"2019,2020",0.035,Non-tech hires,Hiring rates for other underrepresented groups in non-tech were also largely positive in 2018.
bae66f29a51acd40,other,"2019,2020",0.035,Workforce representation,Women make up 31.6% and men make up 68.4% of our global workforce.
4d3af58aa0106c5e,other,2022,0.035,Our work to support the Asian American Pacific Islander community,Asian Americans are also vulnerable to racially motivated violence.
1cf2b027b03e1a90,other,2004,0.034,,Main All Openings Top 10 Reasons Culture Benefits Inside View Work/Life Balance Top 10 Reasons to Work at Google 1.
dce15e6c3133df3e,other,"2014,2015,2016",0.034,Missions that matter,"What happens when you mix together entrepreneurial drive, resources, freedom and the urge to do ..."
41dd72a89f294724,other,"2022,2023,2024,2025",0.034,Celebrating the impact of the Asian American and Pacific Islander community,The Asian American and Pacific Islander community is one of the most culturally diverse groups in the country.
be73c48e6a4817d6,other,"2023,2025",0.034,Ensuring equity in benefits and healthcare for LGBTQ+ Googlers,We provide similar guarantees in nearly every country globally.
c0930b27504007a6,other,"2018,2019",0.033,2018 overall representation,"Among leaders, we’ve seen the most growth in representation of White+ women, who make up 16.4% of leaders, up from 14.3% in 2014 (+2.1 ppts)."
33419bde1703ed58,other,"2019,2020",0.033,Community inclusion,"But for the LGBTQ+ community, finding welcoming and friendly businesses can be challenging."
5b94c0b06dbbddd1,other,"2019,2020",0.033,Leadership hires,"Examining leadership hiring trends at the intersection of race and gender, we see that Latinx+ women leadership hires increased to 3.1% (+2.4 ppts)."
31a10919b6f1f55c,other,"2019,2020",0.033,Attrition index,"Last year, we shared a weighted attrition index for the first time, to understand which demographic groups leave Google at higher or lower rates than average."
9926c2fdee52a768,other,"2019,2020",0.033,Intersectional workforce representation,"* Native American includes Native Americans, Alaska Natives, Native Hawaiian and Other Pacific Islanders as categorized by U.S. government reporting standards Representation of women in all racial groups in the U.S. increased in 2018, with the exception of Native American+ women."
c5fdb2273ed2f989,other,"2021,2022",0.033,What are some of the responsibilities Google has?,"If you’re going to make things available to everyone and for people to really co-create, it’s not just going to happen."
9d2527a6f73e2839,other,"2022,2023,2024,2025",0.032,Supporting the mental well-being of service members and Veterans through technology and resources,Veterans can miss out on getting mental health support due to stigma or not knowing where to turn.
b415614ad647a7e3,other,2022,0.032,Our work to support the Asian American Pacific Islander community,The Asian American Pacific Islander community is one of the most culturally diverse groups in the country.
269d66a366dba304,other,"2019,2020",0.031,Non-tech hires,"In the U.S., women hires increased to 51.6% (+6.4 ppts)—the single biggest year-over-year shift for any underrepresented group within this data set."
7f83d8b554f97464,other,2025,0.031,Helping Veterans,"Every year, 250,000 service members transition out of the military."
27bd0b6886c0c6bc,other,"2018,2019",0.029,2018 overall representation,"For example, between 2014-2017 the representation of Black+ men increased 0.5 ppts (to 1.8%), whereas the representation of Black+ women increased 0.1 ppt (to 1.2%)."
69e9500997589098,other,"2018,2019",0.029,3. Overarching strategy,We will report back in 2019 to share what works and what doesn’t.
83cd722c7e033f9e,other,"2018,2019",0.029,Intersection of race and gender,"For example, Black+ includes all Googlers who identify as Black, plus those who identify as Black and any other race."
154d20470b75625f,other,"2019,2020",0.029,Attrition index by race / ethnicity,"* Native American includes Native Americans, Alaska Natives, Native Hawaiian and Other Pacific Islanders as categorized by U.S. government reporting standards When we examine U.S. attrition data at the intersection of race and gender, we see that: The greatest improvements in attrition were for Black+ employees."
213c9991ee3c3f5f,other,2012,0.028,Google Seattle/Kirkland,"Please consider joining our team of vibrant and creative individuals in this fast-growing, dynamic office – just a short distance from skiing, boating, hiking and more."
ea0eb8eaf41f9381,other,"2019,2020",0.028,Intersectional workforce representation,Representation of Black+ and Latinx+ men increased to 1.9% (+0.1 ppt) and 3.8% (+0.2 ppt) respectively.
efabb751cc3e52e5,other,"2014,2015,2016",0.027,Mind meld: Googlers teaching Googlers,Collaboration isn’t just about working together to solve problems or overcome challenges.
390a904b07e79341,other,"2018,2019",0.027,2018 overall representation,"* Native American includes Native Americans, Alaska Natives, Native Hawaiian and Other Pacific Islanders as categorized by government reporting standards."
03929220f6060244,other,"2022,2023,2024,2025",0.027,How we’re building belonging for the military-affiliated community at Google,Policies that support and strengthen the military-affiliated community: Google supports service members through a military leave policy.
f4bc0f36c0a9b0e2,other,2010,0.026,Do more. A lot more.,"When everyone in the company is reaching out, not up, good ideas can go a lot farther."
c025c21acefdce9d,other,"2019,2020",0.025,New demographic data,We did not collect data where it is expressly prohibited by local law or would put our employees’ safety at risk.
7d868edecd842248,other,"2019,2020",0.025,Intersectional hiring,"At the same time, Black+ women hires increased to 2.2% (+0.8 ppt), Latinx+ women hires increased to 2.7% (+0.7 ppt), and Native American+ women hires increased to 0.5% (+0.3 ppt)."
1392489575959de6,other,2007,0.024,,"Your master plan, not just your 5-year plan."
75bf2bdf0092b638,other,"2019,2020",0.024,A quick note about our methodology,This year’s report expresses gender in a binary form as men/women.
059ddca96b2768a3,other,"2003,2004",0.023,,Main All Openings Top 10 Reasons Culture Benefits Inside View Work/Life Balance What can you expect at Google?
bdf5292f51cbdcfd,other,"2012,2014",0.023,The people behind Google,"Find out more about what it’s like to work at Google, where we work and who drives our company strategy below."
31dafb0a8d6f0caf,other,2014,0.023,#1: Focus on the user and all else will follow.,"Whether we’re designing a new Internet browser or a new tweak to the look of the homepage, we take great care to ensure that they will ultimately serve you, rather than our own internal goal or bottom line."
eddc2a66fdc531a3,other,"2019,2020",0.023,Community inclusion,"At dinner one evening with friends in a dark restaurant, he found it impossible to lip-read."
ffa1fd179cb6e31b,other,"2019,2020",0.023,Hires,"In the U.S., Black+ and Latinx+ hires increased to 4.8% (+0.7 ppt) and 6.8% (+0.5 ppt), respectively."
db79bcf2c9849ec2,other,"2019,2020",0.021,Google diversity annual report 2019,This year we are expanding our intersectional view to include hiring and attrition data.
e13b9483e9e6e3c5,other,"2019,2020",0.021,Non-tech hires,Native American+ hires increased to 1.6% (+0.5 ppt)—more than double the increase in 2017.
972f539beff99a9e,other,"2004,2005,2006,2007",0.020,,Work and play are not mutually exclusive.
7c2d54ae8a7a2ce4,other,2008,0.020,Top 10 Reasons to Work at Google,Work and play are not mutually exclusive.
62f6b2d50841d5f5,other,2012,0.020,Ten things we know to be true,"To that end, we have offices in more than 60 countries, maintain more than 180 Internet domains, and serve more than half of our results to people living outside the United States."
6e92a2e900c9cea4,other,"2018,2019",0.020,2018 overall representation,Note that [Race] refers to individuals that identify as [Race] and 0 or more other race/ethnicities.
22837b263f082cd0,other,"2018,2019",0.020,2018 overall representation,"Overall, White+ men make up 52.4% of leadership down from 53.8% (-1.4 ppts) in 2017."
90fd2e8ebf58ab00,other,"2019,2020",0.020,Intersectional workforce representation,"Representation of White+ women is 15.7%, and of Asian+ women is 13.3%."
74f2c1a75794ca3b,other,"2019,2020",0.020,Intersectional hiring,"* Native American includes Native Americans, Alaska Natives, Native Hawaiian and Other Pacific Islanders as categorized by U.S. government reporting standards Examining gender data at the intersection of race, we see that Asian+ and White+ women hires increased the most year-over-year, to 15.6% (+1.4 ppts) and 16.2% (+1.8 ppts) respectively."
2f909023ac5a076a,other,"2021,2022",0.019,How do you feel about the future of this work?,Melonie : I completely agree with you.
a75023aa699a1ce3,other,"2019,2020",0.018,Community inclusion,"Veteran hiring initiatives An estimated 250,000 U.S. service members transition out of the military every year."
44c8c4317b8a75a3,other,"2019,2020",0.018,Attrition index,"Attrition rates for Black+ employees improved, bringing them closer to the average."
e5d0a3f7dd1d60a6,other,"2019,2020",0.018,New demographic data,"For U.S. government reporting purposes, we are required to provide binary gender data."
d691eab5b9c12067,other,"2022,2023,2024",0.018,Our progress toward gender equity in our workplace,"For example, we expanded our Carer’s Leave from 4 to 14 weeks of paid time away with reimbursement for up to 20 days of caregiver costs."
f97acaa9bf705731,other,"2019,2020",0.017,Hires,"The proportion of hires that are Native American, Alaska Native, Native Hawaiian, and Pacific Islander (abbreviated throughout as “Native American+”) increased to 1.1% (+0.3 ppt)."
a6e0b8b4308e1403,other,2008,0.016,Top 10 Reasons to Work at Google,"Appreciation is the best motivation , so we’ve created a fun and inspiring workspace you’ll be glad to be a part of, including on-site doctor and dentist; massage and yoga; professional development opportunities; on-site day care; shoreline running trails; and plenty of snacks to get you through the day."
9ba6076ab9054ea9,other,"2019,2020",0.016,Community inclusion,"To date, more than 190,000 businesses have enabled these attributes on their business listing."
4aee69908a830a16,other,"2019,2020",0.016,Leadership hires,"Latinx+ leadership hires increased to 5.1% (+0.8 ppt), while Black+ leadership hires decreased to 3.6% (-2.1 ppts)."
f77e4d6e904f8653,other,2003,0.015,,Free gourmet lunches served daily. 6.
4f0774d124f33048,other,"2005,2006",0.015,,Find out what it's like to work in...
c3207f310ce26b2c,other,"2007,2008",0.015,Let's work together.,"From our flexible, project-based approach to corporate structure to our innovative perks and benefits, we do everything we can to make sure our employees not only have great jobs, but great lives."
0793dc5eaf968523,other,"2004,2005,2006,2007",0.014,,Your creative ideas matter here and are worth exploring.
e1f78552a2b8b160,other,2008,0.014,Top 10 Reasons to Work at Google,Your creative ideas matter here and are worth exploring.
f82bf530311c3310,other,"2019,2020",0.014,Intersectional workforce representation,"Representation of Asian+ women increased the most, by 0.8 ppt."
1476f72f3768c949,other,"2019,2020",0.014,Non-tech hires,"Globally, women hires increased to 47.2% (+3.3 ppts)."
2ea7415e44c1a1bb,other,2012,0.013,Google Seattle/Kirkland,"If you could live anywhere and an outdoors lifestyle matters to you, then you couldn't pick a better place to be than Seattle."
ba4f92a13f1dba94,other,"2019,2020",0.013,Community inclusion,"In 2018, we had 500 SVPs, VPs, and directors join for two days of candid discussion on product and business vision and diversity and inclusion, and to create networking opportunities."
7fd5ed11e2ec436b,other,"2019,2020",0.013,Google diversity annual report 2019,"In 2018 we began to include hiring and attrition data, in addition to U.S. intersectional representation data (cut by categories combining race and gender)."
15c9a46cdb0b87f0,other,"2019,2020",0.013,Leadership hires,"Asian+ women leadership hires decreased to 7.1% (-2.8 ppts), and Black+ women leadership hires decreased to 0.5% (-1.6 ppts)."
01d6b0f0ae7cc834,other,"2007,2008",0.012,Let's work together.,Chances are you have a good idea of where you want to go in life.
519c192b1e4f0dd2,other,2008,0.012,Life at Google,"True, we share attributes with the world's most successful organizations – a focus on innovation and smart business practices comes to mind – but even as we continue to grow, we're committed to retaining a small-company feel."
aa44a05a04678b2e,other,"2014,2015,2016",0.012,Culture and Diversity,"Lots has been written about our great perks, but read on to find out what our culture is really all about."
503c527f14562b0c,other,"2019,2020",0.012,Community inclusion,"Dimitri was delighted with the quality of the transcription, and how it allowed him to participate in the conversation."
df133e57531eb306,other,2007,0.011,,"Enjoy what you do, where you do it, and the people you do it with."
b7ca22c8e8a8a896,other,"2018,2019",0.011,2018 overall representation,"This is followed by increases in Asian+ men and Asian+ women in leadership, which have grown to 20% and 7.3% respectively (+1.6 ppts and +1.2 ppts)."
efc79a41b57271f9,other,"2019,2020",0.011,Product area highlights,"Black Googler Network, HOLA (Hispanic / Latinx ERG), Gayglers, Asian Googlers Network, Women@, and many others provided feedback."
433fc006836aeda8,other,"2019,2020",0.011,Leadership hires,"Our women leadership hires decreased to 25.9% (-3.5 ppts) globally, and to 26.0% (-2.4 ppts) in the U.S."
6f344abcf7f12d85,other,"2019,2020",0.011,Intersectional workforce representation,Representation of Native American+ men remained at 0.5% (flat).
8c475c8d7315f2da,other,"2019,2020",0.010,What would it take (for tech to reflect its consumer base)?,This means examining whether a cross-industry approach can help.
0b87423bf40eaf13,other,"2004,2005,2006,2007",0.009,,"Appreciation is the best motivation , so we've created a fun and inspiring workspace you'll be glad to be a part of, including on-site doctor and dentist; massage and yoga; professional development opportunities; on-site day care; shoreline running trails; and plenty of snacks to get you through the day. 4."
2f2d07f14d21db12,other,2012,0.009,Ten things we know to be true,Our users trust our objectivity and no short-term gain could ever justify breaching that trust.
fff0ff07dae8fa9d,other,"2018,2019",0.009,2018 overall representation,"This is lower than increases for Asian+ men who make up 25.7% of Google, up from 21.4% in 2014 (+4.3 ppts)."
45302a2af69a4814,other,"2019,2020",0.009,Community inclusion,Feedback indicates these initiatives positively impacted progression and retention for women in leadership.
df22179d0c5ed333,other,"2019,2020",0.009,Google diversity annual report 2019,"That’s why we are building on last year’s enhanced strategy, with clear lines of accountability for Google’s leaders."
fbea83ae08e83c55,other,"2019,2020",0.009,A quick note about our methodology,"To see all the data in this report displayed using last year’s methodology, click here ."
5c3cd7616b8d6e8b,other,"2020,2021,2022",0.009,"Our approach to diversity, equity, and inclusion","Google works hard to attract the best talent and once they are here, we want them to stay."
7ca79ef66c963330,other,"2018,2019",0.008,Attrition Index,"We’re sharing a weighted attrition index 5 for the first time, where the overall attrition rate is 100, and weighted attrition for each demographic group is scaled up or down accordingly."
d7cf5ec4d0d6869b,other,"2021,2022",0.008,Why is belonging important at Google?,"And it’s not just people who look like you, right?"
f95af0bbbd34432d,other,2003,0.007,,Great culture and amazing perks such as massage therapy and all the snacks you can eat. 4.
909ca75877246928,other,"2005,2006,2007",0.007,,"What you will find are fun, friendly colleagues, an incredibly supportive environment that values life as much it does work, and the opportunity to test the limits of your intellectual abilities."
588c37504d59e61b,other,2012,0.007,Ten things we know to be true,There is an emphasis on team achievements and pride in individual accomplishments that contribute to our overall success.
add90ad3505cbb98,other,"2019,2020",0.007,A quick note about our methodology,"We have started to collect data on non-binary employees, which is included in the new demographic data section."
ab49f62beb9fd400,other,2008,0.006,Life at Google,"True, we share attributes with the world’s most successful organizations – a focus on innovation and smart business practices comes to mind – but even as we continue to grow, we’re committed to retaining a small-company feel."
b8cbdcfc6ca26326,other,2012,0.006,Why work at Google?,"True, we share attributes with the world’s most successful organizations – a focus on innovation and smart business practices comes to mind – but even as we continue to grow, we’re committed to retaining a small-company feel."
168f49956869cd5c,other,"2019,2020",0.006,Non-tech hires,The proportion of Latinx+ hires decreased slightly to 10.2% (-0.2 ppt).
bd513ccc5ae7cc53,other,"2018,2019",0.005,"2017 attrition index by race/ethnicity, U.S.","* Native American includes Native Americans, Alaska Natives, Native Hawaiian and Other Pacific Islanders as categorized by government reporting standards Attrition rates in 2017 were highest for Black Googlers followed by Latinx Googlers, and lowest for Asian Googlers."
7d57fdff6addda16,other,"2018,2019",0.005,From unconscious bias to conscious action,"This looks for pay differences based on gender (for which we have information worldwide) and, in the U.S., by race/ethnicity."
11503d3003abb57f,other,"2018,2019",0.004,2018 overall representation,Our gains in women’s representation have largely been driven by White+ and Asian+ women.
f6202be82d5abfb0,other,"2019,2020",0.004,Intersectional workforce representation,Representation of Asian+ men increased to 26.4% (+0.7 ppt).
c06c308196869d84,other,"2013,2014,2015,2016",0.003,Life at Google,This way to student jobs and internships.
510db7fe65d22c83,other,"2018,2019",0.003,From unconscious bias to conscious action,"New parents, regardless of gender, receive up to 12 weeks fully paid leave to bond with their child (birth mothers receive an additional 10-12 weeks of pregnancy recovery time 7 )."
6f7468c0d2d52802,other,"2019,2020",0.003,Business & product inclusion,We also work with external partners to improve our products for everyone.
3fe70ecd778b18d7,other,"2019,2020",0.003,Leadership hires,"Asian+ men leadership hires increased to 25.5% (+7.8 ppts), while the proportion of leadership hires among men of all other racial groups decreased."
9ecad75119ebacdc,other,"2019,2020",0.003,2. Data powers progress,In 2019 we’ve expanded the data and will share it with our entire leadership team.
2f22f89fb8feb970,other,2022,0.003,Helping everyone identify and support Black- and Latino-owned businesses,"In 2020, 17 million American businesses added features like these to their Business Profiles to better connect with their customers."
e920739933d75f40,other,2012,0.001,Ten things we know to be true,You can be serious without a suit.
0a15843e7398e554,other,2012,0.000,Ten things we know to be true,From time to time we revisit this list to see if it still holds true.
4098faf692c9210e,other,2003,-0.001,,"Spacious, colorful, fun work environment. 9."
4248e3e9212a641a,other,2008,-0.001,See what you're missing,"Our most valuable resource is our people: energetic, innovative thinkers who care equally about doing great work and developing a culture that's great for all our employees."
b69e467ffe82bca4,other,"2004,2005,2006,2007",-0.002,,"We love our employees, and we want them to know it."
34ec7ad8bfb417bb,other,2008,-0.002,Top 10 Reasons to Work at Google,"We love our employees, and we want them to know it."
8d6e1e2986149a87,other,"2022,2023,2024,2025",-0.002,Helping the military-affiliated community build meaningful careers,"Due to the nature of the mobile military lifestyle, service members and their families face particular challenges in obtaining economic mobility."
6758c49c69d2413a,other,"2021,2022",-0.003,Why is belonging important at Google?,It’s also many people would not have had the experience you have.
781baa882a74295e,other,"2019,2020",-0.004,Google diversity annual report 2019,We've also heard from our employees—loud and clear—that this work is more important than ever.
d2ba6356888bb2de,other,"2019,2020",-0.004,Attrition index,Attrition rates for Latinx+ employees improved but remained above average.
18a161d5db07e7b8,other,"2012,2014",-0.007,The people behind Google,Building great products depends on great people.
f38899cad65504e0,other,"2014,2015,2016",-0.008,Creating an office for work and play,"Like most of our decisions, data shows that these spaces have a positive impact on productivity, collaboration and inspiration."
93ef93f0120c1b81,other,"2023,2025",-0.008,Ensuring equity in benefits and healthcare for LGBTQ+ Googlers,"We continue to roll out coverage in additional countries; and where local coverage is not available, we provide access to a global plan that includes reimbursement for care and navigation of healthcare services."
24725b39bac058bc,other,"2018,2019",-0.010,2018 overall representation,"For example, Asian+ includes individuals that identify as Asian only and those that identify as Asian and White (or another race/ethnicity)."
217638c41527fa12,other,"2021,2022",-0.010,What are some of the responsibilities Google has?,"And it’s a marathon — it takes a while to get there — but the level of commitment that I see across management, across the business, to make it work is very, very impressive."
52d97ba1605398b6,other,"2022,2023,2024,2025",-0.011,How we’re building belonging for the military-affiliated community at Google,"Google also offers paid leave benefits of up to five days to military spouses and domestic partners experiencing changes of location due to military orders, or if they are preparing for deployment or activation."
740f7fdbf334cb80,other,"2021,2022",-0.012,What has Google learned?,We have to be thorough in the way we revise our projects.
d548df1c2cccab24,other,"2021,2022",-0.013,From awareness to action,"Diversity team expands globally with hiring of leadership in Europe, Middle East, and Africa (EMEA) and Asia-Pacific (APAC)."
e8e10baa146ab403,other,"2019,2020",-0.014,Leadership hires,"While overall representation of women in leadership increased ( see workforce representation section below ), the proportion of women leadership hires decreased."
77e3eb60c8a57e52,other,"2019,2020",-0.015,What would it take (for tech to reflect its consumer base)?,"That’s what often happens, but it doesn’t grow the pool of underrepresented talent."
bf651a13a4f45540,other,"2005,2006,2007",-0.016,,What's it like to work in...
27e066916295cfae,other,"2007,2008",-0.016,Let's work together.,"If the answer is yes, then you've come to the right place."
27e2aae108ac6298,other,"2014,2015",-0.016,Google Instant goes global: Laura delivers our fastest search to the world,Laura Holmes earned her stripes in ...
c37e2690a4f17c76,other,"2021,2022",-0.017,What has Google learned?,"All of that becomes incredibly salient for you, and you have to develop mechanisms to actually act on it to make sure that you deliver against the vision that you have for your own daughter."
9a9ab231dc19cd72,other,"2022,2023,2024,2025",-0.017,How we’re building belonging for the military-affiliated community at Google,"After that, Google will pay the difference in pay so the Reserve or Guard member continues to receive close to 100% of their Google salary for up to five years of service."
86eb5039cd3b9355,other,"2018,2019",-0.018,From unconscious bias to conscious action,We recently shared our annual 2017 pay equity analyses publicly.
904ed6e11b3f5440,other,"2019,2020",-0.018,1. Systemic change is sustainable change,"Even incremental progress in hiring, progression, and retention is hard-won."
e1aff67b02f2b445,other,"2019,2020",-0.019,A quick note about our methodology,"As a result, some numbers have changed even though the story they tell has stayed the same."
8dcf36fbff906645,other,"2019,2020",-0.021,Attrition index by race / ethnicity,The lower-than-average attrition rate for women held across all racial groups except for Native American+ employees.
337898cdd4709599,other,"2019,2020",-0.022,Attrition index,"The average overall Google attrition rate is represented by 100, and weighted attrition rates for each demographic group are scaled up or down accordingly."
da5ae161c2f3bf9f,other,"2019,2020",-0.023,Hires,"Hiring is a critical indicator of future trends, so we’re encouraged by this momentum and will continue to invest in this area."
869fdc022f7ca848,other,"2005,2006,2007",-0.025,,Google is not responsible for any fees related to unsolicited resumes.
8e6ea82d7d7eb43f,other,"2019,2020",-0.033,Business & product inclusion,The goal is better user experience and accelerated business growth.
0a7748a6003d409e,other,"2021,2022",-0.036,How do you feel about the future of this work?,But they are prepared to make the right investment and certainly understanding that this is a learning process that will make Google a better organization in the future.
a304a2eb84117ce3,other,2012,-0.042,Ten things we know to be true,"It’s best to do one thing really, really well."
4354f69e5f248fee,other,"2019,2020",-0.055,Community inclusion,"They have valuable skills, but it can be challenging to translate those skills into civilian terms when looking for jobs."
b68f2f79a662fb7f,other,"2019,2020",-0.058,2. Data powers progress,"In order to provide greater insight into hiring, progression, and retention trends within teams, we share departmental representation data with our most senior leaders."
80404df39d57b50e,other,2019,-0.059,Our accelerated approach to diversity and inclusion,Our employees thrive when we get this right.
c68abdf09671c259,other,2020,-0.059,"Making progress on diversity, equity, and inclusion",Our employees thrive when we get this right.
32d407f7a1cffd38,other,"2018,2019",-0.062,From unconscious bias to conscious action,"In addition, all new parents benefit from a 2-week gradual return policy (ramping back to work part-time at full-time salary)."
1f0760b2a32a5a21,other,"2022,2023,2024,2025",-0.069,How we’re building belonging for the military-affiliated community at Google,Google pays 100% of an employee’s salary for the first 30 calendar days of their duty.
f7be10f8a533c07d,other,"2018,2019",-0.072,2018 overall representation,"Because of this, categories will sometimes add up to more than 100%."
38d4902c87b6527f,other,"2019,2020",-0.081,Community inclusion,These attributes appear on a business’ Google listing on Maps and Search.
a3c29143cfb4fd13,other,"2021,2022",-0.086,What are some of the responsibilities Google has?,"It has to really be deliberate, and you have to work on it."
12fd187807647dc2,other,2018,-0.095,Attrition Index,Attrition rates indicate how many employees leave a company annually.
fc0ef27e95c73498,other,"2019,2020",-0.095,Attrition index,Attrition rates indicate how many employees leave a company annually.
8e8cdce2d10be129,other,1999,-0.097,Reasons to work at Google!,This means we base employment decisions exclusively on our current business needs and the given merit of a candidate.
b7bf47fdd34e55c3,other,2000,-0.097,Join Our Team!,This means we base employment decisions exclusively on our current business needs and the given merit of a candidate.
5d8e3fb5d1183873,other,2008,-0.141,Life at Google,"We provide individually-tailored compensation packages that can be comprised of competitive salary, bonus, and equity components, along with the opportunity to earn further financial bonuses and rewards."
bc85bdbddc4388be,other,2012,-0.141,Why work at Google?,"We provide individually-tailored compensation packages that can be comprised of competitive salary, bonus, and equity components, along with the opportunity to earn further financial bonuses and rewards."
cfcce94771fc6df1,product_hype,2025,0.204,Android & Pixel for everyone,"We're committed to creating tools that make it easier for everyone to accomplish important everyday tasks - like having conversations, getting work done, and enjoying entertainment."
32202bec0867bd1a,product_hype,"2019,2020",0.192,Business & product inclusion,"For example, Project Respect helps create more inclusive artificial intelligence (AI) algorithms, in line with our AI Principles ."
b6474a8d1b639a2e,product_hype,2025,0.191,Accessibility with AI,"Here are some of the ways we’re doing it: In 2022, we announced the 1,000 Languages Initiative , an ambitious commitment to build an AI model that will support the 1,000 most spoken languages and bring greater inclusion to billions of people in marginalized communities all around the world."
31d32a11f190779d,product_hype,2025,0.191,We’re building technology that helps each person reach their full potential.,Working with the disability community to build more helpful phones for all
90c3d43de587ad3f,product_hype,2025,0.190,Accessibility with AI,"That’s why we’re using AI to make the internet and digital tools more accessible and useful for speakers of all languages, all around the world."
dc0bfcfa2dcdc647,product_hype,2025,0.179,Partnering to create more inclusive camera and imaging technology,"Our teams are on a mission to build products that work equitably for everyone, so that people from all racial and ethnic groups can enjoy beautiful, representative, and accurate photos and images."
38e2580a70ce2a78,product_hype,"2022,2023,2024,2025",0.178,Supporting the mental well-being of service members and Veterans through technology and resources,"Our Recover Together site is designed to help anyone find nearby recovery groups, information about recovery-related initiatives, and personal stories of addiction, recovery, and community to help break the stigma and end the silence."
d0a56e3266482504,product_hype,2025,0.170,Accessibility with AI,"We’ve built a language model for Bambara, one of West Africa's most widely spoken languages, to make the world’s information more accessible to its speakers."
4447f88941928c33,product_hype,2021,0.163,Why is belonging important at Google?,"And we are far from being perfect, but we are making a journey in terms of trying to make our products as available and accessible as to as many people as possible, to make sure that the internet could work for everyone irrespective of location, language you speak, or digital proficiency."
5038ee35abcd00f6,product_hype,"2019,2020",0.159,Business & product inclusion,We also offer online crowdsourcing platforms to encourage anyone anywhere to help improve the inclusivity of Google’s products.
9ae2b104b3afd2bb,product_hype,"2022,2023",0.159,"In a world where everyone belongs, anything is possible.","EVE ANDERSSON: By making our products more accessible, we’re enabling people to learn more, to accomplish more in their lives."
8e489bcf72503bcb,product_hype,2012,0.158,What we do for the web,We build products that we hope will make the web better—and therefore your experience on the web better.
8eaa6c9309d54009,product_hype,2025,0.153,Partnering to create more inclusive camera and imaging technology,"Together, we significantly increased the number of portraits of people of color in the image datasets that train our camera models."
460154f17482681f,product_hype,"2019,2020",0.149,Business & product inclusion,"From Google’s Pixel Camera , to embracing equity in Google’s global support services , we are making sustained efforts to drive inclusion by design."
a5d3d554f7a75099,product_hype,2012,0.148,Broadcast yourself,"Cat videos, citizen journalism, political candidacy and double rainbows have never been the same."
562bd2e3a0667253,product_hype,"2018,2019",0.148,Inclusion inside and out,"When our products are built using a diversity of data, we help bring the benefits of AI to all , so that our products work for everyone."
58d2e00cf184d32a,product_hype,2025,0.144,Skin tone representation,"In 2022, we took steps to address this problem by openly releasing the Monk Skin Tone (MST) Scale , an alternative 10-shade scale developed by professor and sociologist Dr."
623fac18ac9ffd49,product_hype,"2018,2019",0.143,Fostering inclusion for all,"DA also promotes Google’s wider work on disability, such as offering scholarships to disabled students, and ensuring Google serves the needs of an estimated 20% of the world’s population who are disabled."
6d02981cab949a81,product_hype,2025,0.141,AI in Mammography,"AI can help doctors and patients detect diseases earlier, so it has the potential to improve screening for breast cancer – the most common cancer in women worldwide."
d61389952c332ba8,product_hype,2025,0.139,Transforming how people connect with Pixel and Android accessibility features,We’re committed to making sure people with disabilities can use Android and Pixel phones as easily and effectively as possible.
b020f6e003a98114,product_hype,2025,0.139,Partnering to create more inclusive camera and imaging technology,"To make Pixel a more inclusive and equitable camera , we partnered with a diverse range of renowned image makers who are celebrated for their depictions of communities of color."
66dc6762418d1616,product_hype,"2019,2020",0.137,Business & product inclusion,These examples show how our teams build with everyone for everyone.
f60598ddd1c61c2c,product_hype,"2022,2023,2024,2025",0.137,We were named 2021 Marketplace Innovator of the Year for Products by Disability:IN.,"Accessibility is at the core of our product mission at Google, and we have pushed this commitment even further in recent years."
86c188155dc3d8a9,product_hype,2025,0.135,Preventing online hate and toxicity with help from AI,"These free, open-source tools help platforms and individuals reduce toxicity and abusive behavior, enabling healthy conversations."
7e33ea78f57f4c40,product_hype,2021,0.132,Why is belonging important at Google?,And when we think about the words universally accessible — this is the ultimate definition of inclusivity.
50fc3483e1cb0878,product_hype,"2022,2023,2025",0.132,Building for accessibility,"We’re sharing resources to help creative technologists, including software engineers and UX designers, build truly accessible websites and apps."
ea9e54039956c8b1,product_hype,"2022,2023,2024,2025",0.131,How we’re building online safety for people marginalized because of their gender,"This program, embraced at Google offices around the world , includes training on how to push back against online violence and hackathons to develop scalable solutions."
f164ed7a6a66ced0,product_hype,"2022,2023",0.126,"In a world where everyone belongs, anything is possible.","MAMBU BAYOH: How do we make sure that when someone takes a photo of them, they see themselves?"
e1807f5e3e68f2b9,product_hype,2019,0.125,Our accelerated approach to diversity and inclusion,"We endeavor to build products that work for everyone by including perspectives from backgrounds that vary by race, ethnicity, social background, religion, gender, age, disability, sexual orientation, veteran status, and national origin."
7de60ba97743f515,product_hype,2020,0.125,"Making progress on diversity, equity, and inclusion","We endeavor to build products that work for everyone by including perspectives from backgrounds that vary by race, ethnicity, social background, religion, gender, age, disability, sexual orientation, veteran status, and national origin."
9b337be380ccab71,product_hype,"2019,2020",0.121,Business & product inclusion,"And at Accelerate with Google we “open source” best practices, guidance, and research on inclusive design."
03f502a4311c2566,product_hype,"2022,2023,2024,2025",0.118,Boosting support for spaces of belonging through Google tools and technology,"We’ve added LGBTQ+ points of interest on Google Maps, to help everyone honor important cultural landmarks and murals like the Black Trans Lives Matter Mural in San Francisco or the Gay Liberation Monument in New York."
845a108c4bcf4b72,product_hype,"2019,2020",0.114,Community inclusion,"This has now evolved to become Live Transcribe, a product which makes life easier for people living with hearing loss."
a3f48fcdee719dbf,product_hype,2025,0.113,Android & Pixel for everyone,Learn more about accessibility and disability inclusion across our Android and Pixel products here .
6f28338016c8e5e1,product_hype,"2019,2020",0.111,Community inclusion,"Below are several examples of how community inclusion improves outcomes for Google and employees: Accessibility Week Accessibility is a core value at Google, and is embedded in our mission."
20d82a6bd6515cb8,product_hype,2025,0.111,Skin tone representation,The MST Scale is also helping us create more representative search experiences for everyone.
3dabe4ab6a73a580,product_hype,"2019,2020",0.109,Community inclusion,Accessibility Week inspires employees to participate in engineering projects to improve accessibility of our products.
08cbe82085e9cd27,product_hype,2025,0.105,Partnering to create more inclusive camera and imaging technology,Our virtual try-on tool in Google Search also reflects our commitment to making imaging technology more inclusive.
01eb020763f027e1,product_hype,2025,0.104,Supporting community businesses,We’re building tools that make it easier to support businesses that represent and support a range of different communities.
1d4b49ca9952c641,product_hype,2025,0.100,Skin tone representation,"Moving forward, the MST Scale will continue to help us build products and features that reflect and serve everyone."
075737ff4a3b512e,product_hype,"2019,2020",0.093,Product area highlights,"Hiroshi explains, “our products have to meet billions of different needs, and we can’t succeed without inclusive products designed for all users, no matter who they are or where they come from."
64f97f362002b360,product_hype,2025,0.088,Partnering to create more inclusive camera and imaging technology,"To train the generative AI model that powers this feature, we used images of a range of people representing different skin tones, body shapes, ethnicities, and hair types."
e3a2a9f86da50c79,product_hype,"2019,2020",0.084,Business & product inclusion,Bringing an inclusive lens to the design process for all our products is what it means to be user-centric.
348b1b8d9e5d58f9,product_hype,"2019,2020",0.083,Product area highlights,Having a systemic approach to Product Inclusion helps Google build better products for more people.
47d28429f5d01759,product_hype,2025,0.073,Accessibility with AI,Improving skin tone representation across Google products
4877ee6fcc103f89,product_hype,"2019,2020",0.069,Product area highlights,"For example, the guidelines encourage diverse training data for ML (machine learning), and conducting user research across a diverse set of races, ethnicities, abilities, ages, genders, geographical locations and other dimensions of diversity."
1cac55e6723ed039,product_hype,"2019,2020",0.062,Product area highlights,"Inclusive design should be a guiding principle because, apart from anything else, it results in better products."
29119a273b03efb4,product_hype,2025,0.061,Skin tone representation,"For example, when people search the web for images, they now see an option to further refine their results by skin tone – making it easier for every individual to find what’s useful and relevant to them."
4c9f1ece29321560,product_hype,"2019,2020",0.057,Business & product inclusion,They collect user feedback on products from communities to help inform how we design our products with inclusion in mind.
42db3c5c5b7bc8c3,product_hype,2022,0.053,Helping everyone identify and support Black- and Latino-owned businesses,"Black-owned and Latino-owned business attributes on Google Maps As part of our commitment to economic equity for Black and Latino communities, we’re building tools that make it easier to support Black- and Latino-owned businesses."
e22c43b525fff3c4,product_hype,2012,0.051,Ten things we know to be true,"Even if you don’t know exactly what you’re looking for, finding an answer on the web is our problem, not yours."
1b94fb9496fe1a82,product_hype,2025,0.051,Supporting community businesses,"So people can see if businesses are veteran-owned , women-owned , disabled-owned , LGBTQ+ owned , Asian-owned , Black-owned , Latino-owned , Indigenous-owned , wheelchair-accessible , and LGBTQ-friendly ."
d15a0a44a9b52946,product_hype,2012,0.049,Ten things we know to be true,We may be the only people in the world who can say our goal is to have people leave our website as quickly as possible.
2bfd2c12183bc10d,product_hype,"2019,2020",0.049,Product area highlights,"Before launch, the product team worked with Employee Resource Groups to avoid stereotypes, historical biases, offensive language, and hate speech."
e77154ec3472b73d,product_hype,"2019,2020",0.047,Product area highlights,Hiroshi’s team has started to build Product Inclusion guidelines into their design process.
f79d15d44a33c380,product_hype,"2019,2020",0.046,Employee Resource Groups,Members teamed up with Grow with Google to launch the Job Search for Veterans feature.
51e18027394f4e00,product_hype,"2019,2020",0.044,Product area highlights,"The guidelines prompt product managers, researchers, and UX designers to question whether their products are inclusive of diverse users."
e28b62647bae13aa,product_hype,2025,0.040,Android & Pixel for everyone,"Reading mode on Android, a more accessible reading experience designed for and with people with low vision, blindness, and dyslexia."
a16769f138e77368,product_hype,"2022,2023,2024,2025",0.037,"Helping everyone identify and support Asian-, Black-, and Latino-owned businesses","Asian-owned, Black-owned, and Latino-owned business attributes on Google Maps As part of our commitment to economic equity for diverse communities, we’re building tools that make it easier to support Asian-, Black-, and Latino-owned businesses."
d8c4f3e1b8865fdc,product_hype,"2019,2020",0.034,Employee Resource Groups,The five sub-groups represent different beliefs and have advised the Google Search team on religion-related product concepts such as a feature to help Muslim users find prayer times using Search.
73170a5f9569126e,product_hype,"2019,2020",0.034,Product area highlights,"Emma Coats, Assistant Personality’s lead writer, says, “It’s super valuable when you have enough people with enough viewpoints to help us write for the diversity of audience that the Assistant actually reaches."
e0570e08a0ed41d4,product_hype,2022,0.027,Helping everyone identify and support Black- and Latino-owned businesses,"Business owners in the U.S. can add a Black-owned or Latino-owned attribute to their Business Profile, which customers can see on their listings on Google Search and Google Maps."
158e96177e44448e,product_hype,2025,0.027,AI in Mammography,Helping veterans find jobs that align with their military experience
76e822b317b5f735,product_hype,"2019,2020",0.025,Conclusion,"Only then will we reflect our consumer base, and truly elevate our ability to build products for everyone."
049a1e521a41b441,product_hype,"2022,2023,2024,2025",0.020,Helping the military-affiliated community build meaningful careers,"We also added two mini-courses to the Primer app specifically for military spouses and partners with tips on transitioning to remote work, working from home, and starting and growing an online business."
8f7389d9f0cb9817,product_hype,"2019,2020",0.018,Community inclusion,"In addition, service members can now enter their military occupational specialty code (MOS, AFSC, NEC) directly into Google Search and see relevant civilian jobs."
c05cdf3148eae1c5,product_hype,"2019,2020",0.017,Community inclusion,"Through Google My Business, business owners can mark their businesses as “LGBTQ-friendly” and as a “Transgender Safe Space” on their Google Maps listing to let customers know they’re always welcome."
60bb344d277246ab,product_hype,"2019,2020",0.010,Community inclusion,LGBTQ-friendly businesses Google Maps and Search help small businesses connect with their local communities.
fb0f93cc1792840d,product_hype,"2022,2023,2024,2025",0.007,Boosting support for spaces of belonging through Google tools and technology,"Businesses can identify themselves as spaces of belonging by using the business attributes, LGBTQ-friendly , Trangender safespace , and gender-neutral restrooms ."
f8ab9aff75a7d32a,product_hype,"2022,2023,2024,2025",0.007,"Helping everyone identify and support Asian-, Black-, and Latino-owned businesses","Business owners in the U.S. can add an Asian-owned , Black-owned or Latino-owned attribute to their Business Profile, which customers can see on their listings on Google Search and Google Maps."
fd9225d9d8de1e5b,product_hype,2025,0.006,Helping Veterans,"United States service members can now enter their military occupation code (MOS, AFSC, NEC, etc.) when they search “jobs for Veterans” and find relevant jobs that align with their military experience — making the civilian career shift easier."
5d61f057ef0c44d8,product_hype,"2022,2023,2024,2025",0.001,Boosting support for spaces of belonging through Google tools and technology,"These attributes help people find and support these businesses, which are so vital to LGBTQ+ communities."
a9f6dc8ec8f84c3b,product_hype,2012,-0.011,Ten things we know to be true,We believe that advertising can be effective without being flashy.
896ba7df3ff9135f,product_hype,2012,-0.015,Ten things we know to be true,"And we firmly believe that ads can provide useful information if, and only if, they are relevant to what you wish to find–so it’s possible that certain searches won’t lead to any ads at all."
c67f0d13d78888e0,product_hype,2012,-0.015,What we do for businesses,We provide a variety of tools to help businesses of all kinds succeed on and off the web.
bd3ee82b58a18c6b,product_hype,"2019,2020",-0.025,Business & product inclusion,Business and product inclusion is the intentional practice of designing products and services for a diverse range of consumers and communities by better understanding their unique needs.
13ffaf055127c4fd,product_hype,2012,-0.038,Ten things we know to be true,We never manipulate rankings to put our partners higher in our search results and no one can buy better PageRank.
44a80d4e83d31aa2,product_hype,2012,-0.047,Ten things we know to be true,"We know your time is valuable, so when you’re seeking an answer on the web you want it right away–and we aim to please."
f83f902e0aaa08f6,product_hype,2012,-0.049,Ten things we know to be true,"We don’t accept pop–up advertising, which interferes with your ability to see the content you’ve requested."
f1058190d5739f55,product_hype,2012,-0.051,Ten things we know to be true,"To ensure that we’re ultimately serving all our users (whether they are advertisers or not), we have a set of guiding principles for our advertising programs and practices: We don’t allow ads to be displayed on our results pages unless they are relevant where they are shown."
e5d82923c80e7123,product_hype,2012,-0.057,What we do for you,"It means showing you when your friends like an ad or a search result, so that you know it might be valuable."
40f4b092cd32b3b5,product_hype,2012,-0.067,Ten things we know to be true,"Advertising on Google is always clearly identified as a “Sponsored Link,” so it does not compromise the integrity of our search results."
87b33c5923af4a2d,product_hype,2012,-0.088,Ten things we know to be true,We’ve found that text ads that are relevant to the person reading them draw much higher clickthrough rates than ads appearing randomly.
3cf35d16c2d3d732,world_changing,"2014,2015,2016",0.343,Global Impact Awards: Giving back at Google scale,"At Google, we believe in making the world a better place through technology."
21f9e4cdc3dcd800,world_changing,"2023,2024",0.326,Find your team,Make people's lives better through technology.
2fad228b4a196337,world_changing,2025,0.266,Accelerating the impact of nonprofits,"We’re applying Google’s innovation, research, and resources to promote progress and expand opportunity for everyone."
33a72e45da75acae,world_changing,"2019,2020",0.261,Conclusion,We believe in universal access to technology for all communities.
9b64e8008b92e66b,world_changing,"2004,2005,2006,2007",0.256,,"Uniting the world, one user at a time."
f35bd66735f01595,world_changing,"2005,2006,2007",0.251,,Can one conversation change the world?
059455fd413bb17d,world_changing,2008,0.228,Top 10 Reasons to Work at Google,"As such we think, act, and work globally - just our little contribution to making the world a better place."
09505fbd5e5ea43f,world_changing,"2004,2005,2006,2007",0.226,,"As such we think, act, and work globally—just our little contribution to making the world a better place. 9."
b1aa0d6a8b5676c5,world_changing,"2024,2025",0.226,Explore more of our belonging work,We’re working to develop artificial intelligence responsibly.
a2954069d4c87569,world_changing,2025,0.200,Preventing online hate and toxicity with help from AI,"When used and developed responsibly , artificial intelligence has the power to help protect vulnerable people – including members of LGBTQ+ communities around the world – from online hate."
43aeccd6354807fd,world_changing,"2022,2023,2024,2025",0.199,How we’re building online safety for people marginalized because of their gender,"As part of its mission to address threats to open societies, Jigsaw (a team within Google) is working toward globally scalable solutions to the issue of online toxicity ."
3d7eefb53601a344,world_changing,"2018,2019",0.193,Conclusion,"We are determined we will have the impact the world expects of us, and that we expect of ourselves."
38a434cb4664b792,world_changing,"2005,2006,2007",0.184,,It can also produce ideas that transform how people live their lives.
a829a1787dc1aff5,world_changing,2012,0.181,Ten things we know to be true,"Those are the kinds of changes we seek to make, and we’re always looking for new places where we can make a difference."
d562e44704157189,world_changing,2008,0.138,Top 10 Reasons to Work at Google,"With millions of visitors every month, Google has become an essential part of everyday life - like a good friend - connecting people with the information they need to live great lives."
668a047035154487,world_changing,"2005,2006,2007",0.132,,"With millions of visitors every month, Google has become an essential part of everyday life—like a good friend—connecting people with the information they need to live great lives. 2."
8d2d8b809785d3dc,world_changing,2012,0.132,Ten things we know to be true,"In addition, we’re hoping to fuel greater innovation for mobile users everywhere with Android, a free, open source mobile platform."
4ac5049546813b1b,world_changing,2012,0.111,What we do for you,"Above all, it means making our products work better so that people can spend time on the stuff they’re good at—like enjoying time with family, camping in the wilderness, painting a picture or throwing a party."
6db87046a34254ef,world_changing,2000,0.108,Join Our Team!,Millions use Google - your ideas will make a difference.
385df463825947d5,world_changing,2003,0.108,,Millions use Google - your ideas will make a difference.
391d5abfb83a0ada,world_changing,2000,0.106,,Your ideas can make a difference.
b6ab03fadf9ca244,world_changing,1999,0.092,Reasons to work at Google!,"Your ideas can make a difference Millions of people will use and appreciate your software Google seeks to hire only the best, and conducts business following the spirit and the intent of the equal opportunity laws."
6e3ac6adf84f566d,world_changing,2012,0.061,Ten things we know to be true,You can make money without doing evil.
